antecedents,consequents,antecedent support,consequent support,support,confidence,lift,representativity,leverage,conviction,zhangs_metric,jaccard,certainty,kulczynski,antecedent_len,consequent_len,rule_len
frozenset({'15704307'}),frozenset({'17131869'}),0.09107685998427942,0.05488534226444756,0.0422747001127781,0.4641651031894934,8.456995693915172,1.0,0.03727591548016976,1.7638169207739824,0.9701091988352806,0.4077125906394199,0.43304773402378466,0.6172008579459297,1,1,2
frozenset({'17131869'}),frozenset({'15704307'}),0.05488534226444756,0.09107685998427942,0.0422747001127781,0.7702366127023661,8.456995693915172,1.0,0.03727591548016976,3.955909384458664,0.9329605587497061,0.4077125906394199,0.7472136232622926,0.6172008579459297,1,1,2
frozenset({'15704307'}),frozenset({'18659623'}),0.09107685998427942,0.044154335121834525,0.010286729776836062,0.11294559099437149,2.557972862295901,1.0,0.006265291579245788,1.077550210194717,0.6700956454871189,0.0823304157549234,0.07196899918074667,0.17295886360864085,1,1,2
frozenset({'18659623'}),frozenset({'15704307'}),0.044154335121834525,0.09107685998427942,0.010286729776836062,0.23297213622291021,2.557972862295901,1.0,0.006265291579245788,1.184993639657226,0.6372006073644183,0.0823304157549234,0.15611361400280402,0.17295886360864085,1,1,2
frozenset({'19358975'}),frozenset({'15704307'}),0.04302655411640067,0.09107685998427942,0.030791838966542497,0.715647339158062,7.857619809044673,1.0,0.026873115521677052,3.1964643387703697,0.9119741011047173,0.2980482963943103,0.6871543386638612,0.5268668215490122,1,1,2
frozenset({'15704307'}),frozenset({'19358975'}),0.09107685998427942,0.04302655411640067,0.030791838966542497,0.3380863039399625,7.857619809044672,1.0,0.026873115521677052,1.445767705940925,0.9601856963127648,0.2980482963943103,0.30832595313146355,0.5268668215490122,1,1,2
frozenset({'19358975'}),frozenset({'17131869'}),0.04302655411640067,0.05488534226444756,0.030620963056628276,0.7116759332803813,12.96659370094473,1.0,0.02825943590748985,3.277959653137908,0.964372363071005,0.45505332656170644,0.6949321816567433,0.6347918894297299,1,1,2
frozenset({'17131869'}),frozenset({'19358975'}),0.05488534226444756,0.04302655411640067,0.030620963056628276,0.5579078455790785,12.966593700944731,1.0,0.02825943590748985,2.164646977590226,0.9764727865020534,0.45505332656170644,0.5380309074169494,0.6347918894297299,1,1,2
"frozenset({'19358975', '15704307'})",frozenset({'17131869'}),0.030791838966542497,0.05488534226444756,0.025665561669115888,0.8335183129855716,15.18653758173774,1.0,0.023975541048485448,5.676988710798217,0.9638303136955144,0.42767653758542146,0.8238502750414323,0.6505698663308929,2,1,3
"frozenset({'19358975', '17131869'})",frozenset({'15704307'}),0.030620963056628276,0.09107685998427942,0.025665561669115888,0.8381696428571429,9.202882521441973,1.0,0.022876700504223562,5.6165181617523166,0.91949419106976,0.2672597864768683,0.821953749422577,0.5599853842803538,2,1,3
"frozenset({'15704307', '17131869'})",frozenset({'19358975'}),0.0422747001127781,0.04302655411640067,0.025665561669115888,0.6071139854486661,14.110216305173488,1.0,0.02384662699695883,2.435753400325128,0.9701418187112207,0.4303724928366763,0.5894494081927513,0.6018095741381535,2,1,3
frozenset({'19358975'}),"frozenset({'15704307', '17131869'})",0.04302655411640067,0.0422747001127781,0.025665561669115888,0.596505162827641,14.110216305173488,1.0,0.02384662699695883,2.373575103460654,0.9709040185545049,0.4303724928366763,0.5786946035362405,0.6018095741381535,1,2,3
frozenset({'15704307'}),"frozenset({'19358975', '17131869'})",0.09107685998427942,0.030620963056628276,0.025665561669115888,0.2818011257035647,9.202882521441971,1.0,0.022876700504223562,1.3497362243751752,0.9806532083656843,0.2672597864768683,0.25911449812134696,0.5599853842803538,1,2,3
frozenset({'17131869'}),"frozenset({'19358975', '15704307'})",0.05488534226444756,0.030791838966542497,0.025665561669115888,0.4676214196762142,15.186537581737738,1.0,0.023975541048485448,1.8205243352277576,0.9884009291775372,0.42767653758542146,0.4507076996172674,0.6505698663308929,1,2,3
frozenset({'15704307'}),frozenset({'22554204'}),0.09107685998427942,0.039028057824407915,0.012268890331841018,0.13470919324577862,3.4515986896363646,1.0,0.008714337373909057,1.1105768542488956,0.7814513125520792,0.10411832946635732,0.09956704376274862,0.22453498191185606,1,1,2
frozenset({'22554204'}),frozenset({'15704307'}),0.039028057824407915,0.09107685998427942,0.012268890331841018,0.3143607705779335,3.4515986896363646,1.0,0.008714337373909057,1.325658015195342,0.7391258262610725,0.10411832946635732,0.24565763678300917,0.22453498191185606,1,1,2
frozenset({'19351043'}),frozenset({'22554204'}),0.051501999248145997,0.039028057824407915,0.011517036328218449,0.22362309223623095,5.729803241615021,1.0,0.009507013323489194,1.2377647152637756,0.8702959169250659,0.1457612456747405,0.19209201258666217,0.2593597072389561,1,1,2
frozenset({'22554204'}),frozenset({'19351043'}),0.039028057824407915,0.051501999248145997,0.011517036328218449,0.2950963222416813,5.729803241615021,1.0,0.009507013323489194,1.345571076843003,0.8589989999053409,0.1457612456747405,0.25682112434653875,0.2593597072389561,1,1,2
frozenset({'20898019'}),frozenset({'22554204'}),0.04692252486244489,0.039028057824407915,0.01127781005433854,0.2403495994173343,6.158379709764115,1.0,0.009446515040739822,1.2650186736405447,0.8788578556650845,0.15102974828375287,0.20949783521998006,0.2646581622305586,1,1,2
frozenset({'22554204'}),frozenset({'20898019'}),0.039028057824407915,0.04692252486244489,0.01127781005433854,0.28896672504378285,6.158379709764115,1.0,0.009446515040739822,1.340411917003803,0.8716379629000988,0.15102974828375287,0.2539606763305411,0.2646581622305586,1,1,2
frozenset({'15704307'}),frozenset({'23093367'}),0.09107685998427942,0.03899388264242507,0.025563036123167356,0.2806754221388368,7.197934730240581,1.0,0.022011595733499784,1.335983986832518,0.9473532166390667,0.24460431654676257,0.25148803439560824,0.46812035787047007,1,1,2
frozenset({'23093367'}),frozenset({'15704307'}),0.03899388264242507,0.09107685998427942,0.025563036123167356,0.6555652936021034,7.19793473024058,1.0,0.022011595733499784,2.638883722030374,0.8960101760217859,0.24460431654676257,0.6210518896108869,0.46812035787047007,1,1,2
frozenset({'19358975'}),frozenset({'23093367'}),0.04302655411640067,0.03899388264242507,0.024298554389802125,0.5647339158061954,14.482628492905418,1.0,0.022620781988079246,2.207858944805085,0.9728083517442144,0.4209591474245115,0.5470725145947753,0.5939357572019583,1,1,2
frozenset({'23093367'}),frozenset({'19358975'}),0.03899388264242507,0.04302655411640067,0.024298554389802125,0.6231375985977212,14.482628492905418,1.0,0.022620781988079246,2.5393179110539226,0.968726154535615,0.4209591474245115,0.6061934602016971,0.5939357572019583,1,1,2
frozenset({'23093367'}),frozenset({'17131869'}),0.03899388264242507,0.05488534226444756,0.024298554389802125,0.6231375985977212,11.353442884537934,1.0,0.022158361794752925,2.5078507545959656,0.9489231903455755,0.3492141453831041,0.6012521884855513,0.5329262090124347,1,1,2
frozenset({'17131869'}),frozenset({'23093367'}),0.05488534226444756,0.03899388264242507,0.024298554389802125,0.4427148194271482,11.353442884537934,1.0,0.022158361794752925,1.724442261984654,0.964878687850934,0.3492141453831041,0.42010235886407477,0.5329262090124347,1,1,2
"frozenset({'19358975', '15704307'})",frozenset({'23093367'}),0.030791838966542497,0.03899388264242507,0.01927480263832405,0.6259711431742508,16.053060140597506,1.0,0.018074109283318242,2.5693368300865727,0.9674976117596454,0.381596752368065,0.6107945099723241,0.5601371929718757,2,1,3
"frozenset({'19358975', '23093367'})",frozenset({'15704307'}),0.024298554389802125,0.09107685998427942,0.01927480263832405,0.7932489451476794,8.709665059649623,1.0,0.017061766602343646,4.3962200853821605,0.907229384804561,0.20056899004267428,0.7725318613312622,0.5024406076582675,2,1,3
"frozenset({'15704307', '23093367'})",frozenset({'19358975'}),0.025563036123167356,0.04302655411640067,0.01927480263832405,0.7540106951871658,17.5243105257122,1.0,0.018174913281191085,3.8903050952224585,0.9676730758372503,0.39085239085239093,0.7429507517988593,0.6009926390947744,2,1,3
frozenset({'19358975'}),"frozenset({'15704307', '23093367'})",0.04302655411640067,0.025563036123167356,0.01927480263832405,0.4479745830023829,17.524310525712202,1.0,0.018174913281191085,1.765203075569687,0.9853318481304021,0.39085239085239093,0.43349294263082544,0.6009926390947744,1,2,3
frozenset({'15704307'}),"frozenset({'19358975', '23093367'})",0.09107685998427942,0.024298554389802125,0.01927480263832405,0.21163227016885555,8.709665059649623,1.0,0.017061766602343646,1.2376222525231686,0.9738832507207933,0.20056899004267428,0.19199901427008342,0.5024406076582675,1,2,3
frozenset({'23093367'}),"frozenset({'19358975', '15704307'})",0.03899388264242507,0.030791838966542497,0.01927480263832405,0.49430324276950044,16.053060140597506,1.0,0.018074109283318242,1.9165797430488303,0.9757550593706809,0.381596752368065,0.47823720686453997,0.5601371929718757,1,2,3
"frozenset({'15704307', '23093367'})",frozenset({'17131869'}),0.025563036123167356,0.05488534226444756,0.020402583643757903,0.7981283422459893,14.541739366413383,1.0,0.018999547656819427,4.6817600263986305,0.9556620592293821,0.3397837222538418,0.7864051138116034,0.5849296754816496,2,1,3
"frozenset({'15704307', '17131869'})",frozenset({'23093367'}),0.0422747001127781,0.03899388264242507,0.020402583643757903,0.4826192400970089,12.376793676142487,1.0,0.01875412894881652,1.8574446362051875,0.9597779553395486,0.3352049410443571,0.461625945393975,0.5029222405568304,2,1,3
"frozenset({'23093367', '17131869'})",frozenset({'15704307'}),0.024298554389802125,0.09107685998427942,0.020402583643757903,0.839662447257384,9.2192731216504,1.0,0.018189547607777495,5.6688101100980495,0.9137339939628086,0.2148254767902123,0.823596137358938,0.5318387283191235,2,1,3
frozenset({'15704307'}),"frozenset({'23093367', '17131869'})",0.09107685998427942,0.024298554389802125,0.020402583643757903,0.22401500938086302,9.219273121650398,1.0,0.018189547607777495,1.2573715437868362,0.9808657515279812,0.2148254767902123,0.20469012922919202,0.5318387283191235,1,2,3
frozenset({'23093367'}),"frozenset({'15704307', '17131869'})",0.03899388264242507,0.0422747001127781,0.020402583643757903,0.523225241016652,12.376793676142487,1.0,0.01875412894881652,2.008758395535515,0.95650133074095,0.3352049410443571,0.5021800520050048,0.5029222405568304,1,2,3
frozenset({'17131869'}),"frozenset({'15704307', '23093367'})",0.05488534226444756,0.025563036123167356,0.020402583643757903,0.3717310087173101,14.541739366413383,1.0,0.018999547656819427,1.5509868820477632,0.9853115998845552,0.3397837222538418,0.3552492212701999,0.5849296754816496,1,2,3
"frozenset({'19358975', '23093367'})",frozenset({'17131869'}),0.024298554389802125,0.05488534226444756,0.020026656641946618,0.8241912798874824,15.016600897128034,1.0,0.018693022167731034,5.375812173199822,0.956652301512824,0.3385326400924321,0.8139815961232191,0.5945364867681497,2,1,3
"frozenset({'19358975', '17131869'})",frozenset({'23093367'}),0.030620963056628276,0.03899388264242507,0.020026656641946618,0.6540178571428571,16.772319472267434,1.0,0.01883262640211842,2.777617681136732,0.9700828245163456,0.4038594073053066,0.6399792502794147,0.5838012160385626,2,1,3
"frozenset({'23093367', '17131869'})",frozenset({'19358975'}),0.024298554389802125,0.04302655411640067,0.020026656641946618,0.8241912798874824,19.15540988148342,1.0,0.01898117357654349,5.443264960185913,0.9713990185471867,0.4234104046242774,0.8162867309759169,0.6448200243758302,2,1,3
frozenset({'19358975'}),"frozenset({'23093367', '17131869'})",0.04302655411640067,0.024298554389802125,0.020026656641946618,0.4654487688641779,19.15540988148342,1.0,0.01898117357654349,1.8252720951311132,0.9904093271738512,0.4234104046242774,0.45213647725865885,0.6448200243758302,1,2,3
frozenset({'23093367'}),"frozenset({'19358975', '17131869'})",0.03899388264242507,0.030620963056628276,0.020026656641946618,0.5135845749342681,16.772319472267434,1.0,0.01883262640211842,1.9929035696439406,0.9785348263657945,0.4038594073053066,0.4982195750802616,0.5838012160385626,1,2,3
frozenset({'17131869'}),"frozenset({'19358975', '23093367'})",0.05488534226444756,0.024298554389802125,0.020026656641946618,0.36488169364881695,15.016600897128036,1.0,0.018693022167731034,1.5362514918137038,0.9876124826682743,0.3385326400924321,0.34906491200903794,0.5945364867681497,1,2,3
"frozenset({'19358975', '15704307', '23093367'})",frozenset({'17131869'}),0.01927480263832405,0.05488534226444756,0.017395167629267627,0.9024822695035462,16.443047128233665,1.0,0.016337263489383535,9.691721217506398,0.9576423895955664,0.3064419024683926,0.896819153424092,0.6097093788364556,3,1,4
"frozenset({'19358975', '15704307', '17131869'})",frozenset({'23093367'}),0.025665561669115888,0.03899388264242507,0.017395167629267627,0.6777629826897471,17.38126436151156,1.0,0.0163943677295902,2.982295843535285,0.9672929017426762,0.3680404916847434,0.6646878604724286,0.5619314475236641,3,1,4
"frozenset({'19358975', '23093367', '17131869'})",frozenset({'15704307'}),0.020026656641946618,0.09107685998427942,0.017395167629267627,0.8686006825938567,9.537007344607444,1.0,0.015571202626335816,6.917259221418344,0.9134384222615416,0.18563092633114517,0.8554340717919552,0.5297975270380165,3,1,4
"frozenset({'15704307', '23093367', '17131869'})",frozenset({'19358975'}),0.020402583643757903,0.04302655411640067,0.017395167629267627,0.8525963149078728,19.81558440867297,1.0,0.016517314760005085,6.492194854460331,0.9693111215535926,0.37787676317743135,0.8459688868837678,0.628442716627884,3,1,4
"frozenset({'19358975', '15704307'})","frozenset({'23093367', '17131869'})",0.030791838966542497,0.024298554389802125,0.017395167629267627,0.5649278579356272,23.249443109781136,1.0,0.016646970455377066,2.24261990432344,0.9873918272228241,0.46146872166817776,0.5540929615080346,0.6404104831168994,2,2,4
"frozenset({'19358975', '23093367'})","frozenset({'15704307', '17131869'})",0.024298554389802125,0.0422747001127781,0.017395167629267627,0.7158931082981717,16.934315474464675,1.0,0.016367953529264713,3.3710034070287866,0.9643813803378073,0.35371785962473945,0.7033524208504425,0.5636862469542596,2,2,4
"frozenset({'19358975', '17131869'})","frozenset({'15704307', '23093367'})",0.030620963056628276,0.025563036123167356,0.017395167629267627,0.5680803571428572,22.222726377482815,1.0,0.016612402844524865,2.2560607742471372,0.9851678079428389,0.4484581497797357,0.5567495293500209,0.6242808202826586,2,2,4
"frozenset({'15704307', '23093367'})","frozenset({'19358975', '17131869'})",0.025563036123167356,0.030620963056628276,0.017395167629267627,0.68048128342246,22.222726377482815,1.0,0.016612402844524865,3.033872467086369,0.9800541813312742,0.4484581497797357,0.6703882543354345,0.6242808202826586,2,2,4
"frozenset({'15704307', '17131869'})","frozenset({'19358975', '23093367'})",0.0422747001127781,0.024298554389802125,0.017395167629267627,0.4114793856103477,16.934315474464675,1.0,0.016367953529264713,1.6578883079942512,0.9824824582016985,0.35371785962473945,0.39682305787546,0.5636862469542596,2,2,4
"frozenset({'23093367', '17131869'})","frozenset({'19358975', '15704307'})",0.024298554389802125,0.030791838966542497,0.017395167629267627,0.7158931082981717,23.249443109781133,1.0,0.016646970455377066,3.4114208044296457,0.9808207432588194,0.46146872166817776,0.7068670042987588,0.6404104831168994,2,2,4
frozenset({'19358975'}),"frozenset({'15704307', '23093367', '17131869'})",0.04302655411640067,0.020402583643757903,0.017395167629267627,0.4042891183478952,19.81558440867297,1.0,0.016517314760005085,1.6444175295900116,0.9922267690954996,0.37787676317743135,0.3918819387377115,0.628442716627884,1,3,4
frozenset({'15704307'}),"frozenset({'19358975', '23093367', '17131869'})",0.09107685998427942,0.020026656641946618,0.017395167629267627,0.19099437148217638,9.537007344607446,1.0,0.015571202626335816,1.2113306864792266,0.984841583634746,0.18563092633114517,0.17446159734751396,0.5297975270380165,1,3,4
frozenset({'23093367'}),"frozenset({'19358975', '15704307', '17131869'})",0.03899388264242507,0.025665561669115888,0.017395167629267627,0.44609991235758106,17.38126436151156,1.0,0.0163943677295902,1.759043661606865,0.9807084149603021,0.3680404916847434,0.43150927869151806,0.5619314475236641,1,3,4
frozenset({'17131869'}),"frozenset({'19358975', '15704307', '23093367'})",0.05488534226444756,0.01927480263832405,0.017395167629267627,0.3169364881693649,16.443047128233665,1.0,0.016337263489383535,1.4357745368850061,0.9937249558569506,0.3064419024683926,0.3035118158805376,0.6097093788364556,1,3,4
frozenset({'15704307'}),frozenset({'19536001'}),0.09107685998427942,0.027989474043949285,0.011756262602098356,0.12908067542213883,4.611757806504523,1.0,0.009207069193563963,1.1160741282519928,0.861638246877481,0.10955414012738852,0.10400216734150917,0.2745525477232794,1,1,2
frozenset({'19536001'}),frozenset({'15704307'}),0.027989474043949285,0.09107685998427942,0.011756262602098356,0.42002442002442,4.611757806504523,1.0,0.009207069193563963,1.5671748456271055,0.8057144650148895,0.10955414012738852,0.36190910491557204,0.2745525477232794,1,1,2
frozenset({'19351043'}),frozenset({'15704307'}),0.051501999248145997,0.09107685998427942,0.012508116605720926,0.24286662242866625,2.6666117219081436,1.0,0.00781747623128707,1.2004795547797467,0.6589284033690217,0.09616395165528115,0.16699955778632888,0.19010122866273838,1,1,2
frozenset({'15704307'}),frozenset({'19351043'}),0.09107685998427942,0.051501999248145997,0.012508116605720926,0.1373358348968105,2.6666117219081436,1.0,0.00781747623128707,1.0994985524156986,0.6876183977704853,0.09616395165528115,0.09049448241390691,0.19010122866273838,1,1,2
frozenset({'28204534'}),frozenset({'15704307'}),0.03178291924404497,0.09107685998427942,0.010833532688561567,0.34086021505376346,3.7425556295265188,1.0,0.007938844202680023,1.378953540317488,0.7568580615341823,0.09670530811470408,0.2748124061019767,0.22990477919667535,1,1,2
frozenset({'15704307'}),frozenset({'28204534'}),0.09107685998427942,0.03178291924404497,0.010833532688561567,0.11894934333958725,3.742555629526519,1.0,0.007938844202680023,1.0989346338222403,0.8062319800468085,0.09670530811470408,0.09002776942076392,0.22990477919667535,1,1,2
frozenset({'23017947'}),frozenset({'20898019'}),0.021940466832985887,0.04692252486244489,0.015788934076073954,0.7196261682242989,15.33647582549979,1.0,0.014759431975609525,3.399309661323945,0.9557659224663662,0.29748873148744365,0.7058226229349975,0.5280578037042835,1,1,2
frozenset({'20898019'}),frozenset({'23017947'}),0.04692252486244489,0.021940466832985887,0.015788934076073954,0.336489439184268,15.33647582549979,1.0,0.014759431975609525,1.4740677706238312,0.9808184500525292,0.29748873148744365,0.3216051392421421,0.5280578037042835,1,1,2
frozenset({'23017947'}),frozenset({'23546843'}),0.021940466832985887,0.014353576432794505,0.010423430504767437,0.47507788161993764,33.0982235573357,1.0,0.010108506337108981,1.877700308398059,0.9915417878412771,0.40290620871862604,0.4674336498069067,0.6006341789052069,1,1,2
frozenset({'23546843'}),frozenset({'23017947'}),0.014353576432794505,0.021940466832985887,0.010423430504767437,0.7261904761904762,33.0982235573357,1.0,0.010108506337108981,3.5720435124360512,0.9839095186099479,0.40290620871862604,0.7200482030752131,0.6006341789052069,1,1,2
frozenset({'22487952'}),frozenset({'17346698'}),0.013567547247189091,0.023785926660059464,0.010799357506578722,0.795969773299748,33.46389588581024,1.0,0.010476640822800191,4.784654161925386,0.9834601904347583,0.40669240669240675,0.7909984784359857,0.6249963809027476,1,1,2
frozenset({'17346698'}),frozenset({'22487952'}),0.023785926660059464,0.013567547247189091,0.010799357506578722,0.4540229885057471,33.463895885810246,1.0,0.010476640822800191,1.8067289134630433,0.9937544175287542,0.40669240669240675,0.44651353473762007,0.6249963809027476,1,1,2
frozenset({'20898019'}),frozenset({'15704307'}),0.04692252486244489,0.09107685998427942,0.015959809985988175,0.34013109978150036,3.734550135349524,1.0,0.011686253758982412,1.3774298799575986,0.7682797571442085,0.13077569308316997,0.2740102312643436,0.25768281067874266,1,1,2
frozenset({'15704307'}),frozenset({'20898019'}),0.09107685998427942,0.04692252486244489,0.015959809985988175,0.175234521575985,3.734550135349524,1.0,0.011686253758982412,1.1555739177623223,0.8056018148307147,0.13077569308316997,0.13462913567967932,0.25768281067874266,1,1,2
frozenset({'20898019'}),frozenset({'17131869'}),0.04692252486244489,0.05488534226444756,0.011517036328218449,0.2454479242534596,4.472012273711383,1.0,0.00894167749123111,1.2525506033503027,0.8146106043504241,0.127554882664648,0.20162906207125225,0.22764301567592032,1,1,2
frozenset({'17131869'}),frozenset({'20898019'}),0.05488534226444756,0.04692252486244489,0.011517036328218449,0.20983810709838108,4.472012273711383,1.0,0.00894167749123111,1.2061800039959918,0.8214738938392561,0.127554882664648,0.17093634723916123,0.22764301567592032,1,1,2
frozenset({'25451555'}),frozenset({'23093367'}),0.032466422883701856,0.03899388264242507,0.02019753255186084,0.6221052631578947,15.953919461229761,1.0,0.018931540668114425,2.5430523996927468,0.9687720407384717,0.3940000000000001,0.6067717676124879,0.5700359795193506,1,1,2
frozenset({'23093367'}),frozenset({'25451555'}),0.03899388264242507,0.032466422883701856,0.02019753255186084,0.5179666958808063,15.953919461229763,1.0,0.018931540668114425,2.0071923845267206,0.9753522491232884,0.3940000000000001,0.5017916530030121,0.5700359795193506,1,1,2
frozenset({'25451555'}),frozenset({'15704307'}),0.032466422883701856,0.09107685998427942,0.01978743036806671,0.6094736842105263,6.691860965735163,1.0,0.016830490516897393,2.3274312210645136,0.8791061701851061,0.1907114624505929,0.5703417609296214,0.4133672361015108,1,1,2
frozenset({'15704307'}),frozenset({'25451555'}),0.09107685998427942,0.032466422883701856,0.01978743036806671,0.21726078799249532,6.691860965735164,1.0,0.016830490516897393,1.236086760793353,0.9357939082610368,0.1907114624505929,0.19099529926348083,0.4133672361015108,1,1,2
frozenset({'25451555'}),frozenset({'17131869'}),0.032466422883701856,0.05488534226444756,0.018215371996855884,0.5610526315789474,10.222267156059514,1.0,0.016433441264781613,2.1531389085102512,0.9324475805219736,0.26347009391992093,0.5355617809666092,0.4464665399488759,1,1,2
frozenset({'17131869'}),frozenset({'25451555'}),0.05488534226444756,0.032466422883701856,0.018215371996855884,0.3318804483188045,10.222267156059512,1.0,0.016433441264781613,1.4481443847612068,0.9545660261130934,0.26347009391992093,0.3094611210574172,0.4464665399488759,1,1,2
frozenset({'25451555'}),frozenset({'19358975'}),0.032466422883701856,0.04302655411640067,0.01777109463107891,0.5473684210526315,12.721642071819739,1.0,0.016374176329907363,2.114243659510277,0.95231195811359,0.30787448194197753,0.5270176190422488,0.4801973161657121,1,1,2
frozenset({'19358975'}),frozenset({'25451555'}),0.04302655411640067,0.032466422883701856,0.01777109463107891,0.4130262112787927,12.721642071819739,1.0,0.016374176329907363,1.6483420481588895,0.9628206501733394,0.30787448194197753,0.3933298000151444,0.4801973161657121,1,1,2
"frozenset({'25451555', '15704307'})",frozenset({'23093367'}),0.01978743036806671,0.03899388264242507,0.015310481528314138,0.773747841105354,19.842800682369642,1.0,0.014538892790746587,4.24750032022928,0.9687734249703648,0.3522012578616352,0.7645674103337042,0.583192938957585,2,1,3
"frozenset({'25451555', '23093367'})",frozenset({'15704307'}),0.02019753255186084,0.09107685998427942,0.015310481528314138,0.7580372250423012,8.323049621749634,1.0,0.013470953684060382,3.756458571673363,0.8979888914494991,0.15954415954415954,0.7337918198963294,0.46307114535417127,2,1,3
"frozenset({'15704307', '23093367'})",frozenset({'25451555'}),0.025563036123167356,0.032466422883701856,0.015310481528314138,0.5989304812834224,18.447689276667603,1.0,0.01448054118734804,2.4123837189433033,0.9706042607131584,0.3584,0.5854722479896233,0.5352547143259218,2,1,3
frozenset({'25451555'}),"frozenset({'15704307', '23093367'})",0.032466422883701856,0.025563036123167356,0.015310481528314138,0.47157894736842104,18.447689276667603,1.0,0.01448054118734804,1.844054015304763,0.9775295569112459,0.3584,0.45771653557841574,0.5352547143259218,1,2,3
frozenset({'15704307'}),"frozenset({'25451555', '23093367'})",0.09107685998427942,0.02019753255186084,0.015310481528314138,0.16810506566604128,8.323049621749634,1.0,0.013470953684060382,1.1777959295215565,0.9680155481221665,0.15954415954415954,0.15095648156449368,0.46307114535417127,1,2,3
frozenset({'23093367'}),"frozenset({'25451555', '15704307'})",0.03899388264242507,0.01978743036806671,0.015310481528314138,0.39263803680981596,19.842800682369646,1.0,0.014538892790746587,1.6138853419192436,0.9881351129089617,0.3522012578616352,0.38037729569388556,0.583192938957585,1,2,3
"frozenset({'25451555', '15704307'})",frozenset({'17131869'}),0.01978743036806671,0.05488534226444756,0.01541300707426267,0.7789291882556131,14.191934606193957,1.0,0.014326967185977405,4.275167084600662,0.9483019009117641,0.26009227220299885,0.7660910134712527,0.5298755530319161,2,1,3
"frozenset({'25451555', '17131869'})",frozenset({'15704307'}),0.018215371996855884,0.09107685998427942,0.01541300707426267,0.8461538461538461,9.290546976475682,1.0,0.013754008189343463,5.908000410102184,0.9089200273410799,0.16417910447761194,0.8307379941460254,0.5076923076923077,2,1,3
"frozenset({'15704307', '17131869'})",frozenset({'25451555'}),0.0422747001127781,0.032466422883701856,0.01541300707426267,0.3645917542441391,11.229809811513425,1.0,0.014040498783119538,1.5226959731461334,0.9511613580504009,0.25979262672811065,0.34327008303972845,0.4196642981747011,2,1,3
frozenset({'25451555'}),"frozenset({'15704307', '17131869'})",0.032466422883701856,0.0422747001127781,0.01541300707426267,0.4747368421052631,11.229809811513423,1.0,0.014040498783119538,1.8233247192241697,0.9415190525945546,0.25979262672811065,0.4515513394534008,0.4196642981747011,1,2,3
frozenset({'15704307'}),"frozenset({'25451555', '17131869'})",0.09107685998427942,0.018215371996855884,0.01541300707426267,0.1692307692307692,9.290546976475682,1.0,0.013754008189343463,1.1817777929667475,0.9817812658089391,0.16417910447761194,0.15381723539618275,0.5076923076923077,1,2,3
frozenset({'17131869'}),"frozenset({'25451555', '15704307'})",0.05488534226444756,0.01978743036806671,0.01541300707426267,0.2808219178082192,14.191934606193957,1.0,0.014326967185977405,1.3629622396786882,0.9835181747225175,0.26009227220299885,0.2663039584752214,0.5298755530319161,1,2,3
"frozenset({'25451555', '23093367'})",frozenset({'17131869'}),0.02019753255186084,0.05488534226444756,0.015173780800382761,0.7512690355329948,13.687972134950787,1.0,0.014065232313376558,3.79974668518171,0.9460510562882379,0.2532800912721049,0.7368245615162163,0.5138661491488137,2,1,3
"frozenset({'25451555', '17131869'})",frozenset({'23093367'}),0.018215371996855884,0.03899388264242507,0.015173780800382761,0.8330206378986866,21.362854413280868,1.0,0.014463492722449248,5.755238882602105,0.9708746183526886,0.36097560975609755,0.8262452662003368,0.611076488975636,2,1,3
"frozenset({'23093367', '17131869'})",frozenset({'25451555'}),0.024298554389802125,0.032466422883701856,0.015173780800382761,0.6244725738396625,19.234412613813014,1.0,0.014384893658100816,2.5764658177141877,0.971618781653808,0.3648315529991783,0.611871427470678,0.545920497446147,2,1,3
frozenset({'25451555'}),"frozenset({'23093367', '17131869'})",0.032466422883701856,0.024298554389802125,0.015173780800382761,0.46736842105263154,19.234412613813014,1.0,0.014384893658100816,1.831850540177249,0.9798211372334504,0.3648315529991783,0.4541039358466218,0.545920497446147,1,2,3
frozenset({'23093367'}),"frozenset({'25451555', '17131869'})",0.03899388264242507,0.018215371996855884,0.015173780800382761,0.3891323400525854,21.362854413280864,1.0,0.014463492722449248,1.6071969304900824,0.9918665019927467,0.36097560975609755,0.3777987121372424,0.611076488975636,1,2,3
frozenset({'17131869'}),"frozenset({'25451555', '23093367'})",0.05488534226444756,0.02019753255186084,0.015173780800382761,0.2764632627646326,13.687972134950787,1.0,0.014065232313376558,1.354184821619373,0.9807732339100987,0.2532800912721049,0.26154836176337337,0.5138661491488137,1,2,3
"frozenset({'25451555', '15704307', '23093367'})",frozenset({'17131869'}),0.015310481528314138,0.05488534226444756,0.013191620245377806,0.8616071428571428,15.698310465219711,1.0,0.012351299226462782,6.829215591379473,0.9508569552208102,0.23141486810551556,0.8535702985768525,0.5509779176303149,3,1,4
"frozenset({'25451555', '15704307', '17131869'})",frozenset({'23093367'}),0.01541300707426267,0.03899388264242507,0.013191620245377806,0.8558758314855875,21.948976954513387,1.0,0.01259060725635714,6.6679039835117875,0.969380864085405,0.3200663349917081,0.8500278344630077,0.5970877842791653,3,1,4
"frozenset({'25451555', '23093367', '17131869'})",frozenset({'15704307'}),0.015173780800382761,0.09107685998427942,0.013191620245377806,0.8693693693693694,9.545447323496104,1.0,0.011809639935989198,6.957963347706551,0.909031460092731,0.14175541681968415,0.8562797833176837,0.5071049473488498,3,1,4
"frozenset({'15704307', '23093367', '17131869'})",frozenset({'25451555'}),0.020402583643757903,0.032466422883701856,0.013191620245377806,0.6465661641541038,19.914918451908665,1.0,0.012529221336879464,2.7375239125044075,0.9695680812819316,0.3324720068906115,0.6347063872457078,0.526440976813894,3,1,4
"frozenset({'25451555', '15704307'})","frozenset({'23093367', '17131869'})",0.01978743036806671,0.024298554389802125,0.013191620245377806,0.6666666666666666,27.436474449132678,1.0,0.012710814292344915,2.9271043368305936,0.983003277316784,0.4269911504424779,0.658365440747227,0.6047819971870605,2,2,4
"frozenset({'25451555', '23093367'})","frozenset({'15704307', '17131869'})",0.02019753255186084,0.0422747001127781,0.013191620245377806,0.6531302876480541,15.44967287539993,1.0,0.012337775613729816,2.761051962113893,0.9545533324538116,0.26768377253814146,0.6378192030712858,0.4825877792322728,2,2,4
"frozenset({'25451555', '17131869'})","frozenset({'15704307', '23093367'})",0.018215371996855884,0.025563036123167356,0.013191620245377806,0.724202626641651,28.33007093337079,1.0,0.012725980033025249,3.5331625969139577,0.9826002470193907,0.4312849162011173,0.7169674554821082,0.6201227036951571,2,2,4
"frozenset({'15704307', '23093367'})","frozenset({'25451555', '17131869'})",0.025563036123167356,0.018215371996855884,0.013191620245377806,0.516042780748663,28.330070933370788,1.0,0.012725980033025249,2.0286599495755575,0.9900094657304759,0.4312849162011173,0.5070637638362097,0.6201227036951571,2,2,4
"frozenset({'15704307', '17131869'})","frozenset({'25451555', '23093367'})",0.0422747001127781,0.02019753255186084,0.013191620245377806,0.3120452708164915,15.44967287539993,1.0,0.012337775613729816,1.4242252082648041,0.9765573808682122,0.26768377253814146,0.2978638531343341,0.4825877792322728,2,2,4
"frozenset({'23093367', '17131869'})","frozenset({'25451555', '15704307'})",0.024298554389802125,0.01978743036806671,0.013191620245377806,0.5428973277074542,27.436474449132675,1.0,0.012710814292344915,2.1444034984870908,0.9875481611208407,0.4269911504424779,0.5336698523829516,0.6047819971870605,2,2,4
frozenset({'25451555'}),"frozenset({'15704307', '23093367', '17131869'})",0.032466422883701856,0.020402583643757903,0.013191620245377806,0.4063157894736842,19.914918451908665,1.0,0.012529221336879464,1.6500311091106914,0.9816572880458226,0.3324720068906115,0.3939508203945532,0.526440976813894,1,3,4
frozenset({'15704307'}),"frozenset({'25451555', '23093367', '17131869'})",0.09107685998427942,0.015173780800382761,0.013191620245377806,0.1448405253283302,9.545447323496104,1.0,0.011809639935989198,1.1516287293404914,0.9849435849560921,0.14175541681968415,0.1316645942198102,0.5071049473488498,1,3,4
frozenset({'23093367'}),"frozenset({'25451555', '15704307', '17131869'})",0.03899388264242507,0.01541300707426267,0.013191620245377806,0.3382997370727432,21.94897695451339,1.0,0.01259060725635714,1.4879652436135977,0.9931672366394211,0.3200663349917081,0.3279412914434411,0.5970877842791653,1,3,4
frozenset({'17131869'}),"frozenset({'25451555', '15704307', '23093367'})",0.05488534226444756,0.015310481528314138,0.013191620245377806,0.2403486924034869,15.698310465219711,1.0,0.012351299226462782,1.2962388251356782,0.9906722636332381,0.23141486810551556,0.22853722585008263,0.5509779176303149,1,3,4
"frozenset({'25451555', '19358975'})",frozenset({'23093367'}),0.01777109463107891,0.03899388264242507,0.015207955982365606,0.8557692307692308,21.94624317400391,1.0,0.014514992003893884,6.662975747012522,0.9717023287016278,0.3659539473684211,0.8499169083050663,0.6228889975055619,2,1,3
"frozenset({'25451555', '23093367'})",frozenset({'19358975'}),0.02019753255186084,0.04302655411640067,0.015207955982365606,0.7529610829103215,17.499916002413755,1.0,0.014338925755005201,3.8737760720356658,0.9622928089103827,0.3167259786476868,0.7418539478265451,0.5532081030119519,2,1,3
"frozenset({'19358975', '23093367'})",frozenset({'25451555'}),0.024298554389802125,0.032466422883701856,0.015207955982365606,0.6258790436005626,19.277733362943223,1.0,0.01441906884008366,2.586151779434917,0.9717385229933687,0.3659539473684211,0.6133250925363308,0.5471500481160707,2,1,3
frozenset({'25451555'}),"frozenset({'19358975', '23093367'})",0.032466422883701856,0.024298554389802125,0.015207955982365606,0.4684210526315789,19.277733362943223,1.0,0.01441906884008366,1.8354779669894807,0.9799418894232161,0.3659539473684211,0.4551827818232095,0.5471500481160707,1,2,3
frozenset({'19358975'}),"frozenset({'25451555', '23093367'})",0.04302655411640067,0.02019753255186084,0.015207955982365606,0.35345512311358224,17.499916002413755,1.0,0.014338925755005201,1.5154438655002547,0.9852487262145802,0.3167259786476868,0.3401273232447342,0.5532081030119519,1,2,3
frozenset({'23093367'}),"frozenset({'25451555', '19358975'})",0.03899388264242507,0.01777109463107891,0.015207955982365606,0.39000876424189307,21.94624317400391,1.0,0.014514992003893884,1.6102344554970385,0.993161331053111,0.3659539473684211,0.37897242442789164,0.6228889975055619,1,2,3
"frozenset({'25451555', '19358975'})",frozenset({'17131869'}),0.01777109463107891,0.05488534226444756,0.015139605618399919,0.851923076923077,15.521868713478304,1.0,0.014164233007159266,6.38259249379854,0.9525017665751957,0.26322043969102793,0.8433238529685828,0.5638818373407415,2,1,3
"frozenset({'25451555', '17131869'})",frozenset({'19358975'}),0.018215371996855884,0.04302655411640067,0.015139605618399919,0.8311444652908068,19.317012072179743,1.0,0.014355860929426829,5.667409407288428,0.965825021545587,0.32839140103780584,0.8235525390641488,0.5915055130266583,2,1,3
"frozenset({'19358975', '17131869'})",frozenset({'25451555'}),0.030620963056628276,0.032466422883701856,0.015139605618399919,0.4944196428571429,15.228645441729324,1.0,0.014145452482697213,1.9137087971218614,0.9638482391940916,0.315751960085531,0.47745445832513367,0.48036771616541357,2,1,3
frozenset({'25451555'}),"frozenset({'19358975', '17131869'})",0.032466422883701856,0.030620963056628276,0.015139605618399919,0.46631578947368424,15.228645441729325,1.0,0.014145452482697213,1.8163907003869884,0.9656866696598638,0.315751960085531,0.4494576525926133,0.48036771616541357,1,2,3
frozenset({'19358975'}),"frozenset({'25451555', '17131869'})",0.04302655411640067,0.018215371996855884,0.015139605618399919,0.35186656076250994,19.317012072179743,1.0,0.014355860929426829,1.514787802274459,0.9908656959846305,0.32839140103780584,0.33984152862962275,0.5915055130266583,1,2,3
frozenset({'17131869'}),"frozenset({'25451555', '19358975'})",0.05488534226444756,0.01777109463107891,0.015139605618399919,0.27584059775840597,15.521868713478304,1.0,0.014164233007159266,1.3563711281362745,0.9899061028073656,0.26322043969102793,0.26273865665803964,0.5638818373407415,1,2,3
"frozenset({'25451555', '19358975'})",frozenset({'15704307'}),0.01777109463107891,0.09107685998427942,0.014353576432794505,0.8076923076923078,8.86824938663588,1.0,0.012735040935312351,4.72640032808175,0.9032906367376289,0.1518987341772152,0.788422492682532,0.48264540337711076,2,1,3
"frozenset({'25451555', '15704307'})",frozenset({'19358975'}),0.01978743036806671,0.04302655411640067,0.014353576432794505,0.7253886010362695,16.859091227102684,1.0,0.013502191489238372,3.4848278312365037,0.9596743104186797,0.2961918194640339,0.7130417775488279,0.5294933473807241,2,1,3
"frozenset({'19358975', '15704307'})",frozenset({'25451555'}),0.030791838966542497,0.032466422883701856,0.014353576432794505,0.46614872364039955,14.357871370991296,1.0,0.013353875567539888,1.8123653908145212,0.9599091611256633,0.2935010482180293,0.44823488405360923,0.45412699339914714,2,1,3
frozenset({'25451555'}),"frozenset({'19358975', '15704307'})",0.032466422883701856,0.030791838966542497,0.014353576432794505,0.4421052631578947,14.357871370991296,1.0,0.013353875567539888,1.7372599112863862,0.9615705488864332,0.2935010482180293,0.4243808922871353,0.45412699339914714,1,2,3
frozenset({'19358975'}),"frozenset({'25451555', '15704307'})",0.04302655411640067,0.01978743036806671,0.014353576432794505,0.33359809372517873,16.859091227102684,1.0,0.013502191489238372,1.4709030097337354,0.9829790219065985,0.2961918194640339,0.320145520552697,0.5294933473807241,1,2,3
frozenset({'15704307'}),"frozenset({'25451555', '19358975'})",0.09107685998427942,0.01777109463107891,0.014353576432794505,0.1575984990619137,8.86824938663588,1.0,0.012735040935312351,1.165986651584933,0.9761421337974202,0.1518987341772152,0.14235724856653065,0.48264540337711076,1,2,3
"frozenset({'25451555', '19358975', '23093367'})",frozenset({'17131869'}),0.015207955982365606,0.05488534226444756,0.013533372065206247,0.8898876404494381,16.213575496382944,1.0,0.012698678195971458,8.583184136577971,0.9528136374853475,0.23927492447129908,0.8834931204914486,0.5682314914575958,3,1,4
"frozenset({'25451555', '19358975', '17131869'})",frozenset({'23093367'}),0.015139605618399919,0.03899388264242507,0.013533372065206247,0.8939051918735891,22.924241734805513,1.0,0.01294302006046976,9.057993829561816,0.9710798210433855,0.33333333333333326,0.8896002780730118,0.6204845854197043,3,1,4
"frozenset({'25451555', '23093367', '17131869'})",frozenset({'19358975'}),0.015173780800382761,0.04302655411640067,0.013533372065206247,0.8918918918918919,20.7288710473778,1.0,0.012880496564448176,8.852004374423293,0.9664223874585813,0.30298393267023715,0.8870312352206503,0.6032136187021017,3,1,4
"frozenset({'19358975', '23093367', '17131869'})",frozenset({'25451555'}),0.020026656641946618,0.032466422883701856,0.013533372065206247,0.6757679180887372,20.814363211783725,1.0,0.012883178161722112,2.984077243106056,0.9714103546361611,0.34736842105263155,0.6648880311961618,0.5463050116759475,3,1,4
"frozenset({'25451555', '19358975'})","frozenset({'23093367', '17131869'})",0.01777109463107891,0.024298554389802125,0.013533372065206247,0.7615384615384616,31.340895813047716,1.0,0.013101560155746655,4.091651223526638,0.9856081429443525,0.474251497005988,0.7555998922268625,0.6592502434274586,2,2,4
"frozenset({'25451555', '23093367'})","frozenset({'19358975', '17131869'})",0.02019753255186084,0.030620963056628276,0.013533372065206247,0.6700507614213198,21.88209300217549,1.0,0.01291490416710067,2.9379641581206806,0.9739723710773589,0.3629697525206233,0.6596282506592364,0.5560075235678028,2,2,4
"frozenset({'25451555', '17131869'})","frozenset({'19358975', '23093367'})",0.018215371996855884,0.024298554389802125,0.013533372065206247,0.7429643527204502,30.576483720046546,1.0,0.013090764858010166,3.7959771570090175,0.9852416710969343,0.4669811320754717,0.7365632197881995,0.649963189018453,2,2,4
"frozenset({'19358975', '23093367'})","frozenset({'25451555', '17131869'})",0.024298554389802125,0.018215371996855884,0.013533372065206247,0.5569620253164557,30.576483720046546,1.0,0.013090764858010166,2.216028160349954,0.9913843337048241,0.4669811320754717,0.5487421965603178,0.649963189018453,2,2,4
"frozenset({'19358975', '17131869'})","frozenset({'25451555', '23093367'})",0.030620963056628276,0.02019753255186084,0.013533372065206247,0.4419642857142857,21.882093002175488,1.0,0.01291490416710067,1.7558060216670652,0.9844451922717392,0.3629697525206233,0.4304610032886541,0.5560075235678028,2,2,4
"frozenset({'23093367', '17131869'})","frozenset({'25451555', '19358975'})",0.024298554389802125,0.01777109463107891,0.013533372065206247,0.5569620253164557,31.340895813047712,1.0,0.013101560155746655,2.217030957832707,0.9922018786817386,0.474251497005988,0.5489463074626774,0.6592502434274586,2,2,4
frozenset({'25451555'}),"frozenset({'19358975', '23093367', '17131869'})",0.032466422883701856,0.020026656641946618,0.013533372065206247,0.41684210526315785,20.814363211783725,1.0,0.012883178161722112,1.6804597043143517,0.9838999653559365,0.34736842105263155,0.4049247373009681,0.5463050116759475,1,3,4
frozenset({'19358975'}),"frozenset({'25451555', '23093367', '17131869'})",0.04302655411640067,0.015173780800382761,0.013533372065206247,0.3145353455123114,20.7288710473778,1.0,0.012880496564448176,1.436727937395502,0.9945501728231533,0.30298393267023715,0.3039739995501177,0.6032136187021017,1,3,4
frozenset({'23093367'}),"frozenset({'25451555', '19358975', '17131869'})",0.03899388264242507,0.015139605618399919,0.013533372065206247,0.3470639789658194,22.924241734805513,1.0,0.01294302006046976,1.5083566577039003,0.9951841494604653,0.33333333333333326,0.3370268265847332,0.6204845854197043,1,3,4
frozenset({'17131869'}),"frozenset({'25451555', '19358975', '23093367'})",0.05488534226444756,0.015207955982365606,0.013533372065206247,0.2465753424657534,16.213575496382944,1.0,0.012698678195971458,1.3070876220597694,0.9928142389360974,0.23927492447129908,0.23494034896898983,0.5682314914575958,1,3,4
"frozenset({'25451555', '19358975', '15704307'})",frozenset({'17131869'}),0.014353576432794505,0.05488534226444756,0.013089094699429274,0.9119047619047619,16.6147230623258,1.0,0.012301293744196438,10.72832854726843,0.9534985324688716,0.23311016433353618,0.9067888352231147,0.5751927296447844,3,1,4
"frozenset({'25451555', '19358975', '17131869'})",frozenset({'15704307'}),0.015139605618399919,0.09107685998427942,0.013089094699429274,0.8645598194130925,9.492639728272607,1.0,0.011710226958305054,6.710882517116066,0.9084081659870616,0.14055045871559632,0.8509883018441307,0.5041373205883474,3,1,4
"frozenset({'25451555', '15704307', '17131869'})",frozenset({'19358975'}),0.01541300707426267,0.04302655411640067,0.013089094699429274,0.8492239467849224,19.73720564485593,1.0,0.012425926116452045,6.346985648433873,0.9641954173512787,0.2886209495101733,0.8424448934673814,0.576716818507632,3,1,4
"frozenset({'19358975', '15704307', '17131869'})",frozenset({'25451555'}),0.025665561669115888,0.032466422883701856,0.013089094699429274,0.5099866844207723,15.70812670824865,1.0,0.01225582572073203,1.9745046641694022,0.9610033765807977,0.29059180576631255,0.49354386538222667,0.45657228957880724,3,1,4
"frozenset({'25451555', '19358975'})","frozenset({'15704307', '17131869'})",0.01777109463107891,0.0422747001127781,0.013089094699429274,0.7365384615384616,17.42267738324731,1.0,0.012337827003224612,3.635161722199675,0.9596577082638562,0.2787481804949054,0.7249090751883002,0.5230792550214539,2,2,4
"frozenset({'25451555', '15704307'})","frozenset({'19358975', '17131869'})",0.01978743036806671,0.030620963056628276,0.013089094699429274,0.6614853195164075,21.602368230323215,1.0,0.012483184525143099,2.863624808113327,0.9729611807006623,0.35073260073260076,0.650792241648849,0.5444703383296323,2,2,4
"frozenset({'25451555', '17131869'})","frozenset({'19358975', '15704307'})",0.018215371996855884,0.030791838966542497,0.013089094699429274,0.7185741088180112,23.336511651635767,1.0,0.01252820989818642,3.443919665538885,0.9749069875152051,0.36441484300666027,0.7096331804698105,0.5718286748307592,2,2,4
"frozenset({'19358975', '15704307'})","frozenset({'25451555', '17131869'})",0.030791838966542497,0.018215371996855884,0.013089094699429274,0.4250832408435072,23.336511651635767,1.0,0.01252820989818642,1.7076987448471679,0.9875574025859243,0.36441484300666027,0.41441662177394395,0.5718286748307592,2,2,4
"frozenset({'19358975', '17131869'})","frozenset({'25451555', '15704307'})",0.030620963056628276,0.01978743036806671,0.013089094699429274,0.42745535714285715,21.60236823032322,1.0,0.012483184525143099,1.712028191793786,0.9838347465135342,0.35073260073260076,0.41589746898253765,0.5444703383296323,2,2,4
"frozenset({'15704307', '17131869'})","frozenset({'25451555', '19358975'})",0.0422747001127781,0.01777109463107891,0.013089094699429274,0.30962004850444624,17.42267738324731,1.0,0.012337827003224612,1.4227367165589642,0.9842107548248462,0.2787481804949054,0.2971292661803209,0.5230792550214539,2,2,4
frozenset({'25451555'}),"frozenset({'19358975', '15704307', '17131869'})",0.032466422883701856,0.025665561669115888,0.013089094699429274,0.4031578947368421,15.70812670824865,1.0,0.01225582572073203,1.632482744998836,0.9677583365588831,0.29059180576631255,0.38743609813731106,0.45657228957880724,1,3,4
frozenset({'19358975'}),"frozenset({'25451555', '15704307', '17131869'})",0.04302655411640067,0.01541300707426267,0.013089094699429274,0.30420969023034156,19.73720564485593,1.0,0.012425926116452045,1.415062812892127,0.9920173549707285,0.2886209495101733,0.29331758923394735,0.576716818507632,1,3,4
frozenset({'15704307'}),"frozenset({'25451555', '19358975', '17131869'})",0.09107685998427942,0.015139605618399919,0.013089094699429274,0.14371482176360223,9.492639728272607,1.0,0.011710226958305054,1.150154667408836,0.9843023961278065,0.14055045871559632,0.13055171766343135,0.5041373205883474,1,3,4
frozenset({'17131869'}),"frozenset({'25451555', '19358975', '15704307'})",0.05488534226444756,0.014353576432794505,0.013089094699429274,0.23848069738480696,16.6147230623258,1.0,0.012301293744196438,1.2943157450931577,0.9943898454143816,0.23311016433353618,0.22739099497856652,0.5751927296447844,1,3,4
"frozenset({'25451555', '19358975', '15704307'})",frozenset({'23093367'}),0.014353576432794505,0.03899388264242507,0.01288404360753221,0.8976190476190475,23.01948374441801,1.0,0.012324341932612743,9.386571378841422,0.9704885203857573,0.3184121621621621,0.8934648276095644,0.614015483494011,3,1,4
"frozenset({'25451555', '19358975', '23093367'})",frozenset({'15704307'}),0.015207955982365606,0.09107685998427942,0.01288404360753221,0.8471910112359551,9.301934776651137,1.0,0.011498950729879213,5.948099960396997,0.9062781213502077,0.13794365166483716,0.8318790863203219,0.4943272129350507,3,1,4
"frozenset({'25451555', '15704307', '23093367'})",frozenset({'19358975'}),0.015310481528314138,0.04302655411640067,0.01288404360753221,0.8415178571428571,19.558104859298762,1.0,0.01222528634550605,6.038367658533132,0.9636238468470567,0.28345864661654135,0.8343923297570581,0.5704809301599909,3,1,4
"frozenset({'19358975', '15704307', '23093367'})",frozenset({'25451555'}),0.01927480263832405,0.032466422883701856,0.01288404360753221,0.6684397163120567,20.588646883165357,1.0,0.01225825971407649,2.9181226603935406,0.9701285793235812,0.3315743183817062,0.6573139252943058,0.5326409107876073,3,1,4
"frozenset({'25451555', '19358975'})","frozenset({'15704307', '23093367'})",0.01777109463107891,0.025563036123167356,0.01288404360753221,0.7250000000000001,28.361263368983963,1.0,0.012429760473529713,3.543407141370302,0.9821953259131194,0.4231200897867565,0.7177857468523131,0.6145053475935829,2,2,4
"frozenset({'25451555', '15704307'})","frozenset({'19358975', '23093367'})",0.01978743036806671,0.024298554389802125,0.01288404360753221,0.6511226252158894,26.796763904981912,1.0,0.012403237654499319,2.796688797070814,0.9821156051808942,0.4129244249726178,0.6424342954970977,0.5906808625376212,2,2,4
"frozenset({'25451555', '23093367'})","frozenset({'19358975', '15704307'})",0.02019753255186084,0.030791838966542497,0.01288404360753221,0.637901861252115,20.71658863717884,1.0,0.012262124437673811,2.676644968087726,0.9713483442336142,0.33811659192825105,0.6263979676339259,0.5281629173075225,2,2,4
"frozenset({'19358975', '15704307'})","frozenset({'25451555', '23093367'})",0.030791838966542497,0.02019753255186084,0.01288404360753221,0.4184239733629301,20.716588637178845,1.0,0.012262124437673811,1.6847366854404071,0.9819660447523878,0.33811659192825105,0.40643543371373203,0.5281629173075225,2,2,4
"frozenset({'19358975', '23093367'})","frozenset({'25451555', '15704307'})",0.024298554389802125,0.01978743036806671,0.01288404360753221,0.530239099859353,26.796763904981916,1.0,0.012403237654499319,2.0866201706835468,0.9866563848615905,0.4129244249726178,0.5207560944489411,0.5906808625376212,2,2,4
"frozenset({'15704307', '23093367'})","frozenset({'25451555', '19358975'})",0.025563036123167356,0.01777109463107891,0.01288404360753221,0.5040106951871658,28.36126336898396,1.0,0.012429760473529713,1.9803429143287141,0.9900493060031903,0.4231200897867565,0.4950369490230562,0.6145053475935829,2,2,4
frozenset({'25451555'}),"frozenset({'19358975', '15704307', '23093367'})",0.032466422883701856,0.01927480263832405,0.01288404360753221,0.3968421052631579,20.588646883165357,1.0,0.01225825971407649,1.6259841841074907,0.9833555805463886,0.3315743183817062,0.3849878677947264,0.5326409107876073,1,3,4
frozenset({'19358975'}),"frozenset({'25451555', '15704307', '23093367'})",0.04302655411640067,0.015310481528314138,0.01288404360753221,0.2994440031771247,19.558104859298766,1.0,0.01222528634550605,1.4055828840769302,0.9915325297908809,0.28345864661654135,0.2885513822568232,0.5704809301599909,1,3,4
frozenset({'15704307'}),"frozenset({'25451555', '19358975', '23093367'})",0.09107685998427942,0.015207955982365606,0.01288404360753221,0.14146341463414633,9.301934776651137,1.0,0.011498950729879213,1.1470589149069037,0.9819262424735894,0.13794365166483716,0.12820519765441962,0.4943272129350507,1,3,4
frozenset({'23093367'}),"frozenset({'25451555', '19358975', '15704307'})",0.03899388264242507,0.014353576432794505,0.01288404360753221,0.33041191936897457,23.01948374441801,1.0,0.012324341932612743,1.4720190697515463,0.9953719564881089,0.3184121621621621,0.32066097474621424,0.614015483494011,1,3,4
frozenset({'23093359'}),frozenset({'15704307'}),0.03236389733775332,0.09107685998427942,0.01237141587778955,0.382259767687434,4.197111843265294,1.0,0.009423813731413396,1.471367886486987,0.7872183762439916,0.11138461538461537,0.32036031968348644,0.2590473322489703,1,1,2
frozenset({'15704307'}),frozenset({'23093359'}),0.09107685998427942,0.03236389733775332,0.01237141587778955,0.13583489681050656,4.197111843265294,1.0,0.009423813731413396,1.1197352208401594,0.8380696760780709,0.11138461538461537,0.10693172690443711,0.2590473322489703,1,1,2
frozenset({'25451555'}),frozenset({'28862528'}),0.032466422883701856,0.026485766036704144,0.015925634804005332,0.4905263157894737,18.520374872665535,1.0,0.015065736723458907,1.910823393109775,0.977749439358638,0.3701350277998411,0.4766653979609559,0.5459083191850594,1,1,2
frozenset({'28862528'}),frozenset({'25451555'}),0.026485766036704144,0.032466422883701856,0.015925634804005332,0.6012903225806452,18.520374872665535,1.0,0.015065736723458907,2.4266618843531753,0.9717427640834938,0.3701350277998411,0.5879112757950005,0.5459083191850594,1,1,2
frozenset({'15704307'}),frozenset({'28862528'}),0.09107685998427942,0.026485766036704144,0.015344656710296983,0.16848030018761725,6.36116395327725,1.0,0.012932416305395697,1.1707650873249926,0.9272467919719998,0.15011701771982613,0.14585768671592603,0.37391756944864735,1,1,2
frozenset({'28862528'}),frozenset({'15704307'}),0.026485766036704144,0.09107685998427942,0.015344656710296983,0.5793548387096774,6.3611639532772495,1.0,0.012932416305395697,2.160783538380931,0.865725467924149,0.15011701771982613,0.5372049156070037,0.37391756944864735,1,1,2
frozenset({'23093367'}),frozenset({'28862528'}),0.03899388264242507,0.026485766036704144,0.01438775161477735,0.3689745836985101,13.931051991744651,1.0,0.01335496876224738,1.5427496402112786,0.9658813770640249,0.2816053511705686,0.351806687271014,0.45610019507506155,1,1,2
frozenset({'28862528'}),frozenset({'23093367'}),0.026485766036704144,0.03899388264242507,0.01438775161477735,0.543225806451613,13.931051991744651,1.0,0.01335496876224738,2.1038975733110754,0.9534713305848621,0.2816053511705686,0.5246916899921994,0.45610019507506155,1,1,2
frozenset({'17131869'}),frozenset({'28862528'}),0.05488534226444756,0.026485766036704144,0.01414852534089744,0.25778331257783316,9.732900012051582,1.0,0.012694845006836854,1.3116307548196755,0.9493617441264302,0.2104728012201322,0.2375903078473628,0.395988430482465,1,1,2
frozenset({'28862528'}),frozenset({'17131869'}),0.026485766036704144,0.05488534226444756,0.01414852534089744,0.5341935483870969,9.732900012051582,1.0,0.012694845006836854,2.0289857610666298,0.9216667497653734,0.2104728012201322,0.5071429187978608,0.395988430482465,1,1,2
frozenset({'19358975'}),frozenset({'28862528'}),0.04302655411640067,0.026485766036704144,0.013909299067017532,0.3232724384432089,12.205515898434498,1.0,0.012769707821324954,1.438561526478626,0.9593472351132518,0.2501536570374923,0.3048611535942827,0.42421686438289474,1,1,2
frozenset({'28862528'}),frozenset({'19358975'}),0.026485766036704144,0.04302655411640067,0.013909299067017532,0.5251612903225806,12.205515898434497,1.0,0.012769707821324954,2.0153652732602976,0.9430471557130268,0.2501536570374923,0.5038120318594754,0.42421686438289474,1,1,2
"frozenset({'25451555', '15704307'})",frozenset({'28862528'}),0.01978743036806671,0.026485766036704144,0.011585386692184136,0.5854922279792746,22.105920106969748,1.0,0.011061301440987947,2.348603089436451,0.9740369372299115,0.3339901477832512,0.5742149857088238,0.5114557914089921,2,1,3
"frozenset({'25451555', '28862528'})",frozenset({'15704307'}),0.015925634804005332,0.09107685998427942,0.011585386692184136,0.7274678111587982,7.987405486798346,1.0,0.010134929880978975,3.3351038050970527,0.8889601552219663,0.12141833810888251,0.700159257870266,0.42733615698652855,2,1,3
"frozenset({'15704307', '28862528'})",frozenset({'25451555'}),0.015344656710296983,0.032466422883701856,0.011585386692184136,0.755011135857461,23.25513773297386,1.0,0.0110872005784224,3.94929614659289,0.9719124119456946,0.3198113207547169,0.7467903234193483,0.5559266205603095,2,1,3
frozenset({'25451555'}),"frozenset({'15704307', '28862528'})",0.032466422883701856,0.015344656710296983,0.011585386692184136,0.3568421052631579,23.25513773297386,1.0,0.0110872005784224,1.5309698463587853,0.9891116673017326,0.3198113207547169,0.3468192712100952,0.5559266205603095,1,2,3
frozenset({'15704307'}),"frozenset({'25451555', '28862528'})",0.09107685998427942,0.015925634804005332,0.011585386692184136,0.1272045028142589,7.987405486798347,1.0,0.010134929880978975,1.1274970693238717,0.962460808753817,0.12141833810888251,0.11307973456669665,0.42733615698652855,1,2,3
frozenset({'28862528'}),"frozenset({'25451555', '15704307'})",0.026485766036704144,0.01978743036806671,0.011585386692184136,0.4374193548387097,22.105920106969748,1.0,0.011061301440987947,1.7423503244604321,0.9807388693964867,0.3339901477832512,0.42606260867218065,0.5114557914089921,1,2,3
"frozenset({'25451555', '23093367'})",frozenset({'28862528'}),0.02019753255186084,0.026485766036704144,0.011858788148046888,0.587140439932318,22.168150210141366,1.0,0.011323841026359586,2.357979148656999,0.974574231868354,0.34052993130520115,0.575908039488154,0.5174411877080944,2,1,3
"frozenset({'25451555', '28862528'})",frozenset({'23093367'}),0.015925634804005332,0.03899388264242507,0.011858788148046888,0.7446351931330472,19.096205421793243,1.0,0.011237785813493384,3.7632676528456286,0.9629694756684563,0.27539682539682536,0.7342734845756078,0.5243771934113965,2,1,3
"frozenset({'23093367', '28862528'})",frozenset({'25451555'}),0.01438775161477735,0.032466422883701856,0.011858788148046888,0.8242280285035628,25.38709088636079,1.0,0.011391669319775862,5.504481567107584,0.9746326747592802,0.33886718749999994,0.818329848540947,0.5947455931991498,2,1,3
frozenset({'25451555'}),"frozenset({'23093367', '28862528'})",0.032466422883701856,0.01438775161477735,0.011858788148046888,0.3652631578947368,25.38709088636079,1.0,0.011391669319775862,1.5527887826964533,0.9928439949156737,0.33886718749999994,0.3559974085699686,0.5947455931991498,1,2,3
frozenset({'23093367'}),"frozenset({'25451555', '28862528'})",0.03899388264242507,0.015925634804005332,0.011858788148046888,0.3041191936897458,19.096205421793243,1.0,0.011237785813493384,1.414142129330768,0.9860848524848222,0.27539682539682536,0.29285750048812825,0.5243771934113965,1,2,3
frozenset({'28862528'}),"frozenset({'25451555', '23093367'})",0.026485766036704144,0.02019753255186084,0.011858788148046888,0.447741935483871,22.168150210141366,1.0,0.011323841026359586,1.7741750286736164,0.9808693122118132,0.34052993130520115,0.4363577528494436,0.5174411877080944,1,2,3
"frozenset({'15704307', '23093367'})",frozenset({'28862528'}),0.025563036123167356,0.026485766036704144,0.011175284508390008,0.43716577540106955,16.50568742452993,1.0,0.010498227914443981,1.7296642446663786,0.9640591002483871,0.27341137123745823,0.42185311219583993,0.42955062963601864,2,1,3
"frozenset({'15704307', '28862528'})",frozenset({'23093367'}),0.015344656710296983,0.03899388264242507,0.011175284508390008,0.7282850779510023,18.6769059298197,1.0,0.010576936765440387,3.5368175958487806,0.9612073375814782,0.2589073634204276,0.7172599454453868,0.5074378939272979,2,1,3
"frozenset({'23093367', '28862528'})",frozenset({'15704307'}),0.01438775161477735,0.09107685998427942,0.011175284508390008,0.7767220902612827,8.528204534009529,1.0,0.009864893269082341,4.070815339857643,0.8956280989281791,0.11852120333454151,0.7543489653758232,0.4497118894083149,2,1,3
frozenset({'15704307'}),"frozenset({'23093367', '28862528'})",0.09107685998427942,0.01438775161477735,0.011175284508390008,0.12270168855534709,8.528204534009527,1.0,0.009864893269082341,1.1234630632791354,0.9711954569517478,0.11852120333454151,0.10989508005610303,0.4497118894083149,1,2,3
frozenset({'23093367'}),"frozenset({'15704307', '28862528'})",0.03899388264242507,0.015344656710296983,0.011175284508390008,0.28659070990359337,18.6769059298197,1.0,0.010576936765440387,1.3802109910240188,0.9848615153057452,0.2589073634204276,0.27547309324201874,0.5074378939272979,1,2,3
frozenset({'28862528'}),"frozenset({'15704307', '23093367'})",0.026485766036704144,0.025563036123167356,0.011175284508390008,0.4219354838709678,16.50568742452993,1.0,0.010498227914443981,1.6856889442065746,0.9649728682644901,0.27341137123745823,0.4067707429435131,0.42955062963601864,1,2,3
"frozenset({'15704307', '17131869'})",frozenset({'28862528'}),0.0422747001127781,0.026485766036704144,0.011995488875978264,0.2837510105092967,10.71333976582262,1.0,0.010875811059519394,1.3591840941451432,0.9466789963507064,0.21131848284166166,0.26426449197895563,0.36832711815787417,2,1,3
"frozenset({'28862528', '17131869'})",frozenset({'15704307'}),0.01414852534089744,0.09107685998427942,0.011995488875978264,0.8478260869565217,9.308907741251325,1.0,0.010706885614521319,5.972923491531878,0.9053858864584415,0.1286656891495601,0.8325777985574817,0.48976670201484623,2,1,3
"frozenset({'15704307', '28862528'})",frozenset({'17131869'}),0.015344656710296983,0.05488534226444756,0.011995488875978264,0.7817371937639198,14.24309590705234,1.0,0.011153292140503162,4.33016817676799,0.9442802005970129,0.20598591549295775,0.7690620873883948,0.500146305474737,2,1,3
frozenset({'17131869'}),"frozenset({'15704307', '28862528'})",0.05488534226444756,0.015344656710296983,0.011995488875978264,0.21855541718555416,14.24309590705234,1.0,0.011153292140503162,1.2600450050384566,0.983785975035297,0.20598591549295775,0.20637755318153894,0.500146305474737,1,2,3
frozenset({'15704307'}),"frozenset({'28862528', '17131869'})",0.09107685998427942,0.01414852534089744,0.011995488875978264,0.13170731707317074,9.308907741251325,1.0,0.010706885614521319,1.1353907432871688,0.982014839324209,0.1286656891495601,0.11924594602135573,0.48976670201484623,1,2,3
frozenset({'28862528'}),"frozenset({'15704307', '17131869'})",0.026485766036704144,0.0422747001127781,0.011995488875978264,0.45290322580645165,10.71333976582262,1.0,0.010875811059519394,1.7505592155957475,0.9313252893959206,0.21131848284166166,0.42875397125044895,0.36832711815787417,1,2,3
"frozenset({'23093367', '17131869'})",frozenset({'28862528'}),0.024298554389802125,0.026485766036704144,0.011551211510201291,0.47538677918424754,17.948764575110022,1.0,0.010907645683602862,1.8556799473134138,0.9678020497621738,0.2944250871080139,0.46111396986976994,0.45575790572115604,2,1,3
"frozenset({'28862528', '17131869'})",frozenset({'23093367'}),0.01414852534089744,0.03899388264242507,0.011551211510201291,0.8164251207729468,20.937261576632075,1.0,0.01099950557349496,5.234954376132052,0.9659043847534318,0.2777321281840591,0.8089763676720197,0.556328248379462,2,1,3
"frozenset({'23093367', '28862528'})",frozenset({'17131869'}),0.01438775161477735,0.05488534226444756,0.011551211510201291,0.8028503562945367,14.627773521503387,1.0,0.010761534838408379,4.793894830200812,0.9452367274249276,0.20011841326228536,0.7914013478768555,0.5066555641995723,2,1,3
frozenset({'17131869'}),"frozenset({'23093367', '28862528'})",0.05488534226444756,0.01438775161477735,0.011551211510201291,0.2104607721046077,14.627773521503386,1.0,0.010761534838408379,1.2483385417245012,0.9857395486868527,0.20011841326228536,0.19893525147548288,0.5066555641995723,1,2,3
frozenset({'23093367'}),"frozenset({'28862528', '17131869'})",0.03899388264242507,0.01414852534089744,0.011551211510201291,0.2962313759859772,20.937261576632075,1.0,0.01099950557349496,1.4008175997335441,0.9908763793379178,0.2777321281840591,0.28613118496639783,0.556328248379462,1,2,3
frozenset({'28862528'}),"frozenset({'23093367', '17131869'})",0.026485766036704144,0.024298554389802125,0.011551211510201291,0.43612903225806454,17.948764575110022,1.0,0.010907645683602862,1.730362975624493,0.9699764277438062,0.2944250871080139,0.42208657138014805,0.45575790572115604,1,2,3
"frozenset({'25451555', '17131869'})",frozenset({'28862528'}),0.018215371996855884,0.026485766036704144,0.011175284508390008,0.6135084427767354,23.163703927858137,1.0,0.01069283642740975,2.5188499354487215,0.974581373583466,0.3333333333333333,0.6029934193670594,0.5177219633238517,2,1,3
"frozenset({'25451555', '28862528'})",frozenset({'17131869'}),0.015925634804005332,0.05488534226444756,0.011175284508390008,0.7017167381974249,12.78513915093079,1.0,0.010301200591393576,3.1685138885235067,0.9367017613170823,0.18739255014326647,0.6843946294122165,0.45266409761676973,2,1,3
"frozenset({'28862528', '17131869'})",frozenset({'25451555'}),0.01414852534089744,0.032466422883701856,0.011175284508390008,0.7898550724637682,24.328367658276125,1.0,0.01071593250149166,4.604125298001696,0.97265738920588,0.3153326904532304,0.7828034783427756,0.5670327993897788,2,1,3
frozenset({'25451555'}),"frozenset({'28862528', '17131869'})",0.032466422883701856,0.01414852534089744,0.011175284508390008,0.34421052631578947,24.328367658276125,1.0,0.01071593250149166,1.503304816895903,0.9910722936816792,0.3153326904532304,0.3347989118634976,0.5670327993897788,1,2,3
frozenset({'17131869'}),"frozenset({'25451555', '28862528'})",0.05488534226444756,0.015925634804005332,0.011175284508390008,0.20361145703611458,12.78513915093079,1.0,0.010301200591393576,1.2356711731859011,0.9753146706608345,0.18739255014326647,0.19072321043006593,0.45266409761676973,1,2,3
frozenset({'28862528'}),"frozenset({'25451555', '17131869'})",0.026485766036704144,0.018215371996855884,0.011175284508390008,0.4219354838709678,23.16370392785814,1.0,0.01069283642740975,1.6983997471036536,0.9828608334025771,0.3333333333333333,0.4112104634345722,0.5177219633238517,1,2,3
"frozenset({'15704307', '23093367', '17131869'})",frozenset({'28862528'}),0.020402583643757903,0.026485766036704144,0.010013328320973309,0.490787269681742,18.53022748149349,1.0,0.00947295026404045,1.9118026239344987,0.9657376652546773,0.2715477293790547,0.47693345145536237,0.43442589290538713,3,1,4
"frozenset({'28862528', '15704307', '17131869'})",frozenset({'23093367'}),0.011995488875978264,0.03899388264242507,0.010013328320973309,0.8347578347578347,21.407404910472394,1.0,0.009545577635504897,5.815743917112219,0.9648611732539374,0.24437030859049202,0.8280529517371622,0.5457750611124844,3,1,4
"frozenset({'28862528', '23093367', '17131869'})",frozenset({'15704307'}),0.011551211510201291,0.09107685998427942,0.010013328320973309,0.8668639053254438,9.517937986389422,1.0,0.008961280247609909,6.827022696118078,0.9053936195658496,0.1081180811808118,0.8535232641648297,0.4884038100736037,3,1,4
"frozenset({'15704307', '23093367', '28862528'})",frozenset({'17131869'}),0.011175284508390008,0.05488534226444756,0.010013328320973309,0.8960244648318042,16.325387213850203,1.0,0.009399969005827746,9.089779208221335,0.9493550226465741,0.17865853658536582,0.889986326720066,0.5392326558281063,3,1,4
"frozenset({'15704307', '17131869'})","frozenset({'23093367', '28862528'})",0.0422747001127781,0.01438775161477735,0.010013328320973309,0.23686337914308814,16.462848781724233,1.0,0.009405090436161457,1.2915279144624157,0.9807166748345397,0.21465201465201464,0.22572327798564154,0.4664126871962472,2,2,4
"frozenset({'23093367', '17131869'})","frozenset({'15704307', '28862528'})",0.024298554389802125,0.015344656710296983,0.010013328320973309,0.4120956399437412,26.85596997860537,1.0,0.009640475345305315,1.674856337509519,0.9867407039921577,0.33794694348327564,0.40293386506989487,0.5323284435798884,2,2,4
"frozenset({'28862528', '17131869'})","frozenset({'15704307', '23093367'})",0.01414852534089744,0.025563036123167356,0.010013328320973309,0.7077294685990337,27.685657728176906,1.0,0.0096516490565944,3.334023992107509,0.977713418244851,0.3371691599539701,0.7000621464130862,0.5497203492727789,2,2,4
"frozenset({'15704307', '23093367'})","frozenset({'28862528', '17131869'})",0.025563036123167356,0.01414852534089744,0.010013328320973309,0.3917112299465241,27.68565772817691,1.0,0.0096516490565944,1.6206964902088106,0.9891663092662721,0.3371691599539701,0.38298132559591086,0.5497203492727789,2,2,4
"frozenset({'15704307', '28862528'})","frozenset({'23093367', '17131869'})",0.015344656710296983,0.024298554389802125,0.010013328320973309,0.6525612472160356,26.85596997860537,1.0,0.009640475345305315,2.808268904352428,0.9777678432242157,0.33794694348327564,0.6439087444759516,0.5323284435798884,2,2,4
"frozenset({'23093367', '28862528'})","frozenset({'15704307', '17131869'})",0.01438775161477735,0.0422747001127781,0.010013328320973309,0.6959619952494062,16.462848781724233,1.0,0.009405090436161457,3.1500183691603154,0.9529682418711214,0.21465201465201464,0.6825415337922093,0.4664126871962472,2,2,4
frozenset({'17131869'}),"frozenset({'15704307', '23093367', '28862528'})",0.05488534226444756,0.011175284508390008,0.010013328320973309,0.18244084682440848,16.325387213850203,1.0,0.009399969005827746,1.2094840008221825,0.9932611905715413,0.17865853658536582,0.17320113426864645,0.5392326558281063,1,3,4
frozenset({'15704307'}),"frozenset({'28862528', '23093367', '17131869'})",0.09107685998427942,0.011551211510201291,0.010013328320973309,0.1099437148217636,9.517937986389423,1.0,0.008961280247609909,1.110546383358058,0.9846104549068684,0.1081180811808118,0.09954233791099211,0.4884038100736037,1,3,4
frozenset({'23093367'}),"frozenset({'28862528', '15704307', '17131869'})",0.03899388264242507,0.011995488875978264,0.010013328320973309,0.25679228746713406,21.407404910472394,1.0,0.009545577635504897,1.3293787113119206,0.9919678705110714,0.24437030859049202,0.24776890776810134,0.5457750611124844,1,3,4
frozenset({'28862528'}),"frozenset({'15704307', '23093367', '17131869'})",0.026485766036704144,0.020402583643757903,0.010013328320973309,0.37806451612903225,18.530227481493487,1.0,0.00947295026404045,1.575078833352879,0.9717722543305507,0.2715477293790547,0.36511114312209086,0.43442589290538713,1,3,4
"frozenset({'25451555', '23093367', '17131869'})",frozenset({'28862528'}),0.015173780800382761,0.026485766036704144,0.010013328320973309,0.6599099099099099,24.915643708224355,1.0,0.009611439112802139,2.8625186747000226,0.9746537554091189,0.31641468682505397,0.6506573009153225,0.518987213019471,3,1,4
"frozenset({'25451555', '28862528', '17131869'})",frozenset({'23093367'}),0.011175284508390008,0.03899388264242507,0.010013328320973309,0.8960244648318042,22.978590591974953,1.0,0.009577560588357438,9.242617658115492,0.9672909818768429,0.2493617021276595,0.8918055428678315,0.5764083761494692,3,1,4
"frozenset({'25451555', '23093367', '28862528'})",frozenset({'17131869'}),0.011858788148046888,0.05488534226444756,0.010013328320973309,0.8443804034582133,15.38444270584731,1.0,0.00936245467462618,6.0732367821154964,0.9462202964611307,0.17650602409638555,0.8353431562318127,0.5134106251413109,3,1,4
"frozenset({'28862528', '23093367', '17131869'})",frozenset({'25451555'}),0.011551211510201291,0.032466422883701856,0.010013328320973309,0.8668639053254438,26.700320772345062,1.0,0.00963830180326403,7.2672522014513055,0.9737957875441666,0.2944723618090452,0.8623964089480347,0.5876424789785113,3,1,4
"frozenset({'25451555', '17131869'})","frozenset({'23093367', '28862528'})",0.018215371996855884,0.01438775161477735,0.010013328320973309,0.549718574108818,38.207399517810266,1.0,0.009751250073111775,2.188880534955515,0.9918947919666439,0.44326777609682294,0.5431454645283676,0.6228402846791121,2,2,4
"frozenset({'25451555', '23093367'})","frozenset({'28862528', '17131869'})",0.02019753255186084,0.01414852534089744,0.010013328320973309,0.49576988155668356,35.040392522294965,1.0,0.009727563019839704,1.9551618171930523,0.9914870998808377,0.4115168539325842,0.48853338316740447,0.6017496750778586,2,2,4
"frozenset({'25451555', '28862528'})","frozenset({'23093367', '17131869'})",0.015925634804005332,0.024298554389802125,0.010013328320973309,0.6287553648068669,25.87624575191805,1.0,0.00962635841749606,2.6281900211234226,0.9769124688053187,0.33144796380090497,0.6195100080425125,0.520425502375304,2,2,4
"frozenset({'23093367', '17131869'})","frozenset({'25451555', '28862528'})",0.024298554389802125,0.015925634804005332,0.010013328320973309,0.4120956399437412,25.87624575191805,1.0,0.00962635841749606,1.6738681187903164,0.9852957807092521,0.33144796380090497,0.40258136900134783,0.520425502375304,2,2,4
"frozenset({'28862528', '17131869'})","frozenset({'25451555', '23093367'})",0.01414852534089744,0.02019753255186084,0.010013328320973309,0.7077294685990337,35.040392522294965,1.0,0.009727563019839704,3.352381996062227,0.9854035134878364,0.4115168539325842,0.7017046383214623,0.6017496750778586,2,2,4
"frozenset({'23093367', '28862528'})","frozenset({'25451555', '17131869'})",0.01438775161477735,0.018215371996855884,0.010013328320973309,0.6959619952494062,38.207399517810266,1.0,0.009751250073111775,3.2291510030415913,0.9880427733570647,0.44326777609682294,0.6903210784946002,0.6228402846791121,2,2,4
frozenset({'25451555'}),"frozenset({'28862528', '23093367', '17131869'})",0.032466422883701856,0.011551211510201291,0.010013328320973309,0.30842105263157893,26.700320772345062,1.0,0.00963830180326403,1.429263849414473,0.9948463693666749,0.2944723618090452,0.3003391218425693,0.5876424789785113,1,3,4
frozenset({'17131869'}),"frozenset({'25451555', '23093367', '28862528'})",0.05488534226444756,0.011858788148046888,0.010013328320973309,0.18244084682440848,15.384442705847311,1.0,0.00936245467462618,1.2086479712370426,0.9892971850253889,0.17650602409638555,0.17262923216881151,0.5134106251413109,1,3,4
frozenset({'23093367'}),"frozenset({'25451555', '28862528', '17131869'})",0.03899388264242507,0.011175284508390008,0.010013328320973309,0.25679228746713406,22.978590591974953,1.0,0.009577560588357438,1.3304823117640647,0.9952915102995936,0.2493617021276595,0.2483928638824846,0.5764083761494692,1,3,4
frozenset({'28862528'}),"frozenset({'25451555', '23093367', '17131869'})",0.026485766036704144,0.015173780800382761,0.010013328320973309,0.37806451612903225,24.915643708224355,1.0,0.009611439112802139,1.58348614082926,0.9859789815918197,0.31641468682505397,0.3684820004320926,0.518987213019471,1,3,4
"frozenset({'19358975', '17131869'})",frozenset({'28862528'}),0.030620963056628276,0.026485766036704144,0.011824612966064045,0.3861607142857143,14.57993375576037,1.0,0.011013593302727626,1.5859431884202055,0.9608342529108066,0.26113207547169814,0.36946038969017364,0.41630616359447004,2,1,3
"frozenset({'19358975', '28862528'})",frozenset({'17131869'}),0.013909299067017532,0.05488534226444756,0.011824612966064045,0.8501228501228502,15.489068939878406,1.0,0.011061196326112226,6.305928945874918,0.9486331625312366,0.20755848830233953,0.8414190821712066,0.5327824711386355,2,1,3
"frozenset({'28862528', '17131869'})",frozenset({'19358975'}),0.01414852534089744,0.04302655411640067,0.011824612966064045,0.8357487922705314,19.424023360308198,1.0,0.011215850674816655,5.826279508761916,0.9621300819491954,0.26073850791258485,0.8283638815308914,0.5552850395030179,2,1,3
frozenset({'19358975'}),"frozenset({'28862528', '17131869'})",0.04302655411640067,0.01414852534089744,0.011824612966064045,0.2748212867355044,19.424023360308198,1.0,0.011215850674816655,1.3594600291301318,0.9911637195196215,0.26073850791258485,0.26441382712821415,0.5552850395030179,1,2,3
frozenset({'17131869'}),"frozenset({'19358975', '28862528'})",0.05488534226444756,0.013909299067017532,0.011824612966064045,0.21544209215442092,15.489068939878404,1.0,0.011061196326112226,1.2568743378558491,0.989761752727402,0.20755848830233953,0.20437551322279443,0.5327824711386355,1,2,3
frozenset({'28862528'}),"frozenset({'19358975', '17131869'})",0.026485766036704144,0.030620963056628276,0.011824612966064045,0.4464516129032258,14.57993375576037,1.0,0.011013593302727626,1.7512092159233408,0.9567529166543224,0.26113207547169814,0.42896600194469564,0.41630616359447004,1,2,3
"frozenset({'19358975', '23093367'})",frozenset({'28862528'}),0.024298554389802125,0.026485766036704144,0.011687912238132668,0.4810126582278481,18.161175990200082,1.0,0.011044346411534239,1.8757957191000092,0.9684699050603742,0.29895104895104896,0.46689290853068394,0.46115149040424663,2,1,3
"frozenset({'19358975', '28862528'})",frozenset({'23093367'}),0.013909299067017532,0.03899388264242507,0.011687912238132668,0.8402948402948403,21.54940168437101,1.0,0.011145534662674993,6.017376765608198,0.9670459303685381,0.2835820895522388,0.8338146273779274,0.5700159565190239,2,1,3
"frozenset({'23093367', '28862528'})",frozenset({'19358975'}),0.01438775161477735,0.04302655411640067,0.011687912238132668,0.8123515439429928,18.880237114627413,1.0,0.011068856864666118,5.0998205154050025,0.9608591665247259,0.2556053811659193,0.8039146677850122,0.5419978529881764,2,1,3
frozenset({'19358975'}),"frozenset({'23093367', '28862528'})",0.04302655411640067,0.01438775161477735,0.011687912238132668,0.27164416203335984,18.880237114627416,1.0,0.011068856864666118,1.3532015493097005,0.9896142547879828,0.2556053811659193,0.26101178312268175,0.5419978529881764,1,2,3
frozenset({'23093367'}),"frozenset({'19358975', '28862528'})",0.03899388264242507,0.013909299067017532,0.011687912238132668,0.2997370727432077,21.54940168437101,1.0,0.011145534662674993,1.408172077302294,0.992288167669054,0.2835820895522388,0.2898595163768975,0.5700159565190239,1,2,3
frozenset({'28862528'}),"frozenset({'19358975', '23093367'})",0.026485766036704144,0.024298554389802125,0.011687912238132668,0.4412903225806452,18.161175990200086,1.0,0.011044346411534239,1.7463478529974676,0.9706457835243166,0.29895104895104896,0.4273763968137394,0.46115149040424663,1,2,3
"frozenset({'19358975', '15704307'})",frozenset({'28862528'}),0.030791838966542497,0.026485766036704144,0.01127781005433854,0.3662597114317425,13.828548924134475,1.0,0.010462264611630825,1.536140673907057,0.9571585032269093,0.24517087667161963,0.34901795324735724,0.39603308152232286,2,1,3
"frozenset({'19358975', '28862528'})",frozenset({'15704307'}),0.013909299067017532,0.09107685998427942,0.01127781005433854,0.8108108108108109,8.902489731758024,1.0,0.010010994770732315,4.804308025797382,0.9001929253020956,0.12035010940919039,0.79185347928768,0.467319101465443,2,1,3
"frozenset({'15704307', '28862528'})",frozenset({'19358975'}),0.015344656710296983,0.04302655411640067,0.01127781005433854,0.734966592427617,17.0816977450552,1.0,0.010617582351995357,3.6107653546364387,0.9561292853566906,0.23947750362844705,0.7230504057218948,0.49853969017727157,2,1,3
frozenset({'19358975'}),"frozenset({'15704307', '28862528'})",0.04302655411640067,0.015344656710296983,0.01127781005433854,0.26211278792692616,17.0816977450552,1.0,0.010617582351995357,1.334425271476573,0.9837867641488812,0.23947750362844705,0.2506137126034217,0.49853969017727157,1,2,3
frozenset({'15704307'}),"frozenset({'19358975', '28862528'})",0.09107685998427942,0.013909299067017532,0.01127781005433854,0.12382739212007506,8.902489731758024,1.0,0.010010994770732315,1.125452555882826,0.9766192911214718,0.12035010940919039,0.11146854234510004,0.467319101465443,1,2,3
frozenset({'28862528'}),"frozenset({'19358975', '15704307'})",0.026485766036704144,0.030791838966542497,0.01127781005433854,0.42580645161290326,13.828548924134475,1.0,0.010462264611630825,1.6879467973054596,0.9529247753814207,0.24517087667161963,0.4075642658901679,0.39603308152232286,1,2,3
"frozenset({'25451555', '19358975'})",frozenset({'28862528'}),0.01777109463107891,0.026485766036704144,0.011106934144424319,0.625,23.59758064516129,1.0,0.010636253089809434,2.5960379572354557,0.9749486795866533,0.3350515463917526,0.6147976198834515,0.5221774193548387,2,1,3
"frozenset({'25451555', '28862528'})",frozenset({'19358975'}),0.015925634804005332,0.04302655411640067,0.011106934144424319,0.6974248927038627,16.20917377713084,1.0,0.010421708956691748,3.1627633034167184,0.9534914982569089,0.23214285714285712,0.6838207908509294,0.47778313737655403,2,1,3
"frozenset({'19358975', '28862528'})",frozenset({'25451555'}),0.013909299067017532,0.032466422883701856,0.011106934144424319,0.7985257985257985,24.595435148066727,1.0,0.010655348958898648,4.802270315686992,0.9728740449264467,0.31492248062015504,0.7917651580892018,0.5703155308418466,2,1,3
frozenset({'25451555'}),"frozenset({'19358975', '28862528'})",0.032466422883701856,0.013909299067017532,0.011106934144424319,0.3421052631578947,24.595435148066723,1.0,0.010655348958898648,1.4988578654181333,0.9915335979763235,0.31492248062015504,0.3328253311590475,0.5703155308418466,1,2,3
frozenset({'19358975'}),"frozenset({'25451555', '28862528'})",0.04302655411640067,0.015925634804005332,0.011106934144424319,0.2581413820492454,16.209173777130836,1.0,0.010421708956691748,1.3264985286742583,0.9804938108816402,0.23214285714285712,0.24613561313224414,0.47778313737655403,1,2,3
frozenset({'28862528'}),"frozenset({'25451555', '19358975'})",0.026485766036704144,0.01777109463107891,0.011106934144424319,0.41935483870967744,23.597580645161294,1.0,0.010636253089809434,1.6916164481353642,0.9836761918135225,0.3350515463917526,0.40884944627827396,0.5221774193548387,1,2,3
"frozenset({'19358975', '23093367', '17131869'})",frozenset({'28862528'}),0.020026656641946618,0.026485766036704144,0.010423430504767437,0.5204778156996587,19.651227567984147,1.0,0.009893009162451432,2.030175591112069,0.9685085826175197,0.28882575757575757,0.5074317687701928,0.45701310139821644,3,1,4
"frozenset({'28862528', '19358975', '17131869'})",frozenset({'23093367'}),0.011824612966064045,0.03899388264242507,0.010423430504767437,0.8815028901734103,22.60618410987218,1.0,0.009962342934476637,8.109954063554163,0.9672010953529707,0.25803722504230114,0.876694739308825,0.574406133956118,3,1,4
"frozenset({'19358975', '23093367', '28862528'})",frozenset({'17131869'}),0.011687912238132668,0.05488534226444756,0.010423430504767437,0.891812865497076,16.24865271314442,1.0,0.009781935441220701,8.73592467420429,0.949554748452291,0.18563603164942177,0.8855301485196145,0.5408628461981021,3,1,4
"frozenset({'28862528', '23093367', '17131869'})",frozenset({'19358975'}),0.011551211510201291,0.04302655411640067,0.010423430504767437,0.9023668639053254,20.97232470590447,1.0,0.00992642167761377,9.801728021474437,0.963447094971782,0.23606811145510836,0.8979771732281168,0.572311311221924,3,1,4
"frozenset({'19358975', '17131869'})","frozenset({'23093367', '28862528'})",0.030620963056628276,0.01438775161477735,0.010423430504767437,0.3404017857142857,23.65913694010858,1.0,0.009982863694103396,1.494261547467275,0.9879861177334107,0.3013833992094862,0.3307731155265504,0.53243367195453,2,2,4
"frozenset({'19358975', '23093367'})","frozenset({'28862528', '17131869'})",0.024298554389802125,0.01414852534089744,0.010423430504767437,0.42897327707454286,30.319292416614005,1.0,0.010079641792236147,1.726454183454734,0.9910999971289942,0.37195121951219506,0.4207781419377474,0.5828441264599767,2,2,4
"frozenset({'19358975', '28862528'})","frozenset({'23093367', '17131869'})",0.013909299067017532,0.024298554389802125,0.010423430504767437,0.7493857493857493,30.840754448349383,1.0,0.010085454644863488,3.8932400819936315,0.9812235028356441,0.37515375153751535,0.7431445328468095,0.5891795132301461,2,2,4
"frozenset({'23093367', '17131869'})","frozenset({'19358975', '28862528'})",0.024298554389802125,0.013909299067017532,0.010423430504767437,0.42897327707454286,30.840754448349383,1.0,0.010085454644863488,1.7268731240476614,0.9916715569463983,0.37515375153751535,0.4209186615539682,0.5891795132301461,2,2,4
"frozenset({'28862528', '17131869'})","frozenset({'19358975', '23093367'})",0.01414852534089744,0.024298554389802125,0.010423430504767437,0.7367149758454106,30.319292416614008,1.0,0.010079641792236147,3.7058752154368975,0.9808959308778309,0.37195121951219506,0.7301582104452735,0.5828441264599767,2,2,4
"frozenset({'23093367', '28862528'})","frozenset({'19358975', '17131869'})",0.01438775161477735,0.030620963056628276,0.010423430504767437,0.7244655581947742,23.65913694010858,1.0,0.009982863694103396,3.51817736683758,0.9717138082353743,0.3013833992094862,0.7157619142724233,0.53243367195453,2,2,4
frozenset({'19358975'}),"frozenset({'28862528', '23093367', '17131869'})",0.04302655411640067,0.011551211510201291,0.010423430504767437,0.24225575853852263,20.97232470590447,1.0,0.00992642167761377,1.3044622900510028,0.9951353591839459,0.23606811145510836,0.2334006068041251,0.572311311221924,1,3,4
frozenset({'17131869'}),"frozenset({'19358975', '23093367', '28862528'})",0.05488534226444756,0.011687912238132668,0.010423430504767437,0.18991282689912825,16.24865271314442,1.0,0.009781935441220701,1.2200070814339423,0.9929551173564204,0.18563603164942177,0.1803326265740652,0.5408628461981021,1,3,4
frozenset({'23093367'}),"frozenset({'28862528', '19358975', '17131869'})",0.03899388264242507,0.011824612966064045,0.010423430504767437,0.26730937773882557,22.60618410987218,1.0,0.009962342934476637,1.3486939193848335,0.9945455075437819,0.25803722504230114,0.25854192294711315,0.574406133956118,1,3,4
frozenset({'28862528'}),"frozenset({'19358975', '23093367', '17131869'})",0.026485766036704144,0.020026656641946618,0.010423430504767437,0.3935483870967742,19.651227567984147,1.0,0.009893009162451432,1.6159134917074285,0.974934480325682,0.28882575757575757,0.3811549905785077,0.45701310139821644,1,3,4
"frozenset({'19358975', '15704307', '17131869'})",frozenset({'28862528'}),0.025665561669115888,0.026485766036704144,0.010320904958818905,0.4021304926764314,15.182890769296852,1.0,0.009641132897250099,1.6283055450031965,0.9587430691217906,0.24673202614379083,0.3858646474129418,0.39590395601563505,3,1,4
"frozenset({'28862528', '19358975', '17131869'})",frozenset({'15704307'}),0.011824612966064045,0.09107685998427942,0.010320904958818905,0.8728323699421965,9.58347016017959,1.0,0.009243956339340395,7.147441055578164,0.9063711518002642,0.11148025101513473,0.8600897870686799,0.493076597729072,3,1,4
"frozenset({'19358975', '15704307', '28862528'})",frozenset({'17131869'}),0.01127781005433854,0.05488534226444756,0.010320904958818905,0.915151515151515,16.67387825955696,1.0,0.009701918493993107,11.138851323311854,0.950748309348047,0.18482252141982863,0.9102241361362676,0.5515981735159817,3,1,4
"frozenset({'28862528', '15704307', '17131869'})",frozenset({'19358975'}),0.011995488875978264,0.04302655411640067,0.010320904958818905,0.8603988603988604,19.996926969127127,1.0,0.009804780407543944,6.855054683778435,0.9615262942083332,0.23088685015290517,0.8541222432015947,0.5501358877053872,3,1,4
"frozenset({'19358975', '17131869'})","frozenset({'15704307', '28862528'})",0.030620963056628276,0.015344656710296983,0.010320904958818905,0.3370535714285714,21.96553352688514,1.0,0.009851036792576259,1.4852713595750402,0.9846242746225586,0.28954937679769893,0.3267223571279823,0.5048296810372255,2,2,4
"frozenset({'19358975', '15704307'})","frozenset({'28862528', '17131869'})",0.030791838966542497,0.01414852534089744,0.010320904958818905,0.33518312985571586,23.69032261523696,1.0,0.009885245844907945,1.4828917840865634,0.9882177117290465,0.29812438302073047,0.32564195800977924,0.5323258644447662,2,2,4
"frozenset({'19358975', '28862528'})","frozenset({'15704307', '17131869'})",0.013909299067017532,0.0422747001127781,0.010320904958818905,0.7420147420147419,17.552217757553247,1.0,0.009732893511981795,3.712325686229516,0.956329008752445,0.22503725782414308,0.7306270827181475,0.49307689404698296,2,2,4
"frozenset({'15704307', '17131869'})","frozenset({'19358975', '28862528'})",0.0422747001127781,0.013909299067017532,0.010320904958818905,0.24413904607922393,17.552217757553247,1.0,0.009732893511981795,1.3045927241220312,0.9846530551863777,0.22503725782414308,0.2334772519347117,0.49307689404698296,2,2,4
"frozenset({'28862528', '17131869'})","frozenset({'19358975', '15704307'})",0.01414852534089744,0.030791838966542497,0.010320904958818905,0.7294685990338163,23.69032261523696,1.0,0.009885245844907945,3.582608738105815,0.9715344508834804,0.29812438302073047,0.7208737897153914,0.5323258644447662,2,2,4
"frozenset({'15704307', '28862528'})","frozenset({'19358975', '17131869'})",0.015344656710296983,0.030620963056628276,0.010320904958818905,0.6726057906458797,21.96553352688514,1.0,0.009851036792576259,2.9608924325685293,0.9693484502869941,0.28954937679769893,0.6622639887216317,0.5048296810372255,2,2,4
frozenset({'19358975'}),"frozenset({'28862528', '15704307', '17131869'})",0.04302655411640067,0.011995488875978264,0.010320904958818905,0.2398729150119142,19.996926969127127,1.0,0.009804780407543944,1.2997885888246012,0.9927049912707275,0.23088685015290517,0.23064411505235632,0.5501358877053872,1,3,4
frozenset({'17131869'}),"frozenset({'19358975', '15704307', '28862528'})",0.05488534226444756,0.01127781005433854,0.010320904958818905,0.18804483188044832,16.673878259556965,1.0,0.009701918493993107,1.2177053965128315,0.9946157778972463,0.18482252141982863,0.17878330599197395,0.5515981735159817,1,3,4
frozenset({'15704307'}),"frozenset({'28862528', '19358975', '17131869'})",0.09107685998427942,0.011824612966064045,0.010320904958818905,0.11332082551594745,9.58347016017959,1.0,0.009243956339340395,1.114467797903275,0.9854008818733884,0.11148025101513473,0.10271072714584605,0.493076597729072,1,3,4
frozenset({'28862528'}),"frozenset({'19358975', '15704307', '17131869'})",0.026485766036704144,0.025665561669115888,0.010320904958818905,0.3896774193548387,15.18289076929685,1.0,0.009641132897250099,1.5964253482165647,0.959550828500395,0.24673202614379083,0.37360052499971713,0.39590395601563505,1,3,4
"frozenset({'25451555', '19358975', '23093367'})",frozenset({'28862528'}),0.015207955982365606,0.026485766036704144,0.010081678684938998,0.6629213483146068,25.029343965204788,1.0,0.009678884320893567,2.888092227424445,0.9748727166640001,0.318918918918919,0.6537506695581587,0.5217832548024647,3,1,4
"frozenset({'25451555', '19358975', '28862528'})",frozenset({'23093367'}),0.011106934144424319,0.03899388264242507,0.010081678684938998,0.9076923076923078,23.277812984561454,1.0,0.009648576198394172,10.410899604707074,0.9677898155133714,0.2519214346712212,0.9039468213152425,0.5831187217690286,3,1,4
"frozenset({'25451555', '23093367', '28862528'})",frozenset({'19358975'}),0.011858788148046888,0.04302655411640067,0.010081678684938998,0.8501440922190203,19.758591169516087,1.0,0.009571435894932128,6.385957417723255,0.9607828241084314,0.22501906941266211,0.8434064096286249,0.5422285195010907,3,1,4
"frozenset({'19358975', '23093367', '28862528'})",frozenset({'25451555'}),0.011687912238132668,0.032466422883701856,0.010081678684938998,0.8625730994152048,26.5681594336719,1.0,0.009702213983588188,7.040350710080302,0.9737419712921127,0.2958876629889669,0.8579616213481794,0.5865497076023393,3,1,4
"frozenset({'25451555', '19358975'})","frozenset({'23093367', '28862528'})",0.01777109463107891,0.01438775161477735,0.010081678684938998,0.5673076923076924,39.42990590169926,1.0,0.009825992589464332,2.277859418490293,0.9922723045504592,0.4566563467492261,0.5609913448202284,0.6340101406906633,2,2,4
"frozenset({'25451555', '23093367'})","frozenset({'19358975', '28862528'})",0.02019753255186084,0.013909299067017532,0.010081678684938998,0.49915397631133673,35.8863501249288,1.0,0.009800745164259344,1.968850014362813,0.9921737125560883,0.4196301564722618,0.49208929440791654,0.6119848505635308,2,2,4
"frozenset({'25451555', '28862528'})","frozenset({'19358975', '23093367'})",0.015925634804005332,0.024298554389802125,0.010081678684938998,0.6330472103004292,26.05287541575367,1.0,0.00969470878146175,2.658929085697966,0.9771787121704864,0.33446712018140595,0.623908736273235,0.5239778948829854,2,2,4
"frozenset({'19358975', '23093367'})","frozenset({'25451555', '28862528'})",0.024298554389802125,0.015925634804005332,0.010081678684938998,0.41490857946554155,26.05287541575367,1.0,0.00969470878146175,1.6819155616691162,0.9855643088248389,0.33446712018140595,0.4054398313506238,0.5239778948829854,2,2,4
"frozenset({'19358975', '28862528'})","frozenset({'25451555', '23093367'})",0.013909299067017532,0.02019753255186084,0.010081678684938998,0.7248157248157249,35.88635012492881,1.0,0.009800745164259344,3.5605321808160064,0.9858466881189107,0.4196301564722618,0.7191431086094497,0.6119848505635308,2,2,4
"frozenset({'23093367', '28862528'})","frozenset({'25451555', '19358975'})",0.01438775161477735,0.01777109463107891,0.010081678684938998,0.7007125890736342,39.42990590169926,1.0,0.009825992589464332,3.2818918187326647,0.9888660993441314,0.4566563467492261,0.6952976955876139,0.6340101406906633,2,2,4
frozenset({'25451555'}),"frozenset({'19358975', '23093367', '28862528'})",0.032466422883701856,0.011687912238132668,0.010081678684938998,0.3105263157894737,26.5681594336719,1.0,0.009702213983588188,1.4334297456088154,0.9946538118680587,0.2958876629889669,0.3023725068749193,0.5865497076023393,1,3,4
frozenset({'19358975'}),"frozenset({'25451555', '23093367', '28862528'})",0.04302655411640067,0.011858788148046888,0.010081678684938998,0.23431294678316125,19.758591169516087,1.0,0.009571435894932128,1.290528823362665,0.9920746581055349,0.22501906941266211,0.22512385473549426,0.5422285195010907,1,3,4
frozenset({'23093367'}),"frozenset({'25451555', '19358975', '28862528'})",0.03899388264242507,0.011106934144424319,0.010081678684938998,0.25854513584574934,23.27781298456145,1.0,0.009648576198394172,1.3337198441385483,0.995873616703233,0.2519214346712212,0.2502173493220373,0.5831187217690286,1,3,4
frozenset({'28862528'}),"frozenset({'25451555', '19358975', '23093367'})",0.026485766036704144,0.015207955982365606,0.010081678684938998,0.3806451612903226,25.029343965204788,1.0,0.009678884320893567,1.5900288210701388,0.9861662642487479,0.318918918918919,0.3710805824721033,0.5217832548024647,1,3,4
"frozenset({'25451555', '19358975', '17131869'})",frozenset({'28862528'}),0.015139605618399919,0.026485766036704144,0.010013328320973309,0.6613995485327313,24.971886696279036,1.0,0.009612344268676397,2.8751120376382664,0.9747117190928973,0.31675675675675674,0.6521874671633873,0.5197320323308818,3,1,4
"frozenset({'25451555', '19358975', '28862528'})",frozenset({'17131869'}),0.011106934144424319,0.05488534226444756,0.010013328320973309,0.9015384615384615,16.4258511351662,1.0,0.009403720438947901,9.598820742626701,0.9496682569323286,0.17887667887667888,0.8958205359998888,0.541989654181435,3,1,4
"frozenset({'25451555', '28862528', '17131869'})",frozenset({'19358975'}),0.011175284508390008,0.04302655411640067,0.010013328320973309,0.8960244648318042,20.824918082163165,1.0,0.009532494337306891,9.20383284717461,0.9627394911474413,0.22660479505027065,0.891349613079188,0.5643744246319465,3,1,4
"frozenset({'28862528', '19358975', '17131869'})",frozenset({'25451555'}),0.011824612966064045,0.032466422883701856,0.010013328320973309,0.8468208092485549,26.082972315181014,1.0,0.009629425435980969,6.316351277023378,0.9731681479020242,0.29212362911266193,0.8416807495115667,0.5776209309400668,3,1,4
"frozenset({'25451555', '19358975'})","frozenset({'28862528', '17131869'})",0.01777109463107891,0.01414852534089744,0.010013328320973309,0.5634615384615385,39.82475380899294,1.0,0.009761893538250003,2.25833817983583,0.9925283035627238,0.45709828393135726,0.5571965222353478,0.635595503530286,2,2,4
"frozenset({'25451555', '17131869'})","frozenset({'19358975', '28862528'})",0.018215371996855884,0.013909299067017532,0.010013328320973309,0.549718574108818,39.52165896068335,1.0,0.009759965264252064,2.1899430983219985,0.9927812990952922,0.4528593508500773,0.5433671309696445,0.6348101470052689,2,2,4
"frozenset({'25451555', '28862528'})","frozenset({'19358975', '17131869'})",0.015925634804005332,0.030620963056628276,0.010013328320973309,0.6287553648068669,20.53349411787247,1.0,0.009525670045986508,2.6111597180093127,0.9666943030851844,0.27408793264733394,0.6170284057681555,0.47788214668914775,2,2,4
"frozenset({'19358975', '17131869'})","frozenset({'25451555', '28862528'})",0.030620963056628276,0.015925634804005332,0.010013328320973309,0.32700892857142855,20.53349411787247,1.0,0.009525670045986508,1.4622398527622078,0.981348932040821,0.27408793264733394,0.31611766830798993,0.47788214668914775,2,2,4
"frozenset({'19358975', '28862528'})","frozenset({'25451555', '17131869'})",0.013909299067017532,0.018215371996855884,0.010013328320973309,0.7199017199017199,39.521658960683354,1.0,0.009759965264252064,3.5051433648884185,0.9884460095795923,0.4528593508500773,0.7147049647049647,0.6348101470052689,2,2,4
"frozenset({'28862528', '17131869'})","frozenset({'25451555', '19358975'})",0.01414852534089744,0.01777109463107891,0.010013328320973309,0.7077294685990337,39.82475380899294,1.0,0.009761893538250003,3.3606840233283735,0.9888811998716069,0.45709828393135726,0.7024415288499469,0.635595503530286,2,2,4
frozenset({'25451555'}),"frozenset({'28862528', '19358975', '17131869'})",0.032466422883701856,0.011824612966064045,0.010013328320973309,0.30842105263157893,26.082972315181014,1.0,0.009629425435980969,1.4288685200642908,0.9939301683651948,0.29212362911266193,0.3001455445634664,0.5776209309400668,1,3,4
frozenset({'19358975'}),"frozenset({'25451555', '28862528', '17131869'})",0.04302655411640067,0.011175284508390008,0.010013328320973309,0.23272438443208895,20.824918082163165,1.0,0.009532494337306891,1.2887477399626677,0.9947826739825749,0.22660479505027065,0.22405295544575085,0.5643744246319465,1,3,4
frozenset({'17131869'}),"frozenset({'25451555', '19358975', '28862528'})",0.05488534226444756,0.011106934144424319,0.010013328320973309,0.18244084682440848,16.425851135166205,1.0,0.009403720438947901,1.2095676037806966,0.9936575911261565,0.17887667887667888,0.17325828099699392,0.541989654181435,1,3,4
frozenset({'28862528'}),"frozenset({'25451555', '19358975', '17131869'})",0.026485766036704144,0.015139605618399919,0.010013328320973309,0.37806451612903225,24.971886696279036,1.0,0.009612344268676397,1.5835410905513279,0.9860718360183639,0.31675675675675674,0.36850391444415337,0.5197320323308818,1,3,4
frozenset({'29237211'}),frozenset({'28862528'}),0.021188612829363317,0.026485766036704144,0.012405591059772392,0.5854838709677419,22.105604578563995,1.0,0.011844394417731567,2.348555739522348,0.9754306253254043,0.3517441860465116,0.5742064013335356,0.5269354838709677,1,1,2
frozenset({'28862528'}),frozenset({'29237211'}),0.026485766036704144,0.021188612829363317,0.012405591059772392,0.46838709677419355,22.105604578563995,1.0,0.011844394417731567,1.8412107404302025,0.9807382061344135,0.3517441860465116,0.4568791187008023,0.5269354838709677,1,1,2
frozenset({'29237211'}),frozenset({'15704307'}),0.021188612829363317,0.09107685998427942,0.010765182324595878,0.5080645161290323,5.578414936754826,1.0,0.008835390000674848,1.8476470387204813,0.8385043530115279,0.10606060606060604,0.4587710861201539,0.31313169521273376,1,1,2
frozenset({'15704307'}),frozenset({'29237211'}),0.09107685998427942,0.021188612829363317,0.010765182324595878,0.11819887429643526,5.578414936754826,1.0,0.008835390000674848,1.1100137645998922,0.9029780107761759,0.10606060606060604,0.09911027061862339,0.31313169521273376,1,1,2
frozenset({'25451555'}),frozenset({'29237211'}),0.032466422883701856,0.021188612829363317,0.01018420423088753,0.3136842105263158,14.804376910016977,1.0,0.00949628576645039,1.4261822359081362,0.9637416528164283,0.23427672955974843,0.29882733438813336,0.3971646859083192,1,1,2
frozenset({'29237211'}),frozenset({'25451555'}),0.021188612829363317,0.032466422883701856,0.01018420423088753,0.4806451612903226,14.804376910016979,1.0,0.00949628576645039,1.862952850348152,0.9526374753984115,0.23427672955974843,0.4632177621601543,0.3971646859083192,1,1,2
frozenset({'20299683'}),frozenset({'15704307'}),0.034482758620689655,0.09107685998427942,0.013909299067017532,0.40336967294350845,4.428893058161351,1.0,0.010768717688249276,1.5234276549432926,0.8018603018603019,0.1245791245791246,0.3435855015791849,0.27804506161246717,1,1,2
frozenset({'15704307'}),frozenset({'20299683'}),0.09107685998427942,0.034482758620689655,0.013909299067017532,0.1527204502814259,4.428893058161351,1.0,0.010768717688249276,1.139549799945023,0.8517881353646131,0.1245791245791246,0.12246046636290538,0.27804506161246717,1,1,2
frozenset({'20299683'}),frozenset({'17131869'}),0.034482758620689655,0.05488534226444756,0.010628481596664503,0.3082259663032706,5.615815691158158,1.0,0.008735883587545621,1.3662187530876397,0.8512861736334404,0.1349826388888889,0.26805279334659193,0.2509373916198794,1,1,2
frozenset({'17131869'}),frozenset({'20299683'}),0.05488534226444756,0.034482758620689655,0.010628481596664503,0.1936488169364882,5.615815691158158,1.0,0.008735883587545621,1.1973904939422182,0.8696632427225442,0.1349826388888889,0.16485056039850562,0.2509373916198794,1,1,2
frozenset({'6120349'}),frozenset({'3217221'}),0.015105430436417074,0.028809678411537542,0.01120945969037285,0.7420814479638008,25.75806079343864,1.0,0.010774277097231824,3.7654922994921076,0.9759188763510523,0.3427377220480668,0.734430475363107,0.5655840217280451,1,1,2
frozenset({'3217221'}),frozenset({'6120349'}),0.028809678411537542,0.015105430436417074,0.01120945969037285,0.3890865954922894,25.758060793438645,1.0,0.010774277097231824,1.612167227460389,0.9896898478978458,0.3427377220480668,0.3797169530760915,0.5655840217280451,1,1,2
frozenset({'15196'}),frozenset({'15197'}),0.022521444926694233,0.016711663989610746,0.010799357506578722,0.4795144157814871,28.693397382785466,1.0,0.010422986686403285,1.8891749662706896,0.9873861392360808,0.3798076923076923,0.47066840401022153,0.5628655923488213,1,1,2
frozenset({'15197'}),frozenset({'15196'}),0.016711663989610746,0.022521444926694233,0.010799357506578722,0.6462167689161554,28.69339738278547,1.0,0.010422986686403285,2.7629307134731014,0.9815521463377722,0.3798076923076923,0.6380654805697372,0.5628655923488213,1,1,2
frozenset({'24666002'}),frozenset({'23093359'}),0.0166774888076279,0.03236389733775332,0.010970233416492944,0.6577868852459018,20.32471177315769,1.0,0.010430484880871345,2.827583341911237,0.9669246859048045,0.28815080789946146,0.646341105078065,0.4983760191805011,1,1,2
frozenset({'23093359'}),frozenset({'24666002'}),0.03236389733775332,0.0166774888076279,0.010970233416492944,0.3389651531151004,20.32471177315769,1.0,0.010430484880871345,1.4875501886568314,0.9825995616140052,0.28815080789946146,0.3277537742084924,0.4983760191805011,1,1,2
frozenset({'20299683'}),frozenset({'23012877'}),0.034482758620689655,0.017155941355387717,0.012849868425549365,0.3726461843409316,21.721115537848608,1.0,0.012258284240880823,1.5666503241270362,0.988031914893617,0.33127753303964763,0.36169546924441043,0.5608250842023383,1,1,2
frozenset({'23012877'}),frozenset({'20299683'}),0.017155941355387717,0.034482758620689655,0.012849868425549365,0.749003984063745,21.721115537848608,1.0,0.012258284240880823,3.846743295019157,0.9706136395415164,0.33127753303964763,0.7400398406374502,0.5608250842023383,1,1,2
frozenset({'24886016'}),frozenset({'22554204'}),0.016814189535559278,0.039028057824407915,0.011961313693995421,0.7113821138211383,18.227453618669287,1.0,0.011305088532531059,3.3295647573971223,0.9613012021868776,0.27258566978193144,0.6996604442732788,0.5089309868580297,1,1,2
frozenset({'22554204'}),frozenset({'24886016'}),0.039028057824407915,0.016814189535559278,0.011961313693995421,0.3064798598949212,18.227453618669287,1.0,0.011305088532531059,1.4176744893313022,0.9835226816641518,0.27258566978193144,0.2946194577630536,0.5089309868580297,1,1,2
