antecedents,consequents,antecedent support,consequent support,support,confidence,lift,representativity,leverage,conviction,zhangs_metric,jaccard,certainty,kulczynski,antecedent_len,consequent_len,rule_len
frozenset({'23732096'}),frozenset({'20898019'}),0.01507125525443423,0.04692252486244489,0.005946481665014866,0.3945578231292517,8.40870827573564,1.0,0.0052393003156304225,1.5741841443283213,0.894557778362727,0.10609756097560975,0.36475030344897563,0.2606438059564685,1,1,2
frozenset({'20898019'}),frozenset({'23732096'}),0.04692252486244489,0.01507125525443423,0.005946481665014866,0.12672978878368535,8.40870827573564,1.0,0.0052393003156304225,1.1278625242165654,0.9244533552930935,0.10609756097560975,0.1133671183067112,0.2606438059564685,1,1,2
frozenset({'23732096'}),frozenset({'22554204'}),0.01507125525443423,0.039028057824407915,0.005502204299237893,0.36507936507936506,9.35427959858783,1.0,0.004914002477681423,1.5135308089265578,0.9067631174003561,0.11322081575246132,0.3392932643972865,0.2530300503155144,1,1,2
frozenset({'22554204'}),frozenset({'23732096'}),0.039028057824407915,0.01507125525443423,0.005502204299237893,0.14098073555166374,9.35427959858783,1.0,0.004914002477681423,1.146573523444889,0.9293685068273503,0.11322081575246132,0.12783613126222182,0.2530300503155144,1,1,2
frozenset({'472331'}),frozenset({'15704307'}),0.045179590581319845,0.09107685998427942,0.005912306483032022,0.1308623298033283,1.4368340083959434,1.0,0.0017974912375100854,1.0457757973026829,0.318411063574298,0.045359202936549554,0.04377209476519736,0.09788895101798685,1,1,2
frozenset({'15704307'}),frozenset({'472331'}),0.09107685998427942,0.045179590581319845,0.005912306483032022,0.06491557223264541,1.4368340083959434,1.0,0.0017974912375100854,1.0211060959473446,0.33448964901497635,0.045359202936549554,0.020669836397130794,0.09788895101798685,1,1,2
frozenset({'15704307'}),frozenset({'17131869'}),0.09107685998427942,0.05488534226444756,0.0422747001127781,0.4641651031894934,8.456995693915172,1.0,0.03727591548016976,1.7638169207739824,0.9701091988352806,0.4077125906394199,0.43304773402378466,0.6172008579459297,1,1,2
frozenset({'17131869'}),frozenset({'15704307'}),0.05488534226444756,0.09107685998427942,0.0422747001127781,0.7702366127023661,8.456995693915172,1.0,0.03727591548016976,3.955909384458664,0.9329605587497061,0.4077125906394199,0.7472136232622926,0.6172008579459297,1,1,2
frozenset({'15704307'}),frozenset({'18659623'}),0.09107685998427942,0.044154335121834525,0.010286729776836062,0.11294559099437149,2.557972862295901,1.0,0.006265291579245788,1.077550210194717,0.6700956454871189,0.0823304157549234,0.07196899918074667,0.17295886360864085,1,1,2
frozenset({'18659623'}),frozenset({'15704307'}),0.044154335121834525,0.09107685998427942,0.010286729776836062,0.23297213622291021,2.557972862295901,1.0,0.006265291579245788,1.184993639657226,0.6372006073644183,0.0823304157549234,0.15611361400280402,0.17295886360864085,1,1,2
frozenset({'18659623'}),frozenset({'17131869'}),0.044154335121834525,0.05488534226444756,0.007347664126311473,0.16640866873065016,3.0319327868789254,1.0,0.004924238330690467,1.1337865717681836,0.7011355595522285,0.08013417815877749,0.1179997850561401,0.15014082253468997,1,1,2
frozenset({'17131869'}),frozenset({'18659623'}),0.05488534226444756,0.044154335121834525,0.007347664126311473,0.13387297633872977,3.0319327868789254,1.0,0.004924238330690467,1.103586008479032,0.7090963827559674,0.08013417815877749,0.09386310417417754,0.15014082253468997,1,1,2
frozenset({'19351043'}),frozenset({'18659623'}),0.051501999248145997,0.044154335121834525,0.009466525409247804,0.1838088918380889,4.162873052689101,1.0,0.0071924888750006955,1.171105217049915,0.8010362574334751,0.10983346550356858,0.1461057593791097,0.19910258833390512,1,1,2
frozenset({'18659623'}),frozenset({'19351043'}),0.044154335121834525,0.051501999248145997,0.009466525409247804,0.21439628482972134,4.162873052689101,1.0,0.0071924888750006955,1.207349179282163,0.7948786259361673,0.10983346550356858,0.17173919760764128,0.19910258833390512,1,1,2
frozenset({'18659623'}),frozenset({'17571564'}),0.044154335121834525,0.05027169269676361,0.005536379481220738,0.12538699690402477,2.4941868908284626,1.0,0.003316666314745956,1.0858840469343198,0.6267410700294728,0.062283737024221464,0.0790913607919636,0.11775808036907562,1,1,2
frozenset({'17571564'}),frozenset({'18659623'}),0.05027169269676361,0.044154335121834525,0.005536379481220738,0.11012916383412645,2.494186890828463,1.0,0.003316666314745956,1.074139780775998,0.6307780132297345,0.062283737024221464,0.06902246998285153,0.11775808036907562,1,1,2
frozenset({'20898019'}),frozenset({'18659623'}),0.04692252486244489,0.044154335121834525,0.007450189672260005,0.15877640203932994,3.595941408725103,1.0,0.005378356784721001,1.1362563617988928,0.7574501808018443,0.08908868001634655,0.11991691873405674,0.16375352609706434,1,1,2
frozenset({'18659623'}),frozenset({'20898019'}),0.044154335121834525,0.04692252486244489,0.007450189672260005,0.16873065015479877,3.595941408725103,1.0,0.005378356784721001,1.1465326795881947,0.7552565569810088,0.08908868001634655,0.12780506146656506,0.16375352609706434,1,1,2
"frozenset({'15704307', '18659623'})",frozenset({'17131869'}),0.010286729776836062,0.05488534226444756,0.00580978093708349,0.5647840531561462,10.290252913699872,1.0,0.005245190252499959,2.1715993280793993,0.9122042573935651,0.09786989061600462,0.5395098961996744,0.33531855210733835,2,1,3
"frozenset({'15704307', '17131869'})",frozenset({'18659623'}),0.0422747001127781,0.044154335121834525,0.00580978093708349,0.13742926434923203,3.1124750031910824,1.0,0.00394316966112883,1.1081359769955865,0.708671139023694,0.07206443408223824,0.09758367135481705,0.13450410585882655,2,1,3
"frozenset({'18659623', '17131869'})",frozenset({'15704307'}),0.007347664126311473,0.09107685998427942,0.00580978093708349,0.7906976744186047,8.681652777171779,1.0,0.005140578760239907,4.342632780075111,0.8913640027380504,0.06273062730627306,0.769724945524244,0.4272437715432611,2,1,3
frozenset({'15704307'}),"frozenset({'18659623', '17131869'})",0.09107685998427942,0.007347664126311473,0.00580978093708349,0.06378986866791746,8.681652777171779,1.0,0.005140578760239907,1.0602879659732987,0.9734756663983084,0.06273062730627306,0.05685999266996945,0.4272437715432611,1,2,3
frozenset({'18659623'}),"frozenset({'15704307', '17131869'})",0.044154335121834525,0.0422747001127781,0.00580978093708349,0.13157894736842105,3.112475003191082,1.0,0.00394316966112883,1.1028351938095282,0.7100647145053453,0.07206443408223824,0.09324620250311763,0.13450410585882655,1,2,3
frozenset({'17131869'}),"frozenset({'15704307', '18659623'})",0.05488534226444756,0.010286729776836062,0.00580978093708349,0.10585305105853052,10.290252913699872,1.0,0.005245190252499959,1.1068798829933155,0.955249875035894,0.09786989061600462,0.09655960383368997,0.33531855210733835,1,2,3
frozenset({'19358975'}),frozenset({'15704307'}),0.04302655411640067,0.09107685998427942,0.030791838966542497,0.715647339158062,7.857619809044673,1.0,0.026873115521677052,3.1964643387703697,0.9119741011047173,0.2980482963943103,0.6871543386638612,0.5268668215490122,1,1,2
frozenset({'15704307'}),frozenset({'19358975'}),0.09107685998427942,0.04302655411640067,0.030791838966542497,0.3380863039399625,7.857619809044672,1.0,0.026873115521677052,1.445767705940925,0.9601856963127648,0.2980482963943103,0.30832595313146355,0.5268668215490122,1,1,2
frozenset({'19358975'}),frozenset({'17131869'}),0.04302655411640067,0.05488534226444756,0.030620963056628276,0.7116759332803813,12.96659370094473,1.0,0.02825943590748985,3.277959653137908,0.964372363071005,0.45505332656170644,0.6949321816567433,0.6347918894297299,1,1,2
frozenset({'17131869'}),frozenset({'19358975'}),0.05488534226444756,0.04302655411640067,0.030620963056628276,0.5579078455790785,12.966593700944731,1.0,0.02825943590748985,2.164646977590226,0.9764727865020534,0.45505332656170644,0.5380309074169494,0.6347918894297299,1,1,2
frozenset({'19358975'}),frozenset({'18659623'}),0.04302655411640067,0.044154335121834525,0.006937561942517344,0.16123907863383638,3.651715696520655,1.0,0.00503775305292404,1.1395925114409189,0.7588048777655925,0.0864565587734242,0.12249335621240252,0.15917991083394606,1,1,2
frozenset({'18659623'}),frozenset({'19358975'}),0.044154335121834525,0.04302655411640067,0.006937561942517344,0.1571207430340557,3.6517156965206548,1.0,0.00503775305292404,1.1353624353366487,0.7597001747360334,0.0864565587734242,0.1192239862123957,0.15917991083394606,1,1,2
frozenset({'19358975'}),frozenset({'20898019'}),0.04302655411640067,0.04692252486244489,0.009739926865110557,0.22637013502779987,4.824338325599746,1.0,0.007721012309838416,1.231955381106963,0.8283591272302605,0.1214316148274393,0.18828229062853027,0.21697239453502157,1,1,2
frozenset({'20898019'}),frozenset({'19358975'}),0.04692252486244489,0.04302655411640067,0.009739926865110557,0.20757465404224326,4.824338325599746,1.0,0.007721012309838416,1.2076512327189173,0.8317452768467353,0.1214316148274393,0.1719463592575559,0.21697239453502157,1,1,2
frozenset({'19351043'}),frozenset({'19358975'}),0.051501999248145997,0.04302655411640067,0.0068692115785516554,0.1333775713337757,3.099889686098182,1.0,0.004653258020798475,1.104256495364919,0.7141900929882546,0.0783625730994152,0.09441329600734273,0.14651404380826988,1,1,2
frozenset({'19358975'}),frozenset({'19351043'}),0.04302655411640067,0.051501999248145997,0.0068692115785516554,0.15965051628276408,3.0998896860981815,1.0,0.004653258020798475,1.1286946908757884,0.7078648611097786,0.0783625730994152,0.11402081706961015,0.14651404380826988,1,1,2
"frozenset({'19358975', '15704307'})",frozenset({'17131869'}),0.030791838966542497,0.05488534226444756,0.025665561669115888,0.8335183129855716,15.18653758173774,1.0,0.023975541048485448,5.676988710798217,0.9638303136955144,0.42767653758542146,0.8238502750414323,0.6505698663308929,2,1,3
"frozenset({'19358975', '17131869'})",frozenset({'15704307'}),0.030620963056628276,0.09107685998427942,0.025665561669115888,0.8381696428571429,9.202882521441973,1.0,0.022876700504223562,5.6165181617523166,0.91949419106976,0.2672597864768683,0.821953749422577,0.5599853842803538,2,1,3
"frozenset({'15704307', '17131869'})",frozenset({'19358975'}),0.0422747001127781,0.04302655411640067,0.025665561669115888,0.6071139854486661,14.110216305173488,1.0,0.02384662699695883,2.435753400325128,0.9701418187112207,0.4303724928366763,0.5894494081927513,0.6018095741381535,2,1,3
frozenset({'19358975'}),"frozenset({'15704307', '17131869'})",0.04302655411640067,0.0422747001127781,0.025665561669115888,0.596505162827641,14.110216305173488,1.0,0.02384662699695883,2.373575103460654,0.9709040185545049,0.4303724928366763,0.5786946035362405,0.6018095741381535,1,2,3
frozenset({'15704307'}),"frozenset({'19358975', '17131869'})",0.09107685998427942,0.030620963056628276,0.025665561669115888,0.2818011257035647,9.202882521441971,1.0,0.022876700504223562,1.3497362243751752,0.9806532083656843,0.2672597864768683,0.25911449812134696,0.5599853842803538,1,2,3
frozenset({'17131869'}),"frozenset({'19358975', '15704307'})",0.05488534226444756,0.030791838966542497,0.025665561669115888,0.4676214196762142,15.186537581737738,1.0,0.023975541048485448,1.8205243352277576,0.9884009291775372,0.42767653758542146,0.4507076996172674,0.6505698663308929,1,2,3
"frozenset({'19358975', '18659623'})",frozenset({'17131869'}),0.006937561942517344,0.05488534226444756,0.005297153207340829,0.7635467980295567,13.911670521259564,1.0,0.004916382745644959,3.9970474066732753,0.9346017642135086,0.09371221281741234,0.7498153266007181,0.4300299369973437,2,1,3
"frozenset({'19358975', '17131869'})",frozenset({'18659623'}),0.030620963056628276,0.044154335121834525,0.005297153207340829,0.17299107142857142,3.9178728646063687,1.0,0.00394510494278515,1.155786390999779,0.7682850855495471,0.07624200688637481,0.13478822056818007,0.14648005583812473,2,1,3
"frozenset({'18659623', '17131869'})",frozenset({'19358975'}),0.007347664126311473,0.04302655411640067,0.005297153207340829,0.7209302325581395,16.75547222786634,1.0,0.004981008539180953,3.4291548477495635,0.9472782882768822,0.11751326762699016,0.7083829560347018,0.42202190738312056,2,1,3
frozenset({'19358975'}),"frozenset({'18659623', '17131869'})",0.04302655411640067,0.007347664126311473,0.005297153207340829,0.12311358220810167,16.75547222786634,1.0,0.004981008539180953,1.1320192852037807,0.9825957132094252,0.11751326762699016,0.11662282341772578,0.42202190738312056,1,2,3
frozenset({'18659623'}),"frozenset({'19358975', '17131869'})",0.044154335121834525,0.030620963056628276,0.005297153207340829,0.11996904024767802,3.9178728646063687,1.0,0.00394510494278515,1.1015283339761093,0.7791628750263829,0.07624200688637481,0.09217042434998438,0.14648005583812473,1,2,3
frozenset({'17131869'}),"frozenset({'19358975', '18659623'})",0.05488534226444756,0.006937561942517344,0.005297153207340829,0.09651307596513076,13.911670521259563,1.0,0.004916382745644959,1.099144228477131,0.982016201935134,0.09371221281741234,0.09020129106668356,0.4300299369973437,1,2,3
"frozenset({'19358975', '18659623'})",frozenset({'15704307'}),0.006937561942517344,0.09107685998427942,0.0051604524794094525,0.7438423645320197,8.167193781827928,1.0,0.004528601121738535,3.54829610429214,0.8836895744933975,0.05557600294442399,0.7181745912382098,0.4002513886449967,2,1,3
"frozenset({'19358975', '15704307'})",frozenset({'18659623'}),0.030791838966542497,0.044154335121834525,0.0051604524794094525,0.16759156492785793,3.7955857440820826,1.0,0.0038008593026631725,1.1482892587403026,0.7599358764793245,0.07394711067580803,0.12913928926146986,0.14223231497166888,2,1,3
"frozenset({'15704307', '18659623'})",frozenset({'19358975'}),0.010286729776836062,0.04302655411640067,0.0051604524794094525,0.5016611295681063,11.659337817547543,1.0,0.004717849943985625,1.9203267147397558,0.9237340382715598,0.10716820440028388,0.4792552786333961,0.31079879353703166,2,1,3
frozenset({'19358975'}),"frozenset({'15704307', '18659623'})",0.04302655411640067,0.010286729776836062,0.0051604524794094525,0.1199364575059571,11.659337817547543,1.0,0.004717849943985625,1.1245929667968984,0.9553366812493526,0.10716820440028388,0.11078938822796308,0.31079879353703166,1,2,3
frozenset({'18659623'}),"frozenset({'19358975', '15704307'})",0.044154335121834525,0.030791838966542497,0.0051604524794094525,0.11687306501547987,3.7955857440820826,1.0,0.0038008593026631725,1.0974732200308739,0.7705596001628103,0.07394711067580803,0.08881603509936375,0.14223231497166888,1,2,3
frozenset({'15704307'}),"frozenset({'19358975', '18659623'})",0.09107685998427942,0.006937561942517344,0.0051604524794094525,0.056660412757973726,8.167193781827928,1.0,0.004528601121738535,1.0527093864054062,0.9654929935189179,0.05557600294442399,0.050070216040714065,0.4002513886449967,1,2,3
"frozenset({'19358975', '20898019'})",frozenset({'17131869'}),0.009739926865110557,0.05488534226444756,0.007996992583985509,0.8210526315789473,14.959415350330994,1.0,0.007462413364363228,5.2815230873457315,0.9423306998541675,0.14121907060953529,0.8106606780919029,0.4833781215179917,2,1,3
"frozenset({'19358975', '17131869'})",frozenset({'20898019'}),0.030620963056628276,0.04692252486244489,0.007996992583985509,0.26116071428571425,5.5657856232441985,1.0,0.0065601796836488625,1.2899658877994702,0.8462436402150839,0.11498771498771497,0.22478570211970325,0.21579521511809382,2,1,3
"frozenset({'20898019', '17131869'})",frozenset({'19358975'}),0.011517036328218449,0.04302655411640067,0.007996992583985509,0.6943620178041542,16.13798808813928,1.0,0.007501454197148865,3.1310684588618725,0.9489636560062503,0.17180616740088103,0.6806202058055623,0.44011190643980547,2,1,3
frozenset({'19358975'}),"frozenset({'20898019', '17131869'})",0.04302655411640067,0.011517036328218449,0.007996992583985509,0.1858617950754567,16.13798808813928,1.0,0.007501454197148865,1.2141463914758759,0.9802094416943357,0.17180616740088103,0.17637608856668988,0.44011190643980547,1,2,3
frozenset({'20898019'}),"frozenset({'19358975', '17131869'})",0.04692252486244489,0.030620963056628276,0.007996992583985509,0.1704297159504734,5.565785623244199,1.0,0.0065601796836488625,1.1685315344365665,0.8607179021335648,0.11498771498771497,0.14422506322675135,0.21579521511809382,1,2,3
frozenset({'17131869'}),"frozenset({'19358975', '20898019'})",0.05488534226444756,0.009739926865110557,0.007996992583985509,0.14570361145703611,14.959415350330994,1.0,0.007462413364363228,1.159152826133114,0.9873431335734717,0.14121907060953529,0.13730098615558856,0.4833781215179917,1,2,3
"frozenset({'19358975', '20898019'})",frozenset({'15704307'}),0.009739926865110557,0.09107685998427942,0.007962817402002666,0.8175438596491228,8.976416839472039,1.0,0.0070757354466518705,4.981597978932315,0.8973369703030836,0.08575634891424365,0.7992612000749354,0.45248675158816365,2,1,3
"frozenset({'19358975', '15704307'})",frozenset({'20898019'}),0.030791838966542497,0.04692252486244489,0.007962817402002666,0.2586015538290788,5.511245496425837,1.0,0.006517986572534676,1.285513181285834,0.844558315223642,0.11415972562469379,0.22210054742515328,0.21415146883005287,2,1,3
"frozenset({'15704307', '20898019'})",frozenset({'19358975'}),0.015959809985988175,0.04302655411640067,0.007962817402002666,0.4989293361884369,11.595846946949843,1.0,0.007276121773953074,1.909857261656585,0.9285822243010213,0.15606162089752176,0.4764006608888598,0.34199842504417877,2,1,3
frozenset({'19358975'}),"frozenset({'15704307', '20898019'})",0.04302655411640067,0.015959809985988175,0.007962817402002666,0.1850675138999206,11.595846946949843,1.0,0.007276121773953074,1.2075113052900983,0.9548459598072854,0.15606162089752176,0.17185040370304844,0.34199842504417877,1,2,3
frozenset({'20898019'}),"frozenset({'19358975', '15704307'})",0.04692252486244489,0.030791838966542497,0.007962817402002666,0.16970138383102695,5.511245496425838,1.0,0.006517986572534676,1.1673007062271379,0.8588523314594982,0.11415972562469379,0.14332271481945272,0.21415146883005287,1,2,3
frozenset({'15704307'}),"frozenset({'19358975', '20898019'})",0.09107685998427942,0.009739926865110557,0.007962817402002666,0.0874296435272045,8.976416839472037,1.0,0.0070757354466518705,1.0851328515232237,0.9776370902204146,0.08575634891424365,0.07845385143738028,0.45248675158816365,1,2,3
"frozenset({'19358975', '20898019', '15704307'})",frozenset({'17131869'}),0.007962817402002666,0.05488534226444756,0.00707426267044872,0.8884120171673819,16.186689934205955,1.0,0.006637220711950505,8.46968135586091,0.9457516946822624,0.12683823529411764,0.8819318038088868,0.5086518367281493,3,1,4
"frozenset({'19358975', '20898019', '17131869'})",frozenset({'15704307'}),0.007996992583985509,0.09107685998427942,0.00707426267044872,0.8846153846153847,9.712844566315486,1.0,0.0063459216965817515,7.87733388013625,0.904275030294134,0.07689450222882616,0.8730534956095192,0.4811444652908068,3,1,4
"frozenset({'19358975', '15704307', '17131869'})",frozenset({'20898019'}),0.025665561669115888,0.04692252486244489,0.00707426267044872,0.2756324900133156,5.8742041444134205,1.0,0.005869969714921017,1.3157374702726174,0.8516215176639438,0.10798122065727701,0.23996996164227005,0.21319861936936718,3,1,4
"frozenset({'15704307', '20898019', '17131869'})",frozenset({'19358975'}),0.009705751683127713,0.04302655411640067,0.00707426267044872,0.7288732394366197,16.940079316246965,1.0,0.006656657620414279,3.5296163458563927,0.9501907143079827,0.15494011976047906,0.7166830890348879,0.44664472138630035,3,1,4
"frozenset({'19358975', '20898019'})","frozenset({'15704307', '17131869'})",0.009739926865110557,0.0422747001127781,0.00707426267044872,0.7263157894736842,17.180862017614775,1.0,0.0066625101831057805,3.4993809034340804,0.9510589473347257,0.15741444866920154,0.7142351668494674,0.446828064502404,2,2,4
"frozenset({'19358975', '15704307'})","frozenset({'20898019', '17131869'})",0.030791838966542497,0.011517036328218449,0.00707426267044872,0.22974472807991123,19.948250707258996,1.0,0.006719631942458398,1.2833186603289268,0.9800477640822278,0.20077594568380214,0.22077031144884116,0.42199402576102385,2,2,4
"frozenset({'19358975', '17131869'})","frozenset({'15704307', '20898019'})",0.030620963056628276,0.015959809985988175,0.00707426267044872,0.23102678571428573,14.475534853930867,1.0,0.0065855579184769695,1.2796807115421691,0.9603239686931316,0.1790657439446367,0.218555073167525,0.3371408018507189,2,2,4
"frozenset({'15704307', '20898019'})","frozenset({'19358975', '17131869'})",0.015959809985988175,0.030620963056628276,0.00707426267044872,0.44325481798715205,14.475534853930867,1.0,0.0065855579184769695,1.7411538855867483,0.9460161621164367,0.1790657439446367,0.42566822595177356,0.3371408018507189,2,2,4
"frozenset({'20898019', '17131869'})","frozenset({'19358975', '15704307'})",0.011517036328218449,0.030791838966542497,0.00707426267044872,0.6142433234421365,19.948250707258996,1.0,0.006719631942458398,2.5124857712944246,0.9609374425865018,0.20077594568380214,0.6019877957419025,0.42199402576102385,2,2,4
"frozenset({'15704307', '17131869'})","frozenset({'19358975', '20898019'})",0.0422747001127781,0.009739926865110557,0.00707426267044872,0.1673403395311237,17.180862017614775,1.0,0.0066625101831057805,1.1892735053086,0.9833672587057883,0.15741444866920154,0.15915052716110614,0.446828064502404,2,2,4
frozenset({'19358975'}),"frozenset({'15704307', '20898019', '17131869'})",0.04302655411640067,0.009705751683127713,0.00707426267044872,0.16441620333598095,16.940079316246965,1.0,0.006656657620414279,1.1851525272157246,0.9832753492072857,0.15494011976047906,0.15622674969162229,0.44664472138630035,1,3,4
frozenset({'20898019'}),"frozenset({'19358975', '15704307', '17131869'})",0.04692252486244489,0.025665561669115888,0.00707426267044872,0.15076474872541878,5.8742041444134205,1.0,0.005869969714921017,1.147308047880192,0.8706156579388638,0.10798122065727701,0.12839450411976427,0.21319861936936718,1,3,4
frozenset({'15704307'}),"frozenset({'19358975', '20898019', '17131869'})",0.09107685998427942,0.007996992583985509,0.00707426267044872,0.0776735459662289,9.712844566315487,1.0,0.0063459216965817515,1.0755443510023102,0.9869300385151085,0.07689450222882616,0.07023824813166445,0.4811444652908068,1,3,4
frozenset({'17131869'}),"frozenset({'19358975', '20898019', '15704307'})",0.05488534226444756,0.007962817402002666,0.00707426267044872,0.12889165628891658,16.186689934205955,1.0,0.006637220711950505,1.1388218121889806,0.9927058467993749,0.12683823529411764,0.12189950236564655,0.5086518367281493,1,3,4
"frozenset({'19358975', '19351043'})",frozenset({'17131869'}),0.0068692115785516554,0.05488534226444756,0.005604729845186425,0.8159203980099502,14.865907077315786,1.0,0.005227710816610711,5.134271519049892,0.9391834388061706,0.09981740718198416,0.8052304019587472,0.4590187295155604,2,1,3
"frozenset({'19351043', '17131869'})",frozenset({'19358975'}),0.008475445131745326,0.04302655411640067,0.005604729845186425,0.6612903225806451,15.369353557611007,1.0,0.0052400606465648,2.8253501735611026,0.9429271823480307,0.12211466865227102,0.6460615716388921,0.39577621768428606,2,1,3
"frozenset({'19358975', '17131869'})",frozenset({'19351043'}),0.030620963056628276,0.051501999248145997,0.005604729845186425,0.18303571428571427,3.553953573798464,1.0,0.004027689028866449,1.161003017313745,0.7413232556439789,0.07324698526127735,0.13867579576689074,0.14593059768698455,2,1,3
frozenset({'19351043'}),"frozenset({'19358975', '17131869'})",0.051501999248145997,0.030620963056628276,0.005604729845186425,0.10882548108825481,3.553953573798464,1.0,0.004027689028866449,1.087754436838169,0.7576433719947201,0.07324698526127735,0.08067485993736732,0.14593059768698455,1,2,3
frozenset({'19358975'}),"frozenset({'19351043', '17131869'})",0.04302655411640067,0.008475445131745326,0.005604729845186425,0.13026211278792693,15.369353557611008,1.0,0.0052400606465648,1.1400268626293448,0.9769711571124711,0.12211466865227102,0.12282768697782133,0.39577621768428606,1,2,3
frozenset({'17131869'}),"frozenset({'19358975', '19351043'})",0.05488534226444756,0.0068692115785516554,0.005604729845186425,0.1021170610211706,14.865907077315788,1.0,0.005227710816610711,1.106080475870212,0.986898236547001,0.09981740718198416,0.09590665253064258,0.4590187295155604,1,2,3
"frozenset({'19358975', '19351043'})",frozenset({'15704307'}),0.0068692115785516554,0.09107685998427942,0.005297153207340829,0.7711442786069652,8.466961627136364,1.0,0.004671526986198689,3.97159893789478,0.8879936949137491,0.05717447436370343,0.7482122400480677,0.41465281472562143,2,1,3
"frozenset({'19351043', '15704307'})",frozenset({'19358975'}),0.012508116605720926,0.04302655411640067,0.005297153207340829,0.4234972677595628,9.842695434402357,1.0,0.004758972051310528,1.6599634179781864,0.9097814668237054,0.1054421768707483,0.3975770856336179,0.27330542498383226,2,1,3
"frozenset({'19358975', '15704307'})",frozenset({'19351043'}),0.030791838966542497,0.051501999248145997,0.005297153207340829,0.17203107658157601,3.34027958318082,1.0,0.003711311940036925,1.1455719821413142,0.7228827517175486,0.06879715934309809,0.12707362296798644,0.13744221380505475,2,1,3
frozenset({'19351043'}),"frozenset({'19358975', '15704307'})",0.051501999248145997,0.030791838966542497,0.005297153207340829,0.1028533510285335,3.34027958318082,1.0,0.003711311940036925,1.0803230019803407,0.7386666728655213,0.06879715934309809,0.07435091341487725,0.13744221380505475,1,2,3
frozenset({'19358975'}),"frozenset({'19351043', '15704307'})",0.04302655411640067,0.012508116605720926,0.005297153207340829,0.12311358220810167,9.842695434402357,1.0,0.004758972051310528,1.1261343126751788,0.9387949247864785,0.1054421768707483,0.11200645540720758,0.27330542498383226,1,2,3
frozenset({'15704307'}),"frozenset({'19358975', '19351043'})",0.09107685998427942,0.0068692115785516554,0.005297153207340829,0.058161350844277676,8.466961627136364,1.0,0.004671526986198689,1.0544595821287488,0.9702623241913652,0.05717447436370343,0.05164691283738503,0.41465281472562143,1,2,3
frozenset({'15704307'}),frozenset({'22554204'}),0.09107685998427942,0.039028057824407915,0.012268890331841018,0.13470919324577862,3.4515986896363646,1.0,0.008714337373909057,1.1105768542488956,0.7814513125520792,0.10411832946635732,0.09956704376274862,0.22453498191185606,1,1,2
frozenset({'22554204'}),frozenset({'15704307'}),0.039028057824407915,0.09107685998427942,0.012268890331841018,0.3143607705779335,3.4515986896363646,1.0,0.008714337373909057,1.325658015195342,0.7391258262610725,0.10411832946635732,0.24565763678300917,0.22453498191185606,1,1,2
frozenset({'22554204'}),frozenset({'17131869'}),0.039028057824407915,0.05488534226444756,0.008885547315539455,0.2276707530647986,4.148115756805151,1.0,0.006743479003930176,1.2237198856394567,0.7897490609962603,0.10450160771704178,0.18281952288660536,0.19478182734186378,1,1,2
frozenset({'17131869'}),frozenset({'22554204'}),0.05488534226444756,0.039028057824407915,0.008885547315539455,0.161892901618929,4.14811575680515,1.0,0.006743479003930176,1.1465980231307584,0.8029995966788589,0.10450160771704178,0.12785476703550913,0.19478182734186378,1,1,2
frozenset({'18659623'}),frozenset({'22554204'}),0.044154335121834525,0.039028057824407915,0.008236218857865418,0.18653250773993807,4.779446330103615,1.0,0.006512960913532174,1.1813280202577212,0.8272996080871396,0.10989512083903329,0.15349506415513808,0.1987828913480776,1,1,2
frozenset({'22554204'}),frozenset({'18659623'}),0.039028057824407915,0.044154335121834525,0.008236218857865418,0.21103327495621715,4.779446330103615,1.0,0.006512960913532174,1.211515814973213,0.8228864020267154,0.10989512083903329,0.17458774566462404,0.1987828913480776,1,1,2
frozenset({'19358975'}),frozenset({'22554204'}),0.04302655411640067,0.039028057824407915,0.007996992583985509,0.1858617950754567,4.762260933189964,1.0,0.0063177497419456075,1.1803548050722639,0.825535660761716,0.10798338717120441,0.15279711176439198,0.1953827364168877,1,1,2
frozenset({'22554204'}),frozenset({'19358975'}),0.039028057824407915,0.04302655411640067,0.007996992583985509,0.20490367775831872,4.762260933189964,1.0,0.0063177497419456075,1.2035943559461129,0.8221006996212373,0.10798338717120441,0.16915529301071938,0.1953827364168877,1,1,2
frozenset({'19351043'}),frozenset({'22554204'}),0.051501999248145997,0.039028057824407915,0.011517036328218449,0.22362309223623095,5.729803241615021,1.0,0.009507013323489194,1.2377647152637756,0.8702959169250659,0.1457612456747405,0.19209201258666217,0.2593597072389561,1,1,2
frozenset({'22554204'}),frozenset({'19351043'}),0.039028057824407915,0.051501999248145997,0.011517036328218449,0.2950963222416813,5.729803241615021,1.0,0.009507013323489194,1.345571076843003,0.8589989999053409,0.1457612456747405,0.25682112434653875,0.2593597072389561,1,1,2
frozenset({'20898019'}),frozenset({'22554204'}),0.04692252486244489,0.039028057824407915,0.01127781005433854,0.2403495994173343,6.158379709764115,1.0,0.009446515040739822,1.2650186736405447,0.8788578556650845,0.15102974828375287,0.20949783521998006,0.2646581622305586,1,1,2
frozenset({'22554204'}),frozenset({'20898019'}),0.039028057824407915,0.04692252486244489,0.01127781005433854,0.28896672504378285,6.158379709764115,1.0,0.009446515040739822,1.340411917003803,0.8716379629000988,0.15102974828375287,0.2539606763305411,0.2646581622305586,1,1,2
frozenset({'22554204'}),frozenset({'17571564'}),0.039028057824407915,0.05027169269676361,0.0054680291172550495,0.14010507880910683,2.786957655359126,1.0,0.0035060225877548944,1.1044701903669003,0.6672263416195455,0.06522625356706074,0.09458851065251078,0.12443731166831956,1,1,2
frozenset({'17571564'}),frozenset({'22554204'}),0.05027169269676361,0.039028057824407915,0.0054680291172550495,0.10876954452753229,2.7869576553591267,1.0,0.0035060225877548944,1.0782530335166254,0.6751254947822958,0.06522625356706074,0.07257390527472964,0.12443731166831956,1,1,2
"frozenset({'15704307', '17131869'})",frozenset({'22554204'}),0.0422747001127781,0.039028057824407915,0.007381839308294317,0.1746160064672595,4.474114680594115,1.0,0.005731939867783309,1.1642725685320348,0.8107670277328428,0.0998613037447989,0.14109459672244676,0.18187893142977685,2,1,3
"frozenset({'22554204', '17131869'})",frozenset({'15704307'}),0.008885547315539455,0.09107685998427942,0.007381839308294317,0.8307692307692308,9.12162794053976,1.0,0.00657257155955324,5.37090946372926,0.8983528026492063,0.079734219269103,0.813811793560628,0.4559099437148218,2,1,3
"frozenset({'15704307', '22554204'})",frozenset({'17131869'}),0.012268890331841018,0.05488534226444756,0.007381839308294317,0.6016713091922006,10.962331368787659,1.0,0.006708457063226251,2.3727004344549885,0.9200667261268602,0.12349914236706687,0.5785392940977393,0.3680834752685785,2,1,3
frozenset({'17131869'}),"frozenset({'15704307', '22554204'})",0.05488534226444756,0.012268890331841018,0.007381839308294317,0.13449564134495642,10.962331368787659,1.0,0.006708457063226251,1.1412202605230672,0.9615537341717055,0.12349914236706687,0.12374496441058645,0.3680834752685785,1,2,3
frozenset({'15704307'}),"frozenset({'22554204', '17131869'})",0.09107685998427942,0.008885547315539455,0.007381839308294317,0.08105065666041275,9.12162794053976,1.0,0.00657257155955324,1.0785300189481777,0.9795882700266818,0.079734219269103,0.07281208456744036,0.4559099437148218,1,2,3
frozenset({'22554204'}),"frozenset({'15704307', '17131869'})",0.039028057824407915,0.0422747001127781,0.007381839308294317,0.18914185639229422,4.474114680594116,1.0,0.005731939867783309,1.1811255858220382,0.8080278525262344,0.0998613037447989,0.15334998072705258,0.18187893142977685,1,2,3
"frozenset({'19358975', '22554204'})",frozenset({'17131869'}),0.007996992583985509,0.05488534226444756,0.006254058302860463,0.7820512820512822,14.24881853306511,1.0,0.0058151406278021695,4.336408429610184,0.9373144392981775,0.11044055522027761,0.7693944156247539,0.44799948909537957,2,1,3
"frozenset({'19358975', '17131869'})",frozenset({'22554204'}),0.030620963056628276,0.039028057824407915,0.006254058302860463,0.20424107142857145,5.233185631411059,1.0,0.005058981586047316,1.2076169147115434,0.8344638923324847,0.0986522911051213,0.17192282766355238,0.1822431276582437,2,1,3
"frozenset({'22554204', '17131869'})",frozenset({'19358975'}),0.008885547315539455,0.04302655411640067,0.006254058302860463,0.7038461538461539,16.35841327060549,1.0,0.005871743820434566,3.231338908178388,0.9472865360022446,0.13697604790419163,0.6905307587919545,0.42459980448463375,2,1,3
frozenset({'19358975'}),"frozenset({'22554204', '17131869'})",0.04302655411640067,0.008885547315539455,0.006254058302860463,0.1453534551231136,16.35841327060549,1.0,0.005871743820434566,1.15967759844771,0.9810819523820118,0.13697604790419163,0.137691370999532,0.42459980448463375,1,2,3
frozenset({'22554204'}),"frozenset({'19358975', '17131869'})",0.039028057824407915,0.030620963056628276,0.006254058302860463,0.16024518388791595,5.233185631411059,1.0,0.005058981586047316,1.1543596039513353,0.8417642272488683,0.0986522911051213,0.1337188198746451,0.1822431276582437,1,2,3
frozenset({'17131869'}),"frozenset({'19358975', '22554204'})",0.05488534226444756,0.007996992583985509,0.006254058302860463,0.11394769613947697,14.248818533065112,1.0,0.0058151406278021695,1.1195761278356424,0.9838158101431277,0.11044055522027761,0.10680482091629297,0.44799948909537957,1,2,3
"frozenset({'19358975', '15704307'})",frozenset({'22554204'}),0.030791838966542497,0.039028057824407915,0.00615153275691193,0.19977802441731407,5.11883079901491,1.0,0.0049497870852058526,1.2008817196951573,0.8302064723397586,0.09661835748792272,0.1672785224394547,0.17869811903877963,2,1,3
"frozenset({'19358975', '22554204'})",frozenset({'15704307'}),0.007996992583985509,0.09107685998427942,0.00615153275691193,0.7692307692307693,8.445951796796075,1.0,0.005423191783044961,3.9386669400681233,0.8887070658352569,0.06620080912100038,0.7461069912190382,0.4183864915572233,2,1,3
"frozenset({'15704307', '22554204'})",frozenset({'19358975'}),0.012268890331841018,0.04302655411640067,0.00615153275691193,0.5013927576601671,11.65310046218757,1.0,0.005623644683100787,1.9192931121352634,0.925541292797884,0.12517385257301808,0.4789748404361885,0.32218168462833613,2,1,3
frozenset({'19358975'}),"frozenset({'15704307', '22554204'})",0.04302655411640067,0.012268890331841018,0.00615153275691193,0.14297061159650515,11.653100462187568,1.0,0.005623644683100787,1.152505530187407,0.9552887095366203,0.12517385257301808,0.1323252046891335,0.32218168462833613,1,2,3
frozenset({'15704307'}),"frozenset({'19358975', '22554204'})",0.09107685998427942,0.007996992583985509,0.00615153275691193,0.06754221388367729,8.445951796796074,1.0,0.005423191783044961,1.0638583560417216,0.9699390885847495,0.06620080912100038,0.06002524272058019,0.4183864915572233,1,2,3
frozenset({'22554204'}),"frozenset({'19358975', '15704307'})",0.039028057824407915,0.030791838966542497,0.00615153275691193,0.15761821366024517,5.11883079901491,1.0,0.0049497870852058526,1.1505568813931482,0.8373219373219373,0.09661835748792272,0.1308556611393665,0.17869811903877963,1,2,3
"frozenset({'19358975', '15704307', '17131869'})",frozenset({'22554204'}),0.025665561669115888,0.039028057824407915,0.005262978025357985,0.20505992010652466,5.254166656950104,1.0,0.004261301000439823,1.2088608518825288,0.8310030201296424,0.08855664174813113,0.1727749323317692,0.169955529230145,3,1,4
"frozenset({'19358975', '22554204', '17131869'})",frozenset({'15704307'}),0.006254058302860463,0.09107685998427942,0.005262978025357985,0.8415300546448088,9.239778960210788,1.0,0.004693378032974843,5.7356184352716175,0.8973845983440866,0.05716406829992576,0.8256508846804689,0.44965808548375524,3,1,4
"frozenset({'19358975', '15704307', '22554204'})",frozenset({'17131869'}),0.00615153275691193,0.05488534226444756,0.005262978025357985,0.8555555555555556,15.588051750380519,1.0,0.004925349044543914,6.543101476630751,0.941640835695373,0.09436274509803923,0.8471672793748368,0.4757229832572299,3,1,4
"frozenset({'22554204', '15704307', '17131869'})",frozenset({'19358975'}),0.007381839308294317,0.04302655411640067,0.005262978025357985,0.712962962962963,16.57030123849028,1.0,0.004945362916881087,3.333972005013831,0.9466390039638448,0.11657834973504923,0.7000574694400136,0.41764113199776426,3,1,4
"frozenset({'19358975', '17131869'})","frozenset({'15704307', '22554204'})",0.030620963056628276,0.012268890331841018,0.005262978025357985,0.17187500000000003,14.009009401114207,1.0,0.004887292787760858,1.1927319060143806,0.9579507395477782,0.1398728428701181,0.16158862275967065,0.3004221796657382,2,2,4
"frozenset({'19358975', '15704307'})","frozenset({'22554204', '17131869'})",0.030791838966542497,0.008885547315539455,0.005262978025357985,0.1709211986681465,19.235866131648596,1.0,0.004989375683288301,1.1954405915243627,0.9781322697049073,0.15292949354518376,0.16348833468599824,0.38161444548791945,2,2,4
"frozenset({'19358975', '22554204'})","frozenset({'15704307', '17131869'})",0.007996992583985509,0.0422747001127781,0.005262978025357985,0.6581196581196582,15.567695486046338,1.0,0.004924907562065888,2.8013465021701247,0.9433080441451958,0.11693242217160216,0.6430288080302354,0.39130720173565775,2,2,4
"frozenset({'15704307', '17131869'})","frozenset({'19358975', '22554204'})",0.0422747001127781,0.007996992583985509,0.005262978025357985,0.12449474535165725,15.567695486046338,1.0,0.004924907562065888,1.1330634535305724,0.9770697472667214,0.11693242217160216,0.11743689474402601,0.39130720173565775,2,2,4
"frozenset({'22554204', '17131869'})","frozenset({'19358975', '15704307'})",0.008885547315539455,0.030791838966542497,0.005262978025357985,0.5923076923076924,19.2358661316486,1.0,0.004989375683288301,2.377303036497161,0.9565129191693793,0.15292949354518376,0.5793552674405991,0.38161444548791945,2,2,4
"frozenset({'15704307', '22554204'})","frozenset({'19358975', '17131869'})",0.012268890331841018,0.030620963056628276,0.005262978025357985,0.42896935933147634,14.009009401114207,1.0,0.004887292787760858,1.6975954842081484,0.9401519869653563,0.1398728428701181,0.41093151501492436,0.3004221796657382,2,2,4
frozenset({'19358975'}),"frozenset({'22554204', '15704307', '17131869'})",0.04302655411640067,0.007381839308294317,0.005262978025357985,0.12231930103256554,16.57030123849028,1.0,0.004945362916881087,1.1309558953039434,0.9818987883054736,0.11657834973504923,0.11579222129502152,0.41764113199776426,1,3,4
frozenset({'17131869'}),"frozenset({'19358975', '15704307', '22554204'})",0.05488534226444756,0.00615153275691193,0.005262978025357985,0.09589041095890412,15.58805175038052,1.0,0.004925349044543914,1.0992566380112945,0.9901955213472119,0.09436274509803923,0.09029432671051524,0.4757229832572299,1,3,4
frozenset({'15704307'}),"frozenset({'19358975', '22554204', '17131869'})",0.09107685998427942,0.006254058302860463,0.005262978025357985,0.05778611632270169,9.239778960210787,1.0,0.004693378032974843,1.0546925267315321,0.981130596730687,0.05716406829992576,0.05185637078611232,0.44965808548375524,1,3,4
frozenset({'22554204'}),"frozenset({'19358975', '15704307', '17131869'})",0.039028057824407915,0.025665561669115888,0.005262978025357985,0.13485113835376533,5.254166656950103,1.0,0.004261301000439823,1.1262043811476414,0.8425582739036275,0.08855664174813113,0.11206170323989924,0.169955529230145,1,3,4
"frozenset({'15704307', '20898019'})",frozenset({'22554204'}),0.015959809985988175,0.039028057824407915,0.005331328389323673,0.33404710920770875,8.559152769287886,1.0,0.0047084480023239636,1.4430028842315161,0.8974897726200082,0.10736407432897453,0.30700069214861003,0.23532478052329395,2,1,3
"frozenset({'20898019', '22554204'})",frozenset({'15704307'}),0.01127781005433854,0.09107685998427942,0.005331328389323673,0.47272727272727266,5.190421286031041,1.0,0.004304180862075383,1.7238197483056767,0.816546265251806,0.05494892567805565,0.4198929435731962,0.2656319290465632,2,1,3
"frozenset({'15704307', '22554204'})",frozenset({'20898019'}),0.012268890331841018,0.04692252486244489,0.005331328389323673,0.43454038997214484,9.260805790950423,1.0,0.0047556410776932526,1.685491692484642,0.9030980466261761,0.09898477157360405,0.4067013178060431,0.27408010030289687,2,1,3
frozenset({'20898019'}),"frozenset({'15704307', '22554204'})",0.04692252486244489,0.012268890331841018,0.005331328389323673,0.11361981063364894,9.260805790950423,1.0,0.0047556410776932526,1.1143424926658851,0.9359344428998042,0.09898477157360405,0.10260982904128439,0.27408010030289687,1,2,3
frozenset({'15704307'}),"frozenset({'20898019', '22554204'})",0.09107685998427942,0.01127781005433854,0.005331328389323673,0.058536585365853655,5.190421286031041,1.0,0.004304180862075383,1.0501971447609357,0.8882350729432997,0.05494892567805565,0.04779783016108133,0.2656319290465632,1,2,3
frozenset({'22554204'}),"frozenset({'15704307', '20898019'})",0.039028057824407915,0.015959809985988175,0.005331328389323673,0.13660245183887915,8.559152769287886,1.0,0.0047084480023239636,1.1397301186572022,0.9190341232910314,0.10736407432897453,0.12259930344021126,0.23532478052329395,1,2,3
frozenset({'15704307'}),frozenset({'23093367'}),0.09107685998427942,0.03899388264242507,0.025563036123167356,0.2806754221388368,7.197934730240581,1.0,0.022011595733499784,1.335983986832518,0.9473532166390667,0.24460431654676257,0.25148803439560824,0.46812035787047007,1,1,2
frozenset({'23093367'}),frozenset({'15704307'}),0.03899388264242507,0.09107685998427942,0.025563036123167356,0.6555652936021034,7.19793473024058,1.0,0.022011595733499784,2.638883722030374,0.8960101760217859,0.24460431654676257,0.6210518896108869,0.46812035787047007,1,1,2
frozenset({'19358975'}),frozenset({'23093367'}),0.04302655411640067,0.03899388264242507,0.024298554389802125,0.5647339158061954,14.482628492905418,1.0,0.022620781988079246,2.207858944805085,0.9728083517442144,0.4209591474245115,0.5470725145947753,0.5939357572019583,1,1,2
frozenset({'23093367'}),frozenset({'19358975'}),0.03899388264242507,0.04302655411640067,0.024298554389802125,0.6231375985977212,14.482628492905418,1.0,0.022620781988079246,2.5393179110539226,0.968726154535615,0.4209591474245115,0.6061934602016971,0.5939357572019583,1,1,2
frozenset({'23093367'}),frozenset({'17131869'}),0.03899388264242507,0.05488534226444756,0.024298554389802125,0.6231375985977212,11.353442884537934,1.0,0.022158361794752925,2.5078507545959656,0.9489231903455755,0.3492141453831041,0.6012521884855513,0.5329262090124347,1,1,2
frozenset({'17131869'}),frozenset({'23093367'}),0.05488534226444756,0.03899388264242507,0.024298554389802125,0.4427148194271482,11.353442884537934,1.0,0.022158361794752925,1.724442261984654,0.964878687850934,0.3492141453831041,0.42010235886407477,0.5329262090124347,1,1,2
frozenset({'22554204'}),frozenset({'23093367'}),0.039028057824407915,0.03899388264242507,0.008304569221831107,0.21278458844133102,5.456871027503757,1.0,0.006782713715264365,1.220766391571024,0.8499153436226432,0.11911764705882354,0.18084245527673498,0.21287783322154194,1,1,2
frozenset({'23093367'}),frozenset({'22554204'}),0.03899388264242507,0.039028057824407915,0.008304569221831107,0.21297107800175286,5.456871027503757,1.0,0.006782713715264365,1.221012233877896,0.8498851190371659,0.11911764705882354,0.18100738694154453,0.21287783322154194,1,1,2
frozenset({'18659623'}),frozenset({'23093367'}),0.044154335121834525,0.03899388264242507,0.006629985304671748,0.15015479876160992,3.850727052202864,1.0,0.004908236342776625,1.1308013694225745,0.7745066058039959,0.0866458240285842,0.1156713928365387,0.16009054574364456,1,1,2
frozenset({'23093367'}),frozenset({'18659623'}),0.03899388264242507,0.044154335121834525,0.006629985304671748,0.17002629272567923,3.850727052202864,1.0,0.004908236342776625,1.1516577651805564,0.7703476265196287,0.0866458240285842,0.13168648687640244,0.16009054574364456,1,1,2
frozenset({'20898019'}),frozenset({'23093367'}),0.04692252486244489,0.03899388264242507,0.009500700591230649,0.202476329206118,5.192515222524293,1.0,0.0076710091634582,1.2049875791159363,0.847166285904151,0.12432915921288014,0.1701159270590405,0.22306112691681884,1,1,2
frozenset({'23093367'}),frozenset({'20898019'}),0.03899388264242507,0.04692252486244489,0.009500700591230649,0.24364592462751972,5.192515222524293,1.0,0.0076710091634582,1.2600943211262463,0.8401768627772036,0.12432915921288014,0.2064086130423786,0.22306112691681884,1,1,2
frozenset({'19351043'}),frozenset({'23093367'}),0.051501999248145997,0.03899388264242507,0.007142613034414408,0.1386861313868613,3.556612524549473,1.0,0.005134350119881939,1.1157443904914217,0.7578651536241339,0.08569085690856909,0.10373737163979192,0.16092939347607743,1,1,2
frozenset({'23093367'}),frozenset({'19351043'}),0.03899388264242507,0.051501999248145997,0.007142613034414408,0.18317265556529358,3.5566125245494726,1.0,0.005134350119881939,1.1611976597187397,0.7480010481395523,0.08569085690856909,0.13882017274973177,0.16092939347607743,1,1,2
"frozenset({'19358975', '15704307'})",frozenset({'23093367'}),0.030791838966542497,0.03899388264242507,0.01927480263832405,0.6259711431742508,16.053060140597506,1.0,0.018074109283318242,2.5693368300865727,0.9674976117596454,0.381596752368065,0.6107945099723241,0.5601371929718757,2,1,3
"frozenset({'19358975', '23093367'})",frozenset({'15704307'}),0.024298554389802125,0.09107685998427942,0.01927480263832405,0.7932489451476794,8.709665059649623,1.0,0.017061766602343646,4.3962200853821605,0.907229384804561,0.20056899004267428,0.7725318613312622,0.5024406076582675,2,1,3
"frozenset({'15704307', '23093367'})",frozenset({'19358975'}),0.025563036123167356,0.04302655411640067,0.01927480263832405,0.7540106951871658,17.5243105257122,1.0,0.018174913281191085,3.8903050952224585,0.9676730758372503,0.39085239085239093,0.7429507517988593,0.6009926390947744,2,1,3
frozenset({'19358975'}),"frozenset({'15704307', '23093367'})",0.04302655411640067,0.025563036123167356,0.01927480263832405,0.4479745830023829,17.524310525712202,1.0,0.018174913281191085,1.765203075569687,0.9853318481304021,0.39085239085239093,0.43349294263082544,0.6009926390947744,1,2,3
frozenset({'15704307'}),"frozenset({'19358975', '23093367'})",0.09107685998427942,0.024298554389802125,0.01927480263832405,0.21163227016885555,8.709665059649623,1.0,0.017061766602343646,1.2376222525231686,0.9738832507207933,0.20056899004267428,0.19199901427008342,0.5024406076582675,1,2,3
frozenset({'23093367'}),"frozenset({'19358975', '15704307'})",0.03899388264242507,0.030791838966542497,0.01927480263832405,0.49430324276950044,16.053060140597506,1.0,0.018074109283318242,1.9165797430488303,0.9757550593706809,0.381596752368065,0.47823720686453997,0.5601371929718757,1,2,3
"frozenset({'15704307', '23093367'})",frozenset({'17131869'}),0.025563036123167356,0.05488534226444756,0.020402583643757903,0.7981283422459893,14.541739366413383,1.0,0.018999547656819427,4.6817600263986305,0.9556620592293821,0.3397837222538418,0.7864051138116034,0.5849296754816496,2,1,3
"frozenset({'15704307', '17131869'})",frozenset({'23093367'}),0.0422747001127781,0.03899388264242507,0.020402583643757903,0.4826192400970089,12.376793676142487,1.0,0.01875412894881652,1.8574446362051875,0.9597779553395486,0.3352049410443571,0.461625945393975,0.5029222405568304,2,1,3
"frozenset({'23093367', '17131869'})",frozenset({'15704307'}),0.024298554389802125,0.09107685998427942,0.020402583643757903,0.839662447257384,9.2192731216504,1.0,0.018189547607777495,5.6688101100980495,0.9137339939628086,0.2148254767902123,0.823596137358938,0.5318387283191235,2,1,3
frozenset({'15704307'}),"frozenset({'23093367', '17131869'})",0.09107685998427942,0.024298554389802125,0.020402583643757903,0.22401500938086302,9.219273121650398,1.0,0.018189547607777495,1.2573715437868362,0.9808657515279812,0.2148254767902123,0.20469012922919202,0.5318387283191235,1,2,3
frozenset({'23093367'}),"frozenset({'15704307', '17131869'})",0.03899388264242507,0.0422747001127781,0.020402583643757903,0.523225241016652,12.376793676142487,1.0,0.01875412894881652,2.008758395535515,0.95650133074095,0.3352049410443571,0.5021800520050048,0.5029222405568304,1,2,3
frozenset({'17131869'}),"frozenset({'15704307', '23093367'})",0.05488534226444756,0.025563036123167356,0.020402583643757903,0.3717310087173101,14.541739366413383,1.0,0.018999547656819427,1.5509868820477632,0.9853115998845552,0.3397837222538418,0.3552492212701999,0.5849296754816496,1,2,3
"frozenset({'19358975', '23093367'})",frozenset({'17131869'}),0.024298554389802125,0.05488534226444756,0.020026656641946618,0.8241912798874824,15.016600897128034,1.0,0.018693022167731034,5.375812173199822,0.956652301512824,0.3385326400924321,0.8139815961232191,0.5945364867681497,2,1,3
"frozenset({'19358975', '17131869'})",frozenset({'23093367'}),0.030620963056628276,0.03899388264242507,0.020026656641946618,0.6540178571428571,16.772319472267434,1.0,0.01883262640211842,2.777617681136732,0.9700828245163456,0.4038594073053066,0.6399792502794147,0.5838012160385626,2,1,3
"frozenset({'23093367', '17131869'})",frozenset({'19358975'}),0.024298554389802125,0.04302655411640067,0.020026656641946618,0.8241912798874824,19.15540988148342,1.0,0.01898117357654349,5.443264960185913,0.9713990185471867,0.4234104046242774,0.8162867309759169,0.6448200243758302,2,1,3
frozenset({'19358975'}),"frozenset({'23093367', '17131869'})",0.04302655411640067,0.024298554389802125,0.020026656641946618,0.4654487688641779,19.15540988148342,1.0,0.01898117357654349,1.8252720951311132,0.9904093271738512,0.4234104046242774,0.45213647725865885,0.6448200243758302,1,2,3
frozenset({'23093367'}),"frozenset({'19358975', '17131869'})",0.03899388264242507,0.030620963056628276,0.020026656641946618,0.5135845749342681,16.772319472267434,1.0,0.01883262640211842,1.9929035696439406,0.9785348263657945,0.4038594073053066,0.4982195750802616,0.5838012160385626,1,2,3
frozenset({'17131869'}),"frozenset({'19358975', '23093367'})",0.05488534226444756,0.024298554389802125,0.020026656641946618,0.36488169364881695,15.016600897128036,1.0,0.018693022167731034,1.5362514918137038,0.9876124826682743,0.3385326400924321,0.34906491200903794,0.5945364867681497,1,2,3
"frozenset({'19358975', '15704307', '23093367'})",frozenset({'17131869'}),0.01927480263832405,0.05488534226444756,0.017395167629267627,0.9024822695035462,16.443047128233665,1.0,0.016337263489383535,9.691721217506398,0.9576423895955664,0.3064419024683926,0.896819153424092,0.6097093788364556,3,1,4
"frozenset({'19358975', '15704307', '17131869'})",frozenset({'23093367'}),0.025665561669115888,0.03899388264242507,0.017395167629267627,0.6777629826897471,17.38126436151156,1.0,0.0163943677295902,2.982295843535285,0.9672929017426762,0.3680404916847434,0.6646878604724286,0.5619314475236641,3,1,4
"frozenset({'19358975', '23093367', '17131869'})",frozenset({'15704307'}),0.020026656641946618,0.09107685998427942,0.017395167629267627,0.8686006825938567,9.537007344607444,1.0,0.015571202626335816,6.917259221418344,0.9134384222615416,0.18563092633114517,0.8554340717919552,0.5297975270380165,3,1,4
"frozenset({'15704307', '23093367', '17131869'})",frozenset({'19358975'}),0.020402583643757903,0.04302655411640067,0.017395167629267627,0.8525963149078728,19.81558440867297,1.0,0.016517314760005085,6.492194854460331,0.9693111215535926,0.37787676317743135,0.8459688868837678,0.628442716627884,3,1,4
"frozenset({'19358975', '15704307'})","frozenset({'23093367', '17131869'})",0.030791838966542497,0.024298554389802125,0.017395167629267627,0.5649278579356272,23.249443109781136,1.0,0.016646970455377066,2.24261990432344,0.9873918272228241,0.46146872166817776,0.5540929615080346,0.6404104831168994,2,2,4
"frozenset({'19358975', '23093367'})","frozenset({'15704307', '17131869'})",0.024298554389802125,0.0422747001127781,0.017395167629267627,0.7158931082981717,16.934315474464675,1.0,0.016367953529264713,3.3710034070287866,0.9643813803378073,0.35371785962473945,0.7033524208504425,0.5636862469542596,2,2,4
"frozenset({'19358975', '17131869'})","frozenset({'15704307', '23093367'})",0.030620963056628276,0.025563036123167356,0.017395167629267627,0.5680803571428572,22.222726377482815,1.0,0.016612402844524865,2.2560607742471372,0.9851678079428389,0.4484581497797357,0.5567495293500209,0.6242808202826586,2,2,4
"frozenset({'15704307', '23093367'})","frozenset({'19358975', '17131869'})",0.025563036123167356,0.030620963056628276,0.017395167629267627,0.68048128342246,22.222726377482815,1.0,0.016612402844524865,3.033872467086369,0.9800541813312742,0.4484581497797357,0.6703882543354345,0.6242808202826586,2,2,4
"frozenset({'15704307', '17131869'})","frozenset({'19358975', '23093367'})",0.0422747001127781,0.024298554389802125,0.017395167629267627,0.4114793856103477,16.934315474464675,1.0,0.016367953529264713,1.6578883079942512,0.9824824582016985,0.35371785962473945,0.39682305787546,0.5636862469542596,2,2,4
"frozenset({'23093367', '17131869'})","frozenset({'19358975', '15704307'})",0.024298554389802125,0.030791838966542497,0.017395167629267627,0.7158931082981717,23.249443109781133,1.0,0.016646970455377066,3.4114208044296457,0.9808207432588194,0.46146872166817776,0.7068670042987588,0.6404104831168994,2,2,4
frozenset({'19358975'}),"frozenset({'15704307', '23093367', '17131869'})",0.04302655411640067,0.020402583643757903,0.017395167629267627,0.4042891183478952,19.81558440867297,1.0,0.016517314760005085,1.6444175295900116,0.9922267690954996,0.37787676317743135,0.3918819387377115,0.628442716627884,1,3,4
frozenset({'15704307'}),"frozenset({'19358975', '23093367', '17131869'})",0.09107685998427942,0.020026656641946618,0.017395167629267627,0.19099437148217638,9.537007344607446,1.0,0.015571202626335816,1.2113306864792266,0.984841583634746,0.18563092633114517,0.17446159734751396,0.5297975270380165,1,3,4
frozenset({'23093367'}),"frozenset({'19358975', '15704307', '17131869'})",0.03899388264242507,0.025665561669115888,0.017395167629267627,0.44609991235758106,17.38126436151156,1.0,0.0163943677295902,1.759043661606865,0.9807084149603021,0.3680404916847434,0.43150927869151806,0.5619314475236641,1,3,4
frozenset({'17131869'}),"frozenset({'19358975', '15704307', '23093367'})",0.05488534226444756,0.01927480263832405,0.017395167629267627,0.3169364881693649,16.443047128233665,1.0,0.016337263489383535,1.4357745368850061,0.9937249558569506,0.3064419024683926,0.3035118158805376,0.6097093788364556,1,3,4
"frozenset({'15704307', '23093367'})",frozenset({'22554204'}),0.025563036123167356,0.039028057824407915,0.005912306483032022,0.23128342245989306,5.926080757091883,1.0,0.004914630831049619,1.2500991526040748,0.8530612443487394,0.10075713453698312,0.20006345263341266,0.1913860194611199,2,1,3
"frozenset({'15704307', '22554204'})",frozenset({'23093367'}),0.012268890331841018,0.03899388264242507,0.005912306483032022,0.4818941504178273,12.358198716368136,1.0,0.00543389481327943,1.8548451404912334,0.9304982394161974,0.1303692539562924,0.4608714344017085,0.3167577675840232,2,1,3
"frozenset({'22554204', '23093367'})",frozenset({'15704307'}),0.008304569221831107,0.09107685998427942,0.005912306483032022,0.7119341563786008,7.816850037446243,1.0,0.005155952394785554,3.155261757483144,0.8793740540553461,0.06325411334552103,0.6830690836890599,0.3884248643056231,2,1,3
frozenset({'15704307'}),"frozenset({'22554204', '23093367'})",0.09107685998427942,0.008304569221831107,0.005912306483032022,0.06491557223264541,7.816850037446243,1.0,0.005155952394785554,1.060541060603459,0.95945541812972,0.06325411334552103,0.057085069925544046,0.3884248643056231,1,2,3
frozenset({'23093367'}),"frozenset({'15704307', '22554204'})",0.03899388264242507,0.012268890331841018,0.005912306483032022,0.1516213847502191,12.358198716368136,1.0,0.00543389481327943,1.1642574340200098,0.9563748263018114,0.1303692539562924,0.14108343156792477,0.3167577675840232,1,2,3
frozenset({'22554204'}),"frozenset({'15704307', '23093367'})",0.039028057824407915,0.025563036123167356,0.005912306483032022,0.15148861646234676,5.926080757091883,1.0,0.004914630831049619,1.1484076498940587,0.8650142345074721,0.10075713453698312,0.12922906766403847,0.1913860194611199,1,2,3
"frozenset({'19358975', '22554204'})",frozenset({'23093367'}),0.007996992583985509,0.03899388264242507,0.005775605755100646,0.7222222222222223,18.5214237024053,1.0,0.005463771964788371,3.4596220224872707,0.953634679648391,0.14013266998341625,0.7109510826616091,0.43516895510760545,2,1,3
"frozenset({'19358975', '23093367'})",frozenset({'22554204'}),0.024298554389802125,0.039028057824407915,0.005775605755100646,0.23769338959212377,6.090320729295214,1.0,0.004827280369325927,1.260610794994181,0.8566196540896797,0.10035629453681709,0.2067337484567422,0.19283968954212144,2,1,3
"frozenset({'22554204', '23093367'})",frozenset({'19358975'}),0.008304569221831107,0.04302655411640067,0.005775605755100646,0.6954732510288065,16.163814772322404,1.0,0.005418288758064134,3.1424938831042515,0.9459894511507039,0.12678169542385595,0.6817814012696918,0.4148533848472071,2,1,3
frozenset({'19358975'}),"frozenset({'22554204', '23093367'})",0.04302655411640067,0.008304569221831107,0.005775605755100646,0.13423351866560762,16.163814772322404,1.0,0.005418288758064134,1.1454537131648759,0.9803129024173676,0.12678169542385595,0.12698349264850592,0.4148533848472071,1,2,3
frozenset({'22554204'}),"frozenset({'19358975', '23093367'})",0.039028057824407915,0.024298554389802125,0.005775605755100646,0.14798598949211908,6.090320729295213,1.0,0.004827280369325927,1.145170658670962,0.8697496754600218,0.10035629453681709,0.12676770712885801,0.19283968954212144,1,2,3
frozenset({'23093367'}),"frozenset({'19358975', '22554204'})",0.03899388264242507,0.007996992583985509,0.005775605755100646,0.1481156879929886,18.5214237024053,1.0,0.005463771964788371,1.1644808965655067,0.9843938067622278,0.14013266998341625,0.14124825667009475,0.43516895510760545,1,2,3
"frozenset({'22554204', '23093367'})",frozenset({'17131869'}),0.008304569221831107,0.05488534226444756,0.005673080209152114,0.6831275720164609,12.446448247057075,1.0,0.005217281085053116,2.982634569217393,0.9273570953467186,0.0986333927510398,0.6647259405089012,0.3932449815250424,2,1,3
"frozenset({'22554204', '17131869'})",frozenset({'23093367'}),0.008885547315539455,0.03899388264242507,0.005673080209152114,0.6384615384615385,16.373376929818647,1.0,0.005326598219916253,2.6581020267337183,0.9473429042538208,0.13441295546558704,0.6237917168180327,0.3919739769433021,2,1,3
"frozenset({'23093367', '17131869'})",frozenset({'22554204'}),0.024298554389802125,0.039028057824407915,0.005673080209152114,0.23347398030942335,5.982208527000032,1.0,0.004724754823377395,1.2536716530033871,0.8535783765534993,0.0983995257854179,0.20234297584672414,0.18941649978693584,2,1,3
frozenset({'22554204'}),"frozenset({'23093367', '17131869'})",0.039028057824407915,0.024298554389802125,0.005673080209152114,0.14535901926444833,5.982208527000032,1.0,0.004724754823377395,1.1416506668922601,0.866661782090487,0.0983995257854179,0.12407531568115666,0.18941649978693584,1,2,3
frozenset({'23093367'}),"frozenset({'22554204', '17131869'})",0.03899388264242507,0.008885547315539455,0.005673080209152114,0.1454864154250657,16.373376929818647,1.0,0.005326598219916253,1.1598580415517634,0.9770231709198101,0.13441295546558704,0.13782552331825965,0.3919739769433021,1,2,3
frozenset({'17131869'}),"frozenset({'22554204', '23093367'})",0.05488534226444756,0.008304569221831107,0.005673080209152114,0.10336239103362391,12.446448247057074,1.0,0.005217281085053116,1.1060158762706522,0.973062671949777,0.0986333927510398,0.09585384671703319,0.3932449815250424,1,2,3
"frozenset({'15704307', '20898019'})",frozenset({'23093367'}),0.015959809985988175,0.03899388264242507,0.007313488944328628,0.4582441113490364,11.751692324438347,1.0,0.0066911539867396015,1.7738729518023222,0.9297444171585592,0.15351506456241032,0.4362617689254678,0.32289944393043407,2,1,3
"frozenset({'20898019', '23093367'})",frozenset({'15704307'}),0.009500700591230649,0.09107685998427942,0.007313488944328628,0.7697841726618705,8.452028021110316,1.0,0.006448194966828554,3.948134889443286,0.8901421748682196,0.07841700256504212,0.7467158473552035,0.42504218013956563,2,1,3
"frozenset({'15704307', '23093367'})",frozenset({'20898019'}),0.025563036123167356,0.04692252486244489,0.007313488944328628,0.28609625668449196,6.097205074176926,1.0,0.006114006746279731,1.3350223809042907,0.8579215055536235,0.11221814368117461,0.2509488872219205,0.220979665123018,2,1,3
frozenset({'20898019'}),"frozenset({'15704307', '23093367'})",0.04692252486244489,0.025563036123167356,0.007313488944328628,0.15586307356154405,6.097205074176926,1.0,0.006114006746279731,1.1543588881819595,0.8771484469252174,0.11221814368117461,0.13371828273013506,0.220979665123018,1,2,3
frozenset({'15704307'}),"frozenset({'20898019', '23093367'})",0.09107685998427942,0.009500700591230649,0.007313488944328628,0.08030018761726078,8.452028021110316,1.0,0.006448194966828554,1.076981082384484,0.9700327362838626,0.07841700256504212,0.07147858364795458,0.42504218013956563,1,2,3
frozenset({'23093367'}),"frozenset({'15704307', '20898019'})",0.03899388264242507,0.015959809985988175,0.007313488944328628,0.18755477651183172,11.751692324438347,1.0,0.0066911539867396015,1.211208044019404,0.9520291873280068,0.15351506456241032,0.1743780063732968,0.32289944393043407,1,2,3
"frozenset({'20898019', '23093367'})",frozenset({'17131869'}),0.009500700591230649,0.05488534226444756,0.007245138580362941,0.762589928057554,13.894236541028697,1.0,0.006723689376661207,3.9809374977346006,0.9369291953187913,0.12679425837320576,0.7488028886238325,0.4472974546888019,2,1,3
"frozenset({'20898019', '17131869'})",frozenset({'23093367'}),0.011517036328218449,0.03899388264242507,0.007245138580362941,0.629080118694362,16.13278996767373,1.0,0.0067960446173918445,2.590872492396022,0.9489434575452128,0.16745655608214852,0.614029635601555,0.40744102341378924,2,1,3
"frozenset({'23093367', '17131869'})",frozenset({'20898019'}),0.024298554389802125,0.04692252486244489,0.007245138580362941,0.2981715893108298,6.354551256244859,1.0,0.006104989057885981,1.3579921539535105,0.8636171232197732,0.11324786324786323,0.2636187204110797,0.22628899931674046,2,1,3
frozenset({'20898019'}),"frozenset({'23093367', '17131869'})",0.04692252486244489,0.024298554389802125,0.007245138580362941,0.15440640932265112,6.354551256244859,1.0,0.006104989057885981,1.1538657061350575,0.8841175010013097,0.11324786324786323,0.13334801902592275,0.22628899931674046,1,2,3
frozenset({'23093367'}),"frozenset({'20898019', '17131869'})",0.03899388264242507,0.011517036328218449,0.007245138580362941,0.18580192813321647,16.13278996767373,1.0,0.0067960446173918445,1.2140571168455359,0.9760754113100191,0.16745655608214852,0.17631552410130158,0.40744102341378924,1,2,3
frozenset({'17131869'}),"frozenset({'20898019', '23093367'})",0.05488534226444756,0.009500700591230649,0.007245138580362941,0.1320049813200498,13.894236541028697,1.0,0.006723689376661207,1.1411347739243067,0.9819207690444595,0.12679425837320576,0.12367932092626635,0.4472974546888019,1,2,3
"frozenset({'19358975', '20898019'})",frozenset({'23093367'}),0.009739926865110557,0.03899388264242507,0.007108437852431564,0.7298245614035087,18.716386057167455,1.0,0.00672864028730764,3.5569706941156984,0.9558810939026463,0.17077175697865354,0.7188618951361333,0.4560603963897473,2,1,3
"frozenset({'19358975', '23093367'})",frozenset({'20898019'}),0.024298554389802125,0.04692252486244489,0.007108437852431564,0.29254571026722925,6.2346540627308045,1.0,0.005968288329954604,1.3471930115761466,0.8605154587094166,0.11087420042643922,0.25771586446247113,0.22201939555604727,2,1,3
"frozenset({'20898019', '23093367'})",frozenset({'19358975'}),0.009500700591230649,0.04302655411640067,0.007108437852431564,0.7482014388489209,17.389294918314754,1.0,0.0066996554442992585,3.8005516850805803,0.9515335913094943,0.1565086531226486,0.7368803050552916,0.456705961680219,2,1,3
frozenset({'19358975'}),"frozenset({'20898019', '23093367'})",0.04302655411640067,0.009500700591230649,0.007108437852431564,0.16521048451151707,17.38929491831475,1.0,0.0066996554442992585,1.1865258020510376,0.9848688692565915,0.1565086531226486,0.15720332564922543,0.456705961680219,1,2,3
frozenset({'20898019'}),"frozenset({'19358975', '23093367'})",0.04692252486244489,0.024298554389802125,0.007108437852431564,0.15149308084486526,6.234654062730805,1.0,0.005968288329954604,1.149903935470216,0.8809422097731585,0.11087420042643922,0.13036213795452198,0.22201939555604727,1,2,3
frozenset({'23093367'}),"frozenset({'19358975', '20898019'})",0.03899388264242507,0.009739926865110557,0.007108437852431564,0.18229623137598597,18.716386057167455,1.0,0.00672864028730764,1.211025448496151,0.9849790390086443,0.17077175697865354,0.1742535210620074,0.4560603963897473,1,2,3
"frozenset({'15704307', '20898019', '23093367'})",frozenset({'17131869'}),0.007313488944328628,0.05488534226444756,0.006185707938894775,0.8457943925233645,15.410205304873083,1.0,0.0057843045950380445,6.128925356224493,0.9419972241596635,0.11043319097010372,0.836839259433237,0.4792483793251941,3,1,4
"frozenset({'15704307', '20898019', '17131869'})",frozenset({'23093367'}),0.009705751683127713,0.03899388264242507,0.006185707938894775,0.6373239436619719,16.344203256347903,1.0,0.005807242996806373,2.649764440092731,0.9480174503039848,0.1454983922829582,0.6226079628553683,0.397978360963326,3,1,4
"frozenset({'20898019', '23093367', '17131869'})",frozenset({'15704307'}),0.007245138580362941,0.09107685998427942,0.006185707938894775,0.8537735849056604,9.374209706538284,1.0,0.005525843466844358,6.215861473655894,0.899843834070419,0.06713649851632048,0.8391212538699251,0.4608455166554568,3,1,4
"frozenset({'15704307', '23093367', '17131869'})",frozenset({'20898019'}),0.020402583643757903,0.04692252486244489,0.006185707938894775,0.30318257956448913,6.461344108256749,1.0,0.005228367200612433,1.3677578188873087,0.8628375554914784,0.10117384013415316,0.26887641496832027,0.21750534659214987,3,1,4
"frozenset({'15704307', '20898019'})","frozenset({'23093367', '17131869'})",0.015959809985988175,0.024298554389802125,0.006185707938894775,0.3875802997858673,15.950755488093197,1.0,0.005797907627899334,1.5931908220278408,0.9525089058992877,0.1815446339017051,0.37232879691888837,0.3210756632543964,2,2,4
"frozenset({'20898019', '23093367'})","frozenset({'15704307', '17131869'})",0.009500700591230649,0.0422747001127781,0.006185707938894775,0.6510791366906474,15.401153289171411,1.0,0.005784068670539206,2.7448209625633777,0.9440388278668979,0.13568215892053972,0.6356775127999227,0.39870044142535604,2,2,4
"frozenset({'20898019', '17131869'})","frozenset({'15704307', '23093367'})",0.011517036328218449,0.025563036123167356,0.006185707938894775,0.5370919881305638,21.010492867230518,1.0,0.005891297523204696,2.105033697605722,0.963501414642756,0.2002212389380531,0.5249482223788597,0.3895352988781161,2,2,4
"frozenset({'15704307', '23093367'})","frozenset({'20898019', '17131869'})",0.025563036123167356,0.011517036328218449,0.006185707938894775,0.24197860962566844,21.010492867230514,1.0,0.005891297523204696,1.3040304353200927,0.9773897842081533,0.2002212389380531,0.2331467326876187,0.3895352988781161,2,2,4
"frozenset({'15704307', '17131869'})","frozenset({'20898019', '23093367'})",0.0422747001127781,0.009500700591230649,0.006185707938894775,0.1463217461600647,15.401153289171413,1.0,0.005784068670539206,1.1602723800839467,0.9763444671733621,0.13568215892053972,0.13813340973638522,0.39870044142535604,2,2,4
"frozenset({'23093367', '17131869'})","frozenset({'15704307', '20898019'})",0.024298554389802125,0.015959809985988175,0.006185707938894775,0.2545710267229255,15.950755488093195,1.0,0.005797907627899334,1.320099198301816,0.9606494373542587,0.1815446339017051,0.24248117013751208,0.3210756632543964,2,2,4
frozenset({'20898019'}),"frozenset({'15704307', '23093367', '17131869'})",0.04692252486244489,0.020402583643757903,0.006185707938894775,0.13182811361981064,6.461344108256749,1.0,0.005228367200612433,1.1283450106183897,0.8868465178789349,0.10117384013415316,0.11374624730077028,0.21750534659214987,1,3,4
frozenset({'15704307'}),"frozenset({'20898019', '23093367', '17131869'})",0.09107685998427942,0.007245138580362941,0.006185707938894775,0.06791744840525328,9.374209706538284,1.0,0.005525843466844358,1.065093279260601,0.9828381537040006,0.06713649851632048,0.061115097173262974,0.4608455166554568,1,3,4
frozenset({'23093367'}),"frozenset({'15704307', '20898019', '17131869'})",0.03899388264242507,0.009705751683127713,0.006185707938894775,0.1586327782646801,16.344203256347903,1.0,0.005807242996806373,1.1770059763849494,0.9769097317730642,0.1454983922829582,0.1503866419851194,0.397978360963326,1,3,4
frozenset({'17131869'}),"frozenset({'15704307', '20898019', '23093367'})",0.05488534226444756,0.007313488944328628,0.006185707938894775,0.11270236612702367,15.410205304873083,1.0,0.0057843045950380445,1.1187751135125672,0.9894121630868105,0.11043319097010372,0.10616531604788239,0.4792483793251941,1,3,4
"frozenset({'19358975', '20898019', '23093367'})",frozenset({'17131869'}),0.007108437852431564,0.05488534226444756,0.006322408666826151,0.8894230769230769,16.205111241498226,1.0,0.0059322596223298895,8.547123861260644,0.9450086096146744,0.11356660527931246,0.8830015785155,0.5023080515375036,3,1,4
"frozenset({'19358975', '20898019', '17131869'})",frozenset({'23093367'}),0.007996992583985509,0.03899388264242507,0.006322408666826151,0.7905982905982907,20.27493127186379,1.0,0.006010574876513876,4.589294519625971,0.9583418606535016,0.15546218487394958,0.7821015853910591,0.47636838281010063,3,1,4
"frozenset({'19358975', '23093367', '17131869'})",frozenset({'20898019'}),0.020026656641946618,0.04692252486244489,0.006322408666826151,0.31569965870307165,6.728104671020087,1.0,0.005382707372632764,1.3927765596773247,0.86876825561394,0.10428410372040586,0.28200974301888193,0.22522055040033406,3,1,4
"frozenset({'20898019', '23093367', '17131869'})",frozenset({'19358975'}),0.007245138580362941,0.04302655411640067,0.006322408666826151,0.8726415094339622,20.281464025057325,1.0,0.006010675319617342,7.514013723234186,0.9576320718115616,0.14385692068429237,0.8669153348884783,0.5097917634540741,3,1,4
"frozenset({'19358975', '20898019'})","frozenset({'23093367', '17131869'})",0.009739926865110557,0.024298554389802125,0.006322408666826151,0.6491228070175438,26.714461963629184,1.0,0.006085742524141567,2.7807491199890633,0.9720346381721313,0.2281134401972873,0.6403846744707653,0.4546598563920349,2,2,4
"frozenset({'19358975', '23093367'})","frozenset({'20898019', '17131869'})",0.024298554389802125,0.011517036328218449,0.006322408666826151,0.26019690576652604,22.592349138380765,1.0,0.0060425613331956075,1.33614332161718,0.9795385998958678,0.21436848203939743,0.2515772942758373,0.40457916504943514,2,2,4
"frozenset({'19358975', '17131869'})","frozenset({'20898019', '23093367'})",0.030620963056628276,0.009500700591230649,0.006322408666826151,0.20647321428571427,21.732419867677287,1.0,0.00603148806500999,1.2482241522788429,0.9841205139565796,0.18705763397371084,0.19886184050009612,0.4359704200924974,2,2,4
"frozenset({'20898019', '23093367'})","frozenset({'19358975', '17131869'})",0.009500700591230649,0.030620963056628276,0.006322408666826151,0.6654676258992805,21.732419867677287,1.0,0.00603148806500999,2.897713680325347,0.963136265341006,0.18705763397371084,0.6549003420214647,0.4359704200924974,2,2,4
"frozenset({'20898019', '17131869'})","frozenset({'19358975', '23093367'})",0.011517036328218449,0.024298554389802125,0.006322408666826151,0.5489614243323442,22.592349138380765,1.0,0.0060425613331956075,2.163232810333136,0.9668727363790287,0.21436848203939743,0.5377289049873458,0.40457916504943514,2,2,4
"frozenset({'23093367', '17131869'})","frozenset({'19358975', '20898019'})",0.024298554389802125,0.009739926865110557,0.006322408666826151,0.26019690576652604,26.714461963629187,1.0,0.006085742524141567,1.3385454600739666,0.9865385525630709,0.2281134401972873,0.2529204051502733,0.4546598563920349,2,2,4
frozenset({'19358975'}),"frozenset({'20898019', '23093367', '17131869'})",0.04302655411640067,0.007245138580362941,0.006322408666826151,0.14694201747418587,20.28146402505732,1.0,0.006010675319617342,1.1637601215338205,0.9934381134938237,0.14385692068429237,0.1407163886299753,0.5097917634540741,1,3,4
frozenset({'20898019'}),"frozenset({'19358975', '23093367', '17131869'})",0.04692252486244489,0.020026656641946618,0.006322408666826151,0.1347414420975965,6.728104671020088,1.0,0.005382707372632764,1.1325786198910837,0.8932849157246748,0.10428410372040586,0.11705908761003563,0.22522055040033406,1,3,4
frozenset({'23093367'}),"frozenset({'19358975', '20898019', '17131869'})",0.03899388264242507,0.007996992583985509,0.006322408666826151,0.1621384750219106,20.27493127186379,1.0,0.006010574876513876,1.1839701165917076,0.9892528161162585,0.15546218487394958,0.1553840878360191,0.47636838281010063,1,3,4
frozenset({'17131869'}),"frozenset({'19358975', '20898019', '23093367'})",0.05488534226444756,0.007108437852431564,0.006322408666826151,0.11519302615193026,16.20511124149823,1.0,0.0059322596223298895,1.122156121610834,0.9927801531417513,0.11356660527931246,0.10885840148114244,0.5023080515375036,1,3,4
"frozenset({'19358975', '20898019', '15704307'})",frozenset({'23093367'}),0.007962817402002666,0.03899388264242507,0.006083182392946243,0.7639484978540773,19.59149605232967,1.0,0.005772681225669491,4.071171369896636,0.9565744736194268,0.1488294314381271,0.7543704479270326,0.45997600177541725,3,1,4
"frozenset({'19358975', '20898019', '23093367'})",frozenset({'15704307'}),0.007108437852431564,0.09107685998427942,0.006083182392946243,0.8557692307692308,9.396121373935634,1.0,0.005435768193953382,6.301867104108999,0.8999704917436828,0.06604823747680891,0.8413168695118989,0.46128048780487807,3,1,4
"frozenset({'19358975', '15704307', '23093367'})",frozenset({'20898019'}),0.01927480263832405,0.04692252486244489,0.006083182392946243,0.31560283687943264,6.726041230829627,1.0,0.005178759986930764,1.392579523257982,0.8680557377293089,0.10119386014781126,0.2819081544007845,0.22262297707045192,3,1,4
"frozenset({'15704307', '20898019', '23093367'})",frozenset({'19358975'}),0.007313488944328628,0.04302655411640067,0.006083182392946243,0.8317757009345795,19.33168291107763,1.0,0.005768508165103389,5.688675483863621,0.9552577128969205,0.13745173745173747,0.8242121557405446,0.4865788750900062,3,1,4
"frozenset({'19358975', '20898019'})","frozenset({'15704307', '23093367'})",0.009739926865110557,0.025563036123167356,0.006083182392946243,0.6245614035087719,24.432207524157988,1.0,0.005834200290656413,2.595462941167264,0.9685035736665447,0.208187134502924,0.6147122795942263,0.4312646589736373,2,2,4
"frozenset({'19358975', '15704307'})","frozenset({'20898019', '23093367'})",0.030791838966542497,0.009500700591230649,0.006083182392946243,0.19755826859045506,20.794073731026277,1.0,0.005790638350271733,1.234356664961689,0.9821516299266255,0.17782217782217782,0.18986138416400322,0.4189230191873139,2,2,4
"frozenset({'19358975', '23093367'})","frozenset({'15704307', '20898019'})",0.024298554389802125,0.015959809985988175,0.006083182392946243,0.25035161744022505,15.686378325307121,1.0,0.005695382081950802,1.3126689964352014,0.9595665007182352,0.17800000000000002,0.2381933277043282,0.3157539671783567,2,2,4
"frozenset({'15704307', '20898019'})","frozenset({'19358975', '23093367'})",0.015959809985988175,0.024298554389802125,0.006083182392946243,0.38115631691648827,15.686378325307121,1.0,0.005695382081950802,1.5766525089964096,0.9514351460549287,0.17800000000000002,0.3657448332502054,0.3157539671783567,2,2,4
"frozenset({'20898019', '23093367'})","frozenset({'19358975', '15704307'})",0.009500700591230649,0.030791838966542497,0.006083182392946243,0.6402877697841727,20.794073731026277,1.0,0.005790638350271733,2.694398687673012,0.9610399277065556,0.17782217782217782,0.6288596767156092,0.4189230191873139,2,2,4
"frozenset({'15704307', '23093367'})","frozenset({'19358975', '20898019'})",0.025563036123167356,0.009739926865110557,0.006083182392946243,0.23796791443850268,24.432207524157988,1.0,0.005834200290656413,1.2994991836928023,0.9842303353053624,0.208187134502924,0.2304727755516644,0.4312646589736373,2,2,4
frozenset({'19358975'}),"frozenset({'15704307', '20898019', '23093367'})",0.04302655411640067,0.007313488944328628,0.006083182392946243,0.1413820492454329,19.33168291107763,1.0,0.005768508165103389,1.156144604457993,0.990906749036385,0.13745173745173747,0.13505629300687205,0.4865788750900062,1,3,4
frozenset({'20898019'}),"frozenset({'19358975', '15704307', '23093367'})",0.04692252486244489,0.01927480263832405,0.006083182392946243,0.12964311726147124,6.726041230829627,1.0,0.005178759986930764,1.1268081137887709,0.8932370734946204,0.10119386014781126,0.1125374517959337,0.22262297707045192,1,3,4
frozenset({'15704307'}),"frozenset({'19358975', '20898019', '23093367'})",0.09107685998427942,0.007108437852431564,0.006083182392946243,0.06679174484052533,9.396121373935634,1.0,0.005435768193953382,1.0639549710990228,0.9831118475195223,0.06604823747680891,0.06011059944854616,0.46128048780487807,1,3,4
frozenset({'23093367'}),"frozenset({'19358975', '20898019', '15704307'})",0.03899388264242507,0.007962817402002666,0.006083182392946243,0.15600350569675722,19.59149605232967,1.0,0.005772681225669491,1.1754043876888005,0.9874624402640371,0.1488294314381271,0.1492289713446608,0.45997600177541725,1,3,4
frozenset({'15704307'}),frozenset({'19536001'}),0.09107685998427942,0.027989474043949285,0.011756262602098356,0.12908067542213883,4.611757806504523,1.0,0.009207069193563963,1.1160741282519928,0.861638246877481,0.10955414012738852,0.10400216734150917,0.2745525477232794,1,1,2
frozenset({'19536001'}),frozenset({'15704307'}),0.027989474043949285,0.09107685998427942,0.011756262602098356,0.42002442002442,4.611757806504523,1.0,0.009207069193563963,1.5671748456271055,0.8057144650148895,0.10955414012738852,0.36190910491557204,0.2745525477232794,1,1,2
frozenset({'17131869'}),frozenset({'19536001'}),0.05488534226444756,0.027989474043949285,0.008919722497522299,0.16251556662515568,5.806310128227937,1.0,0.007383510634818272,1.1606311558999387,0.8758446124975842,0.12060998151571166,0.13839983106035722,0.24059844265323715,1,1,2
frozenset({'19536001'}),frozenset({'17131869'}),0.027989474043949285,0.05488534226444756,0.008919722497522299,0.31868131868131866,5.806310128227936,1.0,0.007383510634818272,1.387184416998956,0.851609688440359,0.12060998151571166,0.27911531607065865,0.24059844265323715,1,1,2
frozenset({'19358975'}),frozenset({'19536001'}),0.04302655411640067,0.027989474043949285,0.0072793137623457845,0.1691818903891978,6.044482655284879,1.0,0.006075023142704208,1.1699438357348642,0.8720825776026058,0.11420911528150134,0.14525811457275567,0.2146275752312289,1,1,2
frozenset({'19536001'}),frozenset({'19358975'}),0.027989474043949285,0.04302655411640067,0.0072793137623457845,0.26007326007326004,6.044482655284878,1.0,0.006075023142704208,1.2933353996347654,0.8585913908314523,0.11420911528150134,0.2268053590102015,0.2146275752312289,1,1,2
frozenset({'23093367'}),frozenset({'19536001'}),0.03899388264242507,0.027989474043949285,0.007108437852431564,0.18229623137598597,6.513028115131532,1.0,0.006017019586338603,1.1887074063406793,0.8808076991465149,0.11872146118721462,0.15875008882261182,0.21813224267211995,1,1,2
frozenset({'19536001'}),frozenset({'23093367'}),0.027989474043949285,0.03899388264242507,0.007108437852431564,0.25396825396825395,6.513028115131533,1.0,0.006017019586338603,1.288157136032494,0.8708358237817311,0.11872146118721462,0.22369719343403555,0.21813224267211995,1,1,2
frozenset({'22554204'}),frozenset({'19536001'}),0.039028057824407915,0.027989474043949285,0.006800861214585968,0.17425569176882663,6.225757993708957,1.0,0.005708486403123951,1.177132577562895,0.8734666969042733,0.11293984108967084,0.15047801831262345,0.2086174673740348,1,1,2
frozenset({'19536001'}),frozenset({'22554204'}),0.027989474043949285,0.039028057824407915,0.006800861214585968,0.24297924297924298,6.225757993708957,1.0,0.005708486403123951,1.2694129365190483,0.8635472206684219,0.11293984108967084,0.21223427678138015,0.2086174673740348,1,1,2
frozenset({'25451555'}),frozenset({'19536001'}),0.032466422883701856,0.027989474043949285,0.006766686032603123,0.20842105263157892,7.4464083285135905,1.0,0.005857967931999869,1.2279388293327769,0.8947566156424903,0.1260343730108211,0.18562718588891888,0.22508964719491031,1,1,2
frozenset({'19536001'}),frozenset({'25451555'}),0.027989474043949285,0.032466422883701856,0.006766686032603123,0.24175824175824173,7.4464083285135905,1.0,0.005857967931999869,1.276022543733089,0.8906354878508734,0.1260343730108211,0.21631478619928335,0.22508964719491031,1,1,2
frozenset({'23093359'}),frozenset({'19536001'}),0.03236389733775332,0.027989474043949285,0.006629985304671748,0.20485744456177404,7.319088748866997,1.0,0.005724136840175662,1.222435548579522,0.8922475785174944,0.12340966921119595,0.18196096214478835,0.22086584071800547,1,1,2
frozenset({'19536001'}),frozenset({'23093359'}),0.027989474043949285,0.03236389733775332,0.006629985304671748,0.23687423687423687,7.319088748866997,1.0,0.005724136840175662,1.2679903489286082,0.8882321193356421,0.12340966921119595,0.21135046426421716,0.22086584071800547,1,1,2
frozenset({'20898019'}),frozenset({'19536001'}),0.04692252486244489,0.027989474043949285,0.007586890400191381,0.1616897305171158,5.7768048896963675,1.0,0.006273553608477415,1.1594877950805018,0.8676041036733808,0.11269035532994923,0.13755021463544495,0.21637600078969343,1,1,2
frozenset({'19536001'}),frozenset({'20898019'}),0.027989474043949285,0.04692252486244489,0.007586890400191381,0.27106227106227104,5.7768048896963675,1.0,0.006273553608477415,1.3074881945354397,0.8507047058309276,0.11269035532994923,0.23517473872465264,0.21637600078969343,1,1,2
frozenset({'20299683'}),frozenset({'19536001'}),0.034482758620689655,0.027989474043949285,0.007757766310105601,0.22497522299306244,8.037851037851038,1.0,0.00679261203272804,1.2541670341299938,0.906859660163625,0.14178638351030604,0.20265804092539202,0.2510712500801698,1,1,2
frozenset({'19536001'}),frozenset({'20299683'}),0.027989474043949285,0.034482758620689655,0.007757766310105601,0.2771672771672771,8.037851037851036,1.0,0.00679261203272804,1.33574091332712,0.9008016004128658,0.14178638351030604,0.25135182278039414,0.2510712500801698,1,1,2
frozenset({'28204534'}),frozenset({'19536001'}),0.03178291924404497,0.027989474043949285,0.005570554663203582,0.1752688172043011,6.261954652277233,1.0,0.004680967469981449,1.178578603831978,0.8678895172817914,0.10277427490542244,0.1515203171441901,0.18714600811375004,1,1,2
frozenset({'19536001'}),frozenset({'28204534'}),0.027989474043949285,0.03178291924404497,0.005570554663203582,0.199023199023199,6.261954652277233,1.0,0.004680967469981449,1.2087954102730596,0.8645024229699189,0.10277427490542244,0.17273014812812207,0.18714600811375004,1,1,2
frozenset({'19351043'}),frozenset({'19536001'}),0.051501999248145997,0.027989474043949285,0.005092102115443765,0.09887193098871931,3.5324683426873205,1.0,0.0036505882442762873,1.0786596926478413,0.7558390519197186,0.06844281120808453,0.07292354871882833,0.1404005564589506,1,1,2
frozenset({'19536001'}),frozenset({'19351043'}),0.027989474043949285,0.051501999248145997,0.005092102115443765,0.18192918192918192,3.5324683426873205,1.0,0.0036505882442762873,1.1594326307698035,0.7375556236192907,0.06844281120808453,0.13750918038588283,0.1404005564589506,1,1,2
"frozenset({'15704307', '17131869'})",frozenset({'19536001'}),0.0422747001127781,0.027989474043949285,0.007108437852431564,0.16814874696847212,6.007570799810089,1.0,0.005925191230909222,1.1684907877625217,0.8703365864972882,0.11255411255411256,0.14419522132917736,0.21105850046836305,2,1,3
"frozenset({'19536001', '17131869'})",frozenset({'15704307'}),0.008919722497522299,0.09107685998427942,0.007108437852431564,0.7969348659003832,8.750135501355015,1.0,0.006296057535426098,4.476017727247229,0.8936875,0.07652685798381163,0.7765871225414015,0.437491823194094,2,1,3
"frozenset({'15704307', '19536001'})",frozenset({'17131869'}),0.011756262602098356,0.05488534226444756,0.007108437852431564,0.6046511627906977,11.0166237076081,1.0,0.006463191355764671,2.3905841342722804,0.9200443710247632,0.11940298507462688,0.5816921957844371,0.36708274204292046,2,1,3
frozenset({'17131869'}),"frozenset({'15704307', '19536001'})",0.05488534226444756,0.011756262602098356,0.007108437852431564,0.1295143212951432,11.016623707608098,1.0,0.006463191355764671,1.1352785710021673,0.9620294007204151,0.11940298507462688,0.11915892227468912,0.36708274204292046,1,2,3
frozenset({'15704307'}),"frozenset({'19536001', '17131869'})",0.09107685998427942,0.008919722497522299,0.007108437852431564,0.07804878048780488,8.750135501355015,1.0,0.006296057535426098,1.0749812533757033,0.9744674951120468,0.07652685798381163,0.06975121951219511,0.437491823194094,1,2,3
frozenset({'19536001'}),"frozenset({'15704307', '17131869'})",0.027989474043949285,0.0422747001127781,0.007108437852431564,0.25396825396825395,6.007570799810089,1.0,0.005925191230909222,1.2837594445296803,0.8575456191547711,0.11255411255411256,0.22103786323740648,0.21105850046836305,1,2,3
"frozenset({'19358975', '17131869'})",frozenset({'19536001'}),0.030620963056628276,0.027989474043949285,0.005775605755100646,0.18861607142857142,6.7388215702947845,1.0,0.004918541104426418,1.1979662053048439,0.8785068272112164,0.10931435963777489,0.16525191147146573,0.1974826388888889,2,1,3
"frozenset({'19358975', '19536001'})",frozenset({'17131869'}),0.0072793137623457845,0.05488534226444756,0.005775605755100646,0.7934272300469484,14.456086038856636,1.0,0.005376078127803994,4.57521413858347,0.9376504345388739,0.10242424242424242,0.7814309954223018,0.4493288080496261,2,1,3
"frozenset({'19536001', '17131869'})",frozenset({'19358975'}),0.008919722497522299,0.04302655411640067,0.005775605755100646,0.6475095785440613,15.049068925955345,1.0,0.005391820832357726,2.714892058430646,0.9419526627218934,0.12509252405625462,0.6316612305470245,0.3908715486048345,2,1,3
frozenset({'19358975'}),"frozenset({'19536001', '17131869'})",0.04302655411640067,0.008919722497522299,0.005775605755100646,0.13423351866560762,15.049068925955343,1.0,0.005391820832357726,1.1447431829134123,0.9755241489513218,0.12509252405625462,0.1264416203335981,0.3908715486048345,1,2,3
frozenset({'17131869'}),"frozenset({'19358975', '19536001'})",0.05488534226444756,0.0072793137623457845,0.005775605755100646,0.10523038605230385,14.456086038856634,1.0,0.005376078127803994,1.109470718230809,0.9848804853547354,0.10242424242424242,0.09866931720863616,0.4493288080496261,1,2,3
frozenset({'19536001'}),"frozenset({'19358975', '17131869'})",0.027989474043949285,0.030620963056628276,0.005775605755100646,0.20634920634920634,6.7388215702947845,1.0,0.004918541104426418,1.2214175865486483,0.8761284773871791,0.10931435963777489,0.18127918656739386,0.1974826388888889,1,2,3
"frozenset({'19358975', '15704307'})",frozenset({'19536001'}),0.030791838966542497,0.027989474043949285,0.005570554663203582,0.18091009988901222,6.463504802017566,1.0,0.004708707285684074,1.1866957776238505,0.8721399707528965,0.10468850353243417,0.1573240430649176,0.1899666494561056,2,1,3
"frozenset({'19358975', '19536001'})",frozenset({'15704307'}),0.0072793137623457845,0.09107685998427942,0.005570554663203582,0.7652582159624414,8.402334205357223,1.0,0.004907577622888777,3.872012576466971,0.8874454467578944,0.06003683241252302,0.741736376044405,0.4132107214896635,2,1,3
"frozenset({'15704307', '19536001'})",frozenset({'19358975'}),0.011756262602098356,0.04302655411640067,0.005570554663203582,0.4738372093023256,11.012669246541183,1.0,0.00506472319414778,1.818778261789824,0.9200113886348299,0.11319444444444446,0.4501803650237608,0.3016525204573582,2,1,3
frozenset({'19358975'}),"frozenset({'15704307', '19536001'})",0.04302655411640067,0.011756262602098356,0.005570554663203582,0.12946783161239078,11.012669246541183,1.0,0.00506472319414778,1.135217942868575,0.9500738991912497,0.11319444444444446,0.11911187954525597,0.3016525204573582,1,2,3
frozenset({'15704307'}),"frozenset({'19358975', '19536001'})",0.09107685998427942,0.0072793137623457845,0.005570554663203582,0.061163227016885556,8.402334205357223,1.0,0.004907577622888777,1.057394336060491,0.9692628717635478,0.06003683241252302,0.05427902732515451,0.4132107214896635,1,2,3
frozenset({'19536001'}),"frozenset({'19358975', '15704307'})",0.027989474043949285,0.030791838966542497,0.005570554663203582,0.199023199023199,6.463504802017565,1.0,0.004708707285684074,1.2100327498268317,0.8696255386594525,0.10468850353243417,0.17357608697524068,0.1899666494561056,1,2,3
"frozenset({'23093367', '17131869'})",frozenset({'19536001'}),0.024298554389802125,0.027989474043949285,0.0051604524794094525,0.21237693389592124,7.587742933734495,1.0,0.004480348722010596,1.2341062213477716,0.8898300877976362,0.10949963741841913,0.18969697850814118,0.1983740591335528,2,1,3
"frozenset({'19536001', '17131869'})",frozenset({'23093367'}),0.008919722497522299,0.03899388264242507,0.0051604524794094525,0.578544061302682,14.836790339857824,1.0,0.0048126378671380695,2.280205423912064,0.9409933774834438,0.12070343725019983,0.5614430219693377,0.35544205694406666,2,1,3
"frozenset({'23093367', '19536001'})",frozenset({'17131869'}),0.007108437852431564,0.05488534226444756,0.0051604524794094525,0.7259615384615384,13.226874580898553,1.0,0.0047703034349131914,3.448839452789384,0.9310144077859076,0.09079975947083584,0.7100473902340653,0.4099919772008813,2,1,3
frozenset({'17131869'}),"frozenset({'23093367', '19536001'})",0.05488534226444756,0.007108437852431564,0.0051604524794094525,0.09402241594022416,13.226874580898555,1.0,0.0047703034349131914,1.095933916707213,0.978078524295931,0.09079975947083584,0.08753622389518807,0.4099919772008813,1,2,3
frozenset({'23093367'}),"frozenset({'19536001', '17131869'})",0.03899388264242507,0.008919722497522299,0.0051604524794094525,0.13234005258545134,14.836790339857822,1.0,0.0048126378671380695,1.1422450471013406,0.9704412498940209,0.12070343725019983,0.1245311130587204,0.35544205694406666,1,2,3
frozenset({'19536001'}),"frozenset({'23093367', '17131869'})",0.027989474043949285,0.024298554389802125,0.0051604524794094525,0.18437118437118435,7.587742933734495,1.0,0.004480348722010596,1.196256712507114,0.8932089517833667,0.10949963741841913,0.16405902717636514,0.1983740591335528,1,2,3
"frozenset({'15704307', '23093367'})",frozenset({'19536001'}),0.025563036123167356,0.027989474043949285,0.0050579269334609205,0.1978609625668449,7.069120422061598,1.0,0.00434243099740699,1.2117731223585433,0.8810623129705654,0.10429880197322058,0.17476301334886607,0.1892845716375128,2,1,3
"frozenset({'15704307', '19536001'})",frozenset({'23093367'}),0.011756262602098356,0.03899388264242507,0.0050579269334609205,0.43023255813953487,11.033334692130525,1.0,0.004599504609241166,1.686663797811254,0.9201834888109397,0.11069558713537772,0.40711361606404445,0.27997166907853166,2,1,3
"frozenset({'23093367', '19536001'})",frozenset({'15704307'}),0.007108437852431564,0.09107685998427942,0.0050579269334609205,0.7115384615384616,7.812505412036369,1.0,0.004410512734468059,3.1509335520544983,0.8782430246306611,0.05431192660550459,0.6826337390237978,0.38353658536585367,2,1,3
frozenset({'15704307'}),"frozenset({'23093367', '19536001'})",0.09107685998427942,0.007108437852431564,0.0050579269334609205,0.055534709193245775,7.812505412036368,1.0,0.004410512734468059,1.0512737437915256,0.9593771467361482,0.05431192660550459,0.048772970973860345,0.38353658536585367,1,2,3
frozenset({'23093367'}),"frozenset({'15704307', '19536001'})",0.03899388264242507,0.011756262602098356,0.0050579269334609205,0.12971078001752848,11.033334692130525,1.0,0.004599504609241166,1.1355348483091698,0.9462640805812925,0.11069558713537772,0.11935771809291769,0.27997166907853166,1,2,3
frozenset({'19536001'}),"frozenset({'15704307', '23093367'})",0.027989474043949285,0.025563036123167356,0.0050579269334609205,0.1807081807081807,7.069120422061599,1.0,0.00434243099740699,1.1893649380255231,0.8832617161145393,0.10429880197322058,0.15921516766745258,0.1892845716375128,1,2,3
frozenset({'15704307'}),frozenset({'21823465'}),0.09107685998427942,0.013909299067017532,0.005912306483032022,0.06491557223264541,4.667062798770116,1.0,0.004645491199425799,1.0545472383573027,0.8644652548907785,0.0596757502587099,0.051725741980295184,0.24498849864703526,1,1,2
frozenset({'21823465'}),frozenset({'15704307'}),0.013909299067017532,0.09107685998427942,0.005912306483032022,0.4250614250614251,4.667062798770116,1.0,0.004645491199425799,1.5809047777196508,0.7968156206791137,0.0596757502587099,0.3674508331599624,0.24498849864703526,1,1,2
frozenset({'23228585'}),frozenset({'19536001'}),0.009705751683127713,0.027989474043949285,0.00741601449027716,0.7640845070422535,27.29899482364271,1.0,0.00714435560546524,4.1201640204704235,0.9728104714862844,0.24492099322799096,0.7572912158274165,0.5145208859997592,1,1,2
frozenset({'19536001'}),frozenset({'23228585'}),0.027989474043949285,0.009705751683127713,0.00741601449027716,0.2649572649572649,27.298994823642705,1.0,0.00714435560546524,1.3472607796869076,0.9911092409907202,0.24492099322799096,0.2577532018467933,0.5145208859997592,1,1,2
frozenset({'29800'}),frozenset({'15704307'}),0.021837941287037352,0.09107685998427942,0.005262978025357985,0.24100156494522695,2.646133880623747,1.0,0.0032740469044135697,1.197529662824836,0.635978635996105,0.04888888888888889,0.16494761587690954,0.14939384063396433,1,1,2
frozenset({'15704307'}),frozenset({'29800'}),0.09107685998427942,0.021837941287037352,0.005262978025357985,0.05778611632270169,2.646133880623747,1.0,0.0032740469044135697,1.0381528819076247,0.684425497047696,0.04888888888888889,0.03675073543842409,0.14939384063396433,1,1,2
frozenset({'29801'}),frozenset({'29800'}),0.009876627593041932,0.021837941287037352,0.007757766310105601,0.7854671280276817,35.96800255589671,1.0,0.0075420810966148185,4.559497338194295,0.9818953253361441,0.32382310984308127,0.7806775778498356,0.5703548472689269,1,1,2
frozenset({'29800'}),frozenset({'29801'}),0.021837941287037352,0.009876627593041932,0.007757766310105601,0.35524256651017216,35.96800255589671,1.0,0.0075420810966148185,1.5356525120583646,0.9939022907427422,0.32382310984308127,0.34881101541675236,0.5703548472689269,1,1,2
frozenset({'19351043'}),frozenset({'15704307'}),0.051501999248145997,0.09107685998427942,0.012508116605720926,0.24286662242866625,2.6666117219081436,1.0,0.00781747623128707,1.2004795547797467,0.6589284033690217,0.09616395165528115,0.16699955778632888,0.19010122866273838,1,1,2
frozenset({'15704307'}),frozenset({'19351043'}),0.09107685998427942,0.051501999248145997,0.012508116605720926,0.1373358348968105,2.6666117219081436,1.0,0.00781747623128707,1.0994985524156986,0.6876183977704853,0.09616395165528115,0.09049448241390691,0.19010122866273838,1,1,2
frozenset({'19351043'}),frozenset({'17131869'}),0.051501999248145997,0.05488534226444756,0.008475445131745326,0.1645653616456536,2.99834809907439,1.0,0.0056487402757075126,1.131284979513485,0.7026720356496129,0.08656195462478185,0.1160494321863486,0.15949314159493141,1,1,2
frozenset({'17131869'}),frozenset({'19351043'}),0.05488534226444756,0.051501999248145997,0.008475445131745326,0.15442092154420922,2.99834809907439,1.0,0.0056487402757075126,1.121714130491515,0.7051874770355941,0.08656195462478185,0.10850726328835865,0.15949314159493141,1,1,2
"frozenset({'19351043', '15704307'})",frozenset({'17131869'}),0.012508116605720926,0.05488534226444756,0.006766686032603123,0.540983606557377,9.856613518975971,1.0,0.0060801737716145105,2.058999790066739,0.9099267462652132,0.11161217587373168,0.5143272938519402,0.3321356388951269,2,1,3
"frozenset({'19351043', '17131869'})",frozenset({'15704307'}),0.008475445131745326,0.09107685998427942,0.006766686032603123,0.7983870967741935,8.76608061490044,1.0,0.0059947691030347115,4.508258774477973,0.8934967153352016,0.07292817679558011,0.7781848713607188,0.43634176602311925,2,1,3
"frozenset({'15704307', '17131869'})",frozenset({'19351043'}),0.0422747001127781,0.051501999248145997,0.006766686032603123,0.16006467259498788,3.107931244062336,1.0,0.004589454459179228,1.1292512289990793,0.7081806863957878,0.07776904948939513,0.11445746143986238,0.14572576695442824,2,1,3
frozenset({'19351043'}),"frozenset({'15704307', '17131869'})",0.051501999248145997,0.0422747001127781,0.006766686032603123,0.13138686131386862,3.1079312440623363,1.0,0.004589454459179228,1.102591311634869,0.7150701000056049,0.07776904948939513,0.09304563762864367,0.14572576695442824,1,2,3
frozenset({'15704307'}),"frozenset({'19351043', '17131869'})",0.09107685998427942,0.008475445131745326,0.006766686032603123,0.07429643527204502,8.76608061490044,1.0,0.0059947691030347115,1.071103744922537,0.9746962025124154,0.07292817679558011,0.06638362087668664,0.43634176602311925,1,2,3
frozenset({'17131869'}),"frozenset({'19351043', '15704307'})",0.05488534226444756,0.012508116605720926,0.006766686032603123,0.1232876712328767,9.856613518975971,1.0,0.0060801737716145105,1.1263579294965995,0.950726209847526,0.11161217587373168,0.11218274953954681,0.3321356388951269,1,2,3
frozenset({'19351043'}),frozenset({'17571564'}),0.051501999248145997,0.05027169269676361,0.006390759030791839,0.12408759124087591,2.4683392299791094,1.0,0.003801666351320093,1.0842731508378616,0.6271697985240071,0.06700107488355428,0.07772317406618459,0.12560599820371462,1,1,2
frozenset({'17571564'}),frozenset({'19351043'}),0.05027169269676361,0.051501999248145997,0.006390759030791839,0.12712440516655335,2.4683392299791094,1.0,0.003801666351320093,1.0866359494594837,0.6263573439451346,0.06700107488355428,0.07972858757579152,0.12560599820371462,1,1,2
frozenset({'15704307'}),frozenset({'17571564'}),0.09107685998427942,0.05027169269676361,0.007860291856054134,0.08630393996247655,1.716750229260385,1.0,0.0032817039391382728,1.0394357038862936,0.45933925990832236,0.058883768561187926,0.03793953174674438,0.12133008011040211,1,1,2
frozenset({'17571564'}),frozenset({'15704307'}),0.05027169269676361,0.09107685998427942,0.007860291856054134,0.15635622025832768,1.7167502292603851,1.0,0.0032817039391382728,1.0773778718478042,0.4396037048046686,0.058883768561187926,0.07182055049552287,0.12133008011040211,1,1,2
frozenset({'17131869'}),frozenset({'17571564'}),0.05488534226444756,0.05027169269676361,0.00563890502716927,0.10273972602739727,2.0436894108005923,1.0,0.0028797259672942704,1.0584758234066605,0.5403459290062074,0.056662087912087905,0.05524530850261502,0.10745415941070748,1,1,2
frozenset({'17571564'}),frozenset({'17131869'}),0.05027169269676361,0.05488534226444756,0.00563890502716927,0.11216859279401768,2.0436894108005923,1.0,0.0028797259672942704,1.064520414647012,0.5377210027587861,0.056662087912087905,0.060609842478602474,0.10745415941070748,1,1,2
frozenset({'25855506'}),frozenset({'17571564'}),0.033149926523358735,0.05027169269676361,0.005331328389323673,0.16082474226804125,3.199111341607855,1.0,0.0036648254702210895,1.1317401204964856,0.7109822005548562,0.06827133479212254,0.11640492204048776,0.1334375240911926,1,1,2
frozenset({'17571564'}),frozenset({'25855506'}),0.05027169269676361,0.033149926523358735,0.005331328389323673,0.10605030591434397,3.1991113416078547,1.0,0.0036648254702210895,1.0815486373263417,0.7237998357645713,0.06827133479212254,0.07539987986849594,0.1334375240911926,1,1,2
frozenset({'25855506'}),frozenset({'15704307'}),0.033149926523358735,0.09107685998427942,0.006561634940706059,0.19793814432989693,2.1733088334848456,1.0,0.003542443724248965,1.1332332208422222,0.5583824508383113,0.05576532094103979,0.11756910968706248,0.13499158623624302,1,1,2
frozenset({'15704307'}),frozenset({'25855506'}),0.09107685998427942,0.033149926523358735,0.006561634940706059,0.07204502814258912,2.1733088334848456,1.0,0.003542443724248965,1.041914858801152,0.5939689395648469,0.05576532094103979,0.04022867938497403,0.13499158623624302,1,1,2
frozenset({'28204534'}),frozenset({'15704307'}),0.03178291924404497,0.09107685998427942,0.010833532688561567,0.34086021505376346,3.7425556295265188,1.0,0.007938844202680023,1.378953540317488,0.7568580615341823,0.09670530811470408,0.2748124061019767,0.22990477919667535,1,1,2
frozenset({'15704307'}),frozenset({'28204534'}),0.09107685998427942,0.03178291924404497,0.010833532688561567,0.11894934333958725,3.742555629526519,1.0,0.007938844202680023,1.0989346338222403,0.8062319800468085,0.09670530811470408,0.09002776942076392,0.22990477919667535,1,1,2
frozenset({'28204534'}),frozenset({'22554204'}),0.03178291924404497,0.039028057824407915,0.008236218857865418,0.2591397849462366,6.639832966122442,1.0,0.006995793247780343,1.2971029117899864,0.8772762003880915,0.13162206444565813,0.22905114859389838,0.23508652995122686,1,1,2
frozenset({'22554204'}),frozenset({'28204534'}),0.039028057824407915,0.03178291924404497,0.008236218857865418,0.21103327495621715,6.639832966122442,1.0,0.006995793247780343,1.2271963443099896,0.8838903244494832,0.13162206444565813,0.1851344696090456,0.23508652995122686,1,1,2
frozenset({'28204534'}),frozenset({'20898019'}),0.03178291924404497,0.04692252486244489,0.00741601449027716,0.23333333333333334,4.972736100995387,1.0,0.005924679671847382,1.2431445327881154,0.8251284559568771,0.10402684563758391,0.19558830560336585,0.1956907016266084,1,1,2
frozenset({'20898019'}),frozenset({'28204534'}),0.04692252486244489,0.03178291924404497,0.00741601449027716,0.15804806991988346,4.972736100995387,1.0,0.005924679671847382,1.1499671729047805,0.8382355954429965,0.10402684563758391,0.130409959899958,0.1956907016266084,1,1,2
frozenset({'28204534'}),frozenset({'23093367'}),0.03178291924404497,0.03899388264242507,0.007210963398380096,0.22688172043010754,5.818392656884642,1.0,0.005971623975344133,1.2430259932441512,0.8553156566057879,0.11344086021505377,0.19551159393689108,0.2059036121870082,1,1,2
frozenset({'23093367'}),frozenset({'28204534'}),0.03899388264242507,0.03178291924404497,0.007210963398380096,0.18492550394390883,5.818392656884642,1.0,0.005971623975344133,1.1878878377876825,0.8617335656934061,0.11344086021505377,0.15816967882894062,0.2059036121870082,1,1,2
frozenset({'20299683'}),frozenset({'28204534'}),0.034482758620689655,0.03178291924404497,0.007142613034414408,0.20713577799801783,6.517204301075269,1.0,0.006046650301861133,1.2211637931034482,0.8767942583732057,0.12080924855491329,0.18110903250855953,0.2159334803968584,1,1,2
frozenset({'28204534'}),frozenset({'20299683'}),0.03178291924404497,0.034482758620689655,0.007142613034414408,0.22473118279569892,6.517204301075269,1.0,0.006046650301861133,1.2453967191161701,0.874349348330797,0.12080924855491329,0.19704301075268815,0.2159334803968584,1,1,2
frozenset({'28204534'}),frozenset({'19358975'}),0.03178291924404497,0.04302655411640067,0.007108437852431564,0.22365591397849463,5.198090308915593,1.0,0.005740928357600471,1.2326666269691793,0.8341328335636691,0.10499747602221102,0.18875064991517504,0.19443319924500585,1,1,2
frozenset({'19358975'}),frozenset({'28204534'}),0.04302655411640067,0.03178291924404497,0.007108437852431564,0.16521048451151707,5.198090308915593,1.0,0.005740928357600471,1.15983378179995,0.843933194332273,0.10499747602221102,0.1378074895800184,0.19443319924500585,1,1,2
frozenset({'25451555'}),frozenset({'28204534'}),0.032466422883701856,0.03178291924404497,0.007040087488465876,0.2168421052631579,6.822598754951897,1.0,0.0060082097918101665,1.2362986918254804,0.8820658065255091,0.12305854241338113,0.19113398193163894,0.21917374080362195,1,1,2
frozenset({'28204534'}),frozenset({'25451555'}),0.03178291924404497,0.032466422883701856,0.007040087488465876,0.22150537634408604,6.822598754951897,1.0,0.0060082097918101665,1.242826279997455,0.8814431205585292,0.12305854241338113,0.19538231843468268,0.21917374080362195,1,1,2
frozenset({'28204534'}),frozenset({'23093359'}),0.03178291924404497,0.03236389733775332,0.006800861214585968,0.21397849462365595,6.611641743593239,1.0,0.005772242079077592,1.2310555068069622,0.8766129542917723,0.11859356376638855,0.18768894296753538,0.2120578851154183,1,1,2
frozenset({'23093359'}),frozenset({'28204534'}),0.03236389733775332,0.03178291924404497,0.006800861214585968,0.2101372756071806,6.611641743593239,1.0,0.005772242079077592,1.2258042452886224,0.8771392812050647,0.11859356376638855,0.18420905797683496,0.2120578851154183,1,1,2
frozenset({'28204534'}),frozenset({'17131869'}),0.03178291924404497,0.05488534226444756,0.008372919585796794,0.2634408602150538,4.799839981788724,1.0,0.006628503184924089,1.2831483674365896,0.8176469274660554,0.10694020078568311,0.2206668960677161,0.20799689337029154,1,1,2
frozenset({'17131869'}),frozenset({'28204534'}),0.05488534226444756,0.03178291924404497,0.008372919585796794,0.15255292652552926,4.799839981788723,1.0,0.006628503184924089,1.1425103833167256,0.8376335238488815,0.10694020078568311,0.12473443164955392,0.20799689337029154,1,1,2
frozenset({'19351043'}),frozenset({'28204534'}),0.051501999248145997,0.03178291924404497,0.005741430573117802,0.11147976111479761,3.507536870946337,1.0,0.004104546690107113,1.0896961469000928,0.7537176108463131,0.07404142794182458,0.08231298895132869,0.1460624612025601,1,1,2
frozenset({'28204534'}),frozenset({'19351043'}),0.03178291924404497,0.051501999248145997,0.005741430573117802,0.1806451612903226,3.507536870946337,1.0,0.004104546690107113,1.1576156702089557,0.738367109224121,0.07404142794182458,0.13615543937868882,0.1460624612025601,1,1,2
frozenset({'28204534'}),frozenset({'18659623'}),0.03178291924404497,0.044154335121834525,0.005297153207340829,0.16666666666666669,3.7746388028895774,1.0,0.003893799539889064,1.1470147978537986,0.7592036991281634,0.07498790517658441,0.12817166624953819,0.14331785345717235,1,1,2
frozenset({'18659623'}),frozenset({'28204534'}),0.044154335121834525,0.03178291924404497,0.005297153207340829,0.11996904024767802,3.774638802889577,1.0,0.003893799539889064,1.1002079756699155,0.7690299974972291,0.07498790517658441,0.09108093913689268,0.14331785345717235,1,1,2
"frozenset({'28204534', '15704307'})",frozenset({'23093367'}),0.010833532688561567,0.03899388264242507,0.005262978025357985,0.4858044164037855,12.458477676065879,1.0,0.00484053652309734,1.868950547253689,0.9298064601236243,0.11809815950920247,0.46494036374079545,0.31038687077857985,2,1,3
"frozenset({'28204534', '23093367'})",frozenset({'15704307'}),0.007210963398380096,0.09107685998427942,0.005262978025357985,0.7298578199052134,8.013647155064334,1.0,0.004606226121571958,3.364610220058195,0.8815698415182065,0.05657604702424688,0.7027887527540401,0.39382196811395753,2,1,3
"frozenset({'15704307', '23093367'})",frozenset({'28204534'}),0.025563036123167356,0.03178291924404497,0.005262978025357985,0.2058823529411765,6.47776723592663,1.0,0.004450510112622753,1.2192363239149064,0.8678096707767384,0.10104986876640422,0.1798144622290694,0.18573687539531944,2,1,3
frozenset({'28204534'}),"frozenset({'15704307', '23093367'})",0.03178291924404497,0.025563036123167356,0.005262978025357985,0.1655913978494624,6.477767235926629,1.0,0.004450510112622753,1.1678174953678537,0.8733845308269084,0.10104986876640422,0.1437018164512019,0.18573687539531944,1,2,3
frozenset({'15704307'}),"frozenset({'28204534', '23093367'})",0.09107685998427942,0.007210963398380096,0.005262978025357985,0.05778611632270169,8.013647155064334,1.0,0.004606226121571958,1.0536769345055026,0.9629118625396262,0.05657604702424688,0.050942497408556775,0.39382196811395753,1,2,3
frozenset({'23093367'}),"frozenset({'28204534', '15704307'})",0.03899388264242507,0.010833532688561567,0.005262978025357985,0.13496932515337423,12.458477676065877,1.0,0.00484053652309734,1.1435044976720883,0.957052566920988,0.11809815950920247,0.12549535044613336,0.31038687077857985,1,2,3
"frozenset({'19358975', '28204534'})",frozenset({'15704307'}),0.007108437852431564,0.09107685998427942,0.005673080209152114,0.798076923076923,8.762674989175926,1.0,0.005025666010159252,4.501333645792139,0.8922219010624122,0.06132249722940524,0.7778436173166583,0.4301829268292683,2,1,3
"frozenset({'28204534', '15704307'})",frozenset({'19358975'}),0.010833532688561567,0.04302655411640067,0.005673080209152114,0.5236593059936908,12.170607587515002,1.0,0.0052069506286559234,2.009010479106629,0.9278871289469652,0.11773049645390071,0.5022425167017137,0.327754990566345,2,1,3
"frozenset({'19358975', '15704307'})",frozenset({'28204534'}),0.030791838966542497,0.03178291924404497,0.005673080209152114,0.18423973362930077,5.79681596314728,1.0,0.004694425677902857,1.1868892377702251,0.8537809913844376,0.0996996996996997,0.15746139725837316,0.18136717864260737,2,1,3
frozenset({'28204534'}),"frozenset({'19358975', '15704307'})",0.03178291924404497,0.030791838966542497,0.005673080209152114,0.17849462365591398,5.79681596314728,1.0,0.004694425677902857,1.179795274556434,0.8546549333120135,0.0996996996996997,0.1523953167417383,0.18136717864260737,1,2,3
frozenset({'19358975'}),"frozenset({'28204534', '15704307'})",0.04302655411640067,0.010833532688561567,0.005673080209152114,0.1318506751389992,12.170607587515002,1.0,0.0052069506286559234,1.1393966901602022,0.9591016734605013,0.11773049645390071,0.12234254440444499,0.327754990566345,1,2,3
frozenset({'15704307'}),"frozenset({'19358975', '28204534'})",0.09107685998427942,0.007108437852431564,0.005673080209152114,0.06228893058161351,8.762674989175927,1.0,0.005025666010159252,1.0588459436267588,0.9746474241076201,0.06132249722940524,0.055575548058671834,0.4301829268292683,1,2,3
"frozenset({'19358975', '28204534'})",frozenset({'23093367'}),0.007108437852431564,0.03899388264242507,0.005126277297426609,0.7211538461538461,18.49402514663251,1.0,0.004849091706037921,3.4463667656961308,0.9527006964283666,0.12510425354462051,0.7098393560564613,0.42630873727499496,2,1,3
"frozenset({'28204534', '23093367'})",frozenset({'19358975'}),0.007210963398380096,0.04302655411640067,0.005126277297426609,0.7109004739336493,16.522365979168,1.0,0.004816014390534823,3.310186837400647,0.9462997131382673,0.11363636363636365,0.6979022486883977,0.41502132513203516,2,1,3
"frozenset({'19358975', '23093367'})",frozenset({'28204534'}),0.024298554389802125,0.03178291924404497,0.005126277297426609,0.2109704641350211,6.637856721564358,1.0,0.004353998305508493,1.2270986531505954,0.8705008756567425,0.10060362173038231,0.18506959694521383,0.18613039335783316,2,1,3
frozenset({'28204534'}),"frozenset({'19358975', '23093367'})",0.03178291924404497,0.024298554389802125,0.005126277297426609,0.16129032258064518,6.637856721564359,1.0,0.004353998305508493,1.1633363389967746,0.8772298895203133,0.10060362173038231,0.1404033670414101,0.18613039335783316,1,2,3
frozenset({'19358975'}),"frozenset({'28204534', '23093367'})",0.04302655411640067,0.007210963398380096,0.005126277297426609,0.11914217633042097,16.522365979168,1.0,0.004816014390534823,1.1270706916875017,0.9817158298216794,0.11363636363636365,0.11274420728414623,0.41502132513203516,1,2,3
frozenset({'23093367'}),"frozenset({'19358975', '28204534'})",0.03899388264242507,0.007108437852431564,0.005126277297426609,0.13146362839614373,18.49402514663251,1.0,0.004849091706037921,1.1431778732698037,0.9843105737316264,0.12510425354462051,0.1252454903280061,0.42630873727499496,1,2,3
"frozenset({'19358975', '28204534'})",frozenset({'17131869'}),0.007108437852431564,0.05488534226444756,0.005673080209152114,0.798076923076923,14.540802519398408,1.0,0.005282931164655853,4.680567828785592,0.9378949730011499,0.10072815533980582,0.7863507085935217,0.45071965705527345,2,1,3
"frozenset({'28204534', '17131869'})",frozenset({'19358975'}),0.008372919585796794,0.04302655411640067,0.005673080209152114,0.6775510204081633,15.747275939764311,1.0,0.005312822331481557,2.9678290410314156,0.9444043751515574,0.12406576980568014,0.6630533679081232,0.40470084777358123,2,1,3
"frozenset({'19358975', '17131869'})",frozenset({'28204534'}),0.030620963056628276,0.03178291924404497,0.005673080209152114,0.18526785714285715,5.829164266513057,1.0,0.004699856613148413,1.188386992270323,0.8546180491399762,0.10000000000000002,0.15852327019367982,0.18188124039938558,2,1,3
frozenset({'28204534'}),"frozenset({'19358975', '17131869'})",0.03178291924404497,0.030620963056628276,0.005673080209152114,0.17849462365591398,5.829164266513057,1.0,0.004699856613148413,1.180003277954628,0.8556436752622719,0.10000000000000002,0.15254472705079142,0.18188124039938558,1,2,3
frozenset({'19358975'}),"frozenset({'28204534', '17131869'})",0.04302655411640067,0.008372919585796794,0.005673080209152114,0.1318506751389992,15.74727593976431,1.0,0.005312822331481557,1.1422310102849789,0.9786028622740371,0.12406576980568014,0.12452035446795753,0.40470084777358123,1,2,3
frozenset({'17131869'}),"frozenset({'19358975', '28204534'})",0.05488534226444756,0.007108437852431564,0.005673080209152114,0.10336239103362391,14.54080251939841,1.0,0.005282931164655853,1.1073498950062464,0.9853069119726057,0.10072815533980582,0.096943066947815,0.45071965705527345,1,2,3
"frozenset({'19358975', '28204534', '15704307'})",frozenset({'17131869'}),0.005673080209152114,0.05488534226444756,0.0050579269334609205,0.891566265060241,16.244159702321117,1.0,0.004746557984487943,8.71605739911676,0.9437936303720802,0.09113300492610837,0.8852692273342148,0.4918603429908926,3,1,4
"frozenset({'19358975', '28204534', '17131869'})",frozenset({'15704307'}),0.005673080209152114,0.09107685998427942,0.0050579269334609205,0.891566265060241,9.789163407852799,1.0,0.004541240601572387,8.382291180144978,0.9029688392637352,0.05516213194185613,0.8807008753920782,0.47355048712674336,3,1,4
"frozenset({'28204534', '15704307', '17131869'})",frozenset({'19358975'}),0.007108437852431564,0.04302655411640067,0.0050579269334609205,0.7115384615384616,16.53719374350828,1.0,0.004752075347520202,3.3175079457298113,0.9462566548925959,0.11220621683093251,0.6985689209012543,0.41454603775890514,3,1,4
"frozenset({'19358975', '15704307', '17131869'})",frozenset({'28204534'}),0.025665561669115888,0.03178291924404497,0.0050579269334609205,0.1970705725699068,6.200518305341982,1.0,0.004242200459578354,1.2058557672433203,0.8608164987154816,0.09654272667971299,0.17071342430440303,0.1781051787580717,3,1,4
"frozenset({'19358975', '28204534'})","frozenset({'15704307', '17131869'})",0.007108437852431564,0.0422747001127781,0.0050579269334609205,0.7115384615384616,16.831307132641008,1.0,0.004757419854979056,3.3201143729423697,0.9473208795481882,0.11410948342328449,0.6988055567755111,0.41559138113301414,2,2,4
"frozenset({'28204534', '15704307'})","frozenset({'19358975', '17131869'})",0.010833532688561567,0.030620963056628276,0.0050579269334609205,0.4668769716088328,15.246972172149617,1.0,0.004726193729231702,1.818302690597922,0.9446470724455799,0.13896713615023473,0.4500365614752708,0.3160277715187021,2,2,4
"frozenset({'28204534', '17131869'})","frozenset({'19358975', '15704307'})",0.008372919585796794,0.030791838966542497,0.0050579269334609205,0.6040816326530613,19.618238238691703,1.0,0.0048001093418952555,2.4479999943628568,0.9570402443386313,0.14829659318637275,0.5915032670331885,0.3841717819203153,2,2,4
"frozenset({'19358975', '15704307'})","frozenset({'28204534', '17131869'})",0.030791838966542497,0.008372919585796794,0.0050579269334609205,0.16426193118756935,19.618238238691703,1.0,0.0048001093418952555,1.1865285517306734,0.979177705561697,0.14829659318637275,0.1572052787592868,0.3841717819203153,2,2,4
"frozenset({'19358975', '17131869'})","frozenset({'28204534', '15704307'})",0.030620963056628276,0.010833532688561567,0.0050579269334609205,0.16517857142857142,15.246972172149617,1.0,0.004726193729231702,1.184883896672525,0.9639296620787896,0.13896713615023473,0.15603545393074308,0.3160277715187021,2,2,4
"frozenset({'15704307', '17131869'})","frozenset({'19358975', '28204534'})",0.0422747001127781,0.007108437852431564,0.0050579269334609205,0.1196443007275667,16.831307132641005,1.0,0.004757419854979056,1.1278299929995796,0.9821051068196374,0.11410948342328449,0.11334154419816642,0.41559138113301414,2,2,4
frozenset({'28204534'}),"frozenset({'19358975', '15704307', '17131869'})",0.03178291924404497,0.025665561669115888,0.0050579269334609205,0.15913978494623657,6.200518305341982,1.0,0.004242200459578354,1.1587353294727905,0.8662552814365316,0.09654272667971299,0.13699015248375407,0.1781051787580717,1,3,4
frozenset({'19358975'}),"frozenset({'28204534', '15704307', '17131869'})",0.04302655411640067,0.007108437852431564,0.0050579269334609205,0.11755361397934869,16.53719374350828,1.0,0.004752075347520202,1.1251579448638962,0.9817725374828438,0.11220621683093251,0.11123588953463401,0.41454603775890514,1,3,4
frozenset({'15704307'}),"frozenset({'19358975', '28204534', '17131869'})",0.09107685998427942,0.005673080209152114,0.0050579269334609205,0.055534709193245775,9.789163407852799,1.0,0.004541240601572387,1.052793500692336,0.9878131440208444,0.05516213194185613,0.050146111899074225,0.47355048712674336,1,3,4
frozenset({'17131869'}),"frozenset({'19358975', '28204534', '15704307'})",0.05488534226444756,0.005673080209152114,0.0050579269334609205,0.0921544209215442,16.244159702321113,1.0,0.004746557984487943,1.0952599678903303,0.992937106334322,0.09113300492610837,0.08697475547638099,0.4918603429908926,1,3,4
"frozenset({'28204534', '15704307'})",frozenset({'17131869'}),0.010833532688561567,0.05488534226444756,0.007108437852431564,0.6561514195583595,11.954948124344433,1.0,0.006513835702886782,2.748636206441927,0.9263886895649955,0.12128279883381923,0.6361832105477186,0.39283287042675136,2,1,3
"frozenset({'28204534', '17131869'})",frozenset({'15704307'}),0.008372919585796794,0.09107685998427942,0.007108437852431564,0.8489795918367347,9.321572921851667,1.0,0.006345858627656319,6.018545116320311,0.900259770471464,0.076980014803849,0.8338468881310984,0.46351418616226975,2,1,3
"frozenset({'15704307', '17131869'})",frozenset({'28204534'}),0.0422747001127781,0.03178291924404497,0.007108437852431564,0.16814874696847212,5.290538155961788,1.0,0.005764824472680919,1.1639305431439422,0.8467807126858298,0.10617662072485964,0.14084220412426188,0.19590233047348338,2,1,3
frozenset({'28204534'}),"frozenset({'15704307', '17131869'})",0.03178291924404497,0.0422747001127781,0.007108437852431564,0.22365591397849463,5.290538155961788,1.0,0.005764824472680919,1.2336350815721833,0.837604838950538,0.10617662072485964,0.18938751423511033,0.19590233047348338,1,2,3
frozenset({'15704307'}),"frozenset({'28204534', '17131869'})",0.09107685998427942,0.008372919585796794,0.007108437852431564,0.07804878048780488,9.321572921851667,1.0,0.006345858627656319,1.0755743464810141,0.9821754211159572,0.076980014803849,0.0702641772075289,0.46351418616226975,1,2,3
frozenset({'17131869'}),"frozenset({'28204534', '15704307'})",0.05488534226444756,0.010833532688561567,0.007108437852431564,0.1295143212951432,11.954948124344433,1.0,0.006513835702886782,1.1363385883420387,0.9695676814597444,0.12128279883381923,0.11998060238450751,0.39283287042675136,1,2,3
frozenset({'15704307'}),frozenset({'138398'}),0.09107685998427942,0.02600731348894433,0.005878131301049178,0.06454033771106941,2.4816226304383733,1.0,0.0035094668518493334,1.0411915401331582,0.656862852256153,0.0528580208973571,0.039561923570652704,0.14527936727866217,1,1,2
frozenset({'138398'}),frozenset({'15704307'}),0.02600731348894433,0.09107685998427942,0.005878131301049178,0.2260183968462549,2.4816226304383733,1.0,0.0035094668518493334,1.174347214859021,0.6129798041615667,0.0528580208973571,0.14846308881479414,0.14527936727866217,1,1,2
frozenset({'138397'}),frozenset({'138398'}),0.00926147431735074,0.02600731348894433,0.006390759030791839,0.6900369003690037,26.532417531796867,1.0,0.006149892964850691,3.142285929101144,0.9713059823320968,0.22130177514792898,0.6817603418139444,0.4678831019584834,1,1,2
frozenset({'138398'}),frozenset({'138397'}),0.02600731348894433,0.00926147431735074,0.006390759030791839,0.24572930354796318,26.532417531796867,1.0,0.006149892964850691,1.3135052579172406,0.9880056290458766,0.22130177514792898,0.23867834257043635,0.4678831019584834,1,1,2
frozenset({'138396'}),frozenset({'138397'}),0.01120945969037285,0.00926147431735074,0.005262978025357985,0.4695121951219513,50.69518945189453,1.0,0.005159161902324219,1.8675990599075232,0.9913871770920815,0.34606741573033717,0.46455316803944174,0.5188889388893889,1,1,2
frozenset({'138397'}),frozenset({'138396'}),0.00926147431735074,0.01120945969037285,0.005262978025357985,0.5682656826568266,50.69518945189453,1.0,0.005159161902324219,2.290275524990675,0.9894379163437459,0.34606741573033717,0.563371310967456,0.5188889388893889,1,1,2
frozenset({'30065'}),frozenset({'138397'}),0.008646321041659548,0.00926147431735074,0.006185707938894775,0.7154150197628458,77.24634277963332,1.0,0.006105630258627876,3.4813450971904203,0.9956632272141349,0.5276967930029154,0.7127547048389318,0.6916558493648177,1,1,2
frozenset({'138397'}),frozenset({'30065'}),0.00926147431735074,0.008646321041659548,0.006185707938894775,0.6678966789667897,77.24634277963332,1.0,0.006105630258627876,2.985076077752337,0.9962814382555235,0.5276967930029154,0.6650001628256769,0.6916558493648177,1,1,2
frozenset({'30065'}),frozenset({'138398'}),0.008646321041659548,0.02600731348894433,0.005980656846997711,0.691699604743083,26.596349716671945,1.0,0.005755789265141215,3.1592326882986805,0.9707946576313924,0.20858164481525626,0.683467443311837,0.4608300914648398,1,1,2
frozenset({'138398'}),frozenset({'30065'}),0.02600731348894433,0.008646321041659548,0.005980656846997711,0.2299605781865966,26.596349716671945,1.0,0.005755789265141215,1.2874063987837834,0.9880986466165413,0.20858164481525626,0.22324450076937408,0.4608300914648398,1,1,2
frozenset({'30065'}),frozenset({'30069'}),0.008646321041659548,0.00909059840743652,0.005126277297426609,0.592885375494071,65.21962019673688,1.0,0.005047677065135114,2.433981345659403,0.9932551939694797,0.40650406504065034,0.589150507754165,0.5783975749650806,1,1,2
frozenset({'30069'}),frozenset({'30065'}),0.00909059840743652,0.008646321041659548,0.005126277297426609,0.5639097744360901,65.21962019673688,1.0,0.005047677065135114,2.273276539680332,0.9937005230786918,0.40650406504065034,0.5601063123888043,0.5783975749650806,1,1,2
frozenset({'13619'}),frozenset({'13615'}),0.0071767882163972525,0.018659649362632855,0.005843956119066334,0.8142857142857143,43.63885400313972,1.0,0.005710039767398486,5.284140349585823,0.9841476604664392,0.2923076923076923,0.8107544588443073,0.5637362637362637,1,1,2
frozenset({'13615'}),frozenset({'13619'}),0.018659649362632855,0.0071767882163972525,0.005843956119066334,0.3131868131868132,43.63885400313971,1.0,0.005710039767398486,1.4455505963569257,0.995663370510553,0.2923076923076923,0.3082220694867419,0.5637362637362637,1,1,2
frozenset({'19351043'}),frozenset({'23017947'}),0.051501999248145997,0.021940466832985887,0.005262978025357985,0.10218978102189782,4.657593742183415,1.0,0.004133000119021574,1.0893833824705768,0.8279372857451693,0.07719298245614034,0.08204951893782983,0.17103258521499876,1,1,2
frozenset({'23017947'}),frozenset({'19351043'}),0.021940466832985887,0.051501999248145997,0.005262978025357985,0.2398753894080997,4.657593742183414,1.0,0.004133000119021574,1.2478190911530538,0.8029131496059062,0.07719298245614034,0.1986017788236076,0.17103258521499876,1,1,2
frozenset({'23017947'}),frozenset({'20898019'}),0.021940466832985887,0.04692252486244489,0.015788934076073954,0.7196261682242989,15.33647582549979,1.0,0.014759431975609525,3.399309661323945,0.9557659224663662,0.29748873148744365,0.7058226229349975,0.5280578037042835,1,1,2
frozenset({'20898019'}),frozenset({'23017947'}),0.04692252486244489,0.021940466832985887,0.015788934076073954,0.336489439184268,15.33647582549979,1.0,0.014759431975609525,1.4740677706238312,0.9808184500525292,0.29748873148744365,0.3216051392421421,0.5280578037042835,1,1,2
frozenset({'23017947'}),frozenset({'15704307'}),0.021940466832985887,0.09107685998427942,0.008783021769590922,0.4003115264797507,4.395315413254779,1.0,0.006784752943853341,1.515658846467773,0.7898139286803426,0.0842622950819672,0.34022091954895417,0.24837339926238944,1,1,2
frozenset({'15704307'}),frozenset({'23017947'}),0.09107685998427942,0.021940466832985887,0.008783021769590922,0.09643527204502814,4.395315413254779,1.0,0.006784752943853341,1.082445455103859,0.8498903904685939,0.0842622950819672,0.07616592107724128,0.24837339926238944,1,1,2
frozenset({'23017947'}),frozenset({'22554204'}),0.021940466832985887,0.039028057824407915,0.006800861214585968,0.3099688473520249,7.94220529103993,1.0,0.005944567406333691,1.3926500832431832,0.8936985497036881,0.12555205047318613,0.2819445372299015,0.24211226956042575,1,1,2
frozenset({'22554204'}),frozenset({'23017947'}),0.039028057824407915,0.021940466832985887,0.006800861214585968,0.17425569176882663,7.942205291039931,1.0,0.005944567406333691,1.1844580984907,0.9095899140783759,0.12555205047318613,0.15573205901141327,0.24211226956042575,1,1,2
frozenset({'25451555'}),frozenset({'23017947'}),0.032466422883701856,0.021940466832985887,0.005194627661392297,0.16,7.292461059190031,1.0,0.004482299186926743,1.1643565871035884,0.8918264985341386,0.10555555555555556,0.1411565743037842,0.19838006230529595,1,1,2
frozenset({'23017947'}),frozenset({'25451555'}),0.021940466832985887,0.032466422883701856,0.005194627661392297,0.2367601246105919,7.292461059190031,1.0,0.004482299186926743,1.2676664418544152,0.8822285893986512,0.10555555555555556,0.2111489529239705,0.19838006230529595,1,1,2
frozenset({'23017947'}),frozenset({'23093367'}),0.021940466832985887,0.03899388264242507,0.005878131301049178,0.26791277258566976,6.8706359672473996,1.0,0.005022587312243707,1.312693462433113,0.8736207122118418,0.10676598386095593,0.2382075262670442,0.2093288665732906,1,1,2
frozenset({'23093367'}),frozenset({'23017947'}),0.03899388264242507,0.021940466832985887,0.005878131301049178,0.15074496056091147,6.870635967247399,1.0,0.005022587312243707,1.1516676236775676,0.8891234410665255,0.10676598386095593,0.13169391980756945,0.2093288665732906,1,1,2
frozenset({'19358975'}),frozenset({'23017947'}),0.04302655411640067,0.021940466832985887,0.00580978093708349,0.13502779984114377,6.154281076560292,1.0,0.004865758253554929,1.1307410029910658,0.8751668998432885,0.09820912767186597,0.11562418152806554,0.19991265381465287,1,1,2
frozenset({'23017947'}),frozenset({'19358975'}),0.021940466832985887,0.04302655411640067,0.00580978093708349,0.26479750778816197,6.1542810765602916,1.0,0.004865758253554929,1.3016460852908278,0.8562990855519678,0.09820912767186597,0.23174201397719477,0.19991265381465287,1,1,2
frozenset({'20299683'}),frozenset({'23017947'}),0.034482758620689655,0.021940466832985887,0.005228802843375141,0.15163528245787908,6.911214953271027,1.0,0.004472235021548041,1.152876248791492,0.8858543417366945,0.1021361815754339,0.1326042139837171,0.1949765197336124,1,1,2
frozenset({'23017947'}),frozenset({'20299683'}),0.021940466832985887,0.034482758620689655,0.005228802843375141,0.23831775700934577,6.911214953271028,1.0,0.004472235021548041,1.267611592976518,0.8744944569252977,0.1021361815754339,0.21111481975967952,0.1949765197336124,1,1,2
frozenset({'23017947'}),frozenset({'17131869'}),0.021940466832985887,0.05488534226444756,0.006835036396568812,0.3115264797507788,5.675950388535204,1.0,0.005630826364998622,1.372768349018608,0.8422984730423845,0.09765624999999999,0.2715449764595024,0.2180297404980544,1,1,2
frozenset({'17131869'}),frozenset({'23017947'}),0.05488534226444756,0.021940466832985887,0.006835036396568812,0.12453300124533001,5.675950388535204,1.0,0.005630826364998622,1.117186067045679,0.8716593744350027,0.09765624999999999,0.10489395679232681,0.2180297404980544,1,1,2
"frozenset({'23017947', '20898019'})",frozenset({'15704307'}),0.015788934076073954,0.09107685998427942,0.007245138580362941,0.45887445887445893,5.038321028564932,1.0,0.005807132042215335,1.6796899627490518,0.8143793645874758,0.07272727272727272,0.40465203568677777,0.26921208872428387,2,1,3
"frozenset({'23017947', '15704307'})",frozenset({'20898019'}),0.008783021769590922,0.04692252486244489,0.007245138580362941,0.8249027237354086,17.58010094626496,1.0,0.0068330170230119155,5.443131358007817,0.9514743249467217,0.14950634696755996,0.8162822217162146,0.4896545665290299,2,1,3
"frozenset({'15704307', '20898019'})",frozenset({'23017947'}),0.015959809985988175,0.021940466832985887,0.007245138580362941,0.45396145610278377,20.690601506267218,1.0,0.00689497289870461,1.7911913803490027,0.9671036680859876,0.23634336677814935,0.44171236475850156,0.39208976231930465,2,1,3
frozenset({'23017947'}),"frozenset({'15704307', '20898019'})",0.021940466832985887,0.015959809985988175,0.007245138580362941,0.3302180685358255,20.690601506267218,1.0,0.00689497289870461,1.4691948883465014,0.9730173318029255,0.23634336677814935,0.3193551053492669,0.39208976231930465,1,2,3
frozenset({'20898019'}),"frozenset({'23017947', '15704307'})",0.04692252486244489,0.008783021769590922,0.007245138580362941,0.15440640932265112,17.58010094626496,1.0,0.0068330170230119155,1.1722143937212333,0.9895496744389958,0.14950634696755996,0.14691373407771668,0.4896545665290299,1,2,3
frozenset({'15704307'}),"frozenset({'23017947', '20898019'})",0.09107685998427942,0.015788934076073954,0.007245138580362941,0.07954971857410882,5.038321028564932,1.0,0.005807132042215335,1.0692712966519622,0.881836040034393,0.07272727272727272,0.06478364926549526,0.26921208872428387,1,2,3
"frozenset({'23017947', '20898019'})",frozenset({'22554204'}),0.015788934076073954,0.039028057824407915,0.005502204299237893,0.3484848484848485,8.929085071379292,1.0,0.004885992867131115,1.4749801903160251,0.9022520407562462,0.11157311157311159,0.32202479289857927,0.24473279201825612,2,1,3
"frozenset({'23017947', '22554204'})",frozenset({'20898019'}),0.006800861214585968,0.04692252486244489,0.005502204299237893,0.8090452261306532,17.242150299933755,1.0,0.005183090719810446,4.991116251378248,0.9484528899662363,0.11410347271438696,0.7996440175634338,0.46315334868076724,2,1,3
"frozenset({'20898019', '22554204'})",frozenset({'23017947'}),0.01127781005433854,0.021940466832985887,0.005502204299237893,0.48787878787878786,22.236481638818084,1.0,0.005254763881791964,1.9098203902077788,0.9659223455422208,0.19852034525277434,0.4763905521549045,0.36932880203908236,2,1,3
frozenset({'23017947'}),"frozenset({'20898019', '22554204'})",0.021940466832985887,0.01127781005433854,0.005502204299237893,0.2507788161993769,22.236481638818084,1.0,0.005254763881791964,1.3196666235865169,0.9764526845411087,0.19852034525277434,0.24223286235560362,0.36932880203908236,1,2,3
frozenset({'20898019'}),"frozenset({'23017947', '22554204'})",0.04692252486244489,0.006800861214585968,0.005502204299237893,0.11726147123088128,17.242150299933755,1.0,0.005183090719810446,1.1251340078814962,0.9883798726405176,0.11410347271438696,0.11121698127062203,0.46315334868076724,1,2,3
frozenset({'22554204'}),"frozenset({'23017947', '20898019'})",0.039028057824407915,0.015788934076073954,0.005502204299237893,0.14098073555166374,8.929085071379292,1.0,0.004885992867131115,1.1457380604333574,0.9240711448394016,0.11157311157311159,0.12720015635880524,0.24473279201825612,1,2,3
"frozenset({'19358975', '23017947'})",frozenset({'20898019'}),0.00580978093708349,0.04692252486244489,0.005092102115443765,0.8764705882352941,18.67910115247847,1.0,0.004819492524978107,7.715389084446874,0.9519951164582142,0.10688665710186515,0.8703889085754783,0.49249603701640887,2,1,3
"frozenset({'19358975', '20898019'})",frozenset({'23017947'}),0.009739926865110557,0.021940466832985887,0.005092102115443765,0.5228070175438596,23.828436355686723,1.0,0.004878403573104099,2.0496100511220514,0.9674562887499584,0.19151670951156816,0.5121023145585407,0.3774471224790949,2,1,3
"frozenset({'23017947', '20898019'})",frozenset({'19358975'}),0.015788934076073954,0.04302655411640067,0.005092102115443765,0.3225108225108226,7.495622857417935,1.0,0.004412758688979286,1.4125294952019904,0.880490816818537,0.09478371501272266,0.2920501813259474,0.2204293588328537,2,1,3
frozenset({'19358975'}),"frozenset({'23017947', '20898019'})",0.04302655411640067,0.015788934076073954,0.005092102115443765,0.11834789515488484,7.495622857417934,1.0,0.004412758688979286,1.1163258846830837,0.9055515689435413,0.09478371501272266,0.10420423487367912,0.2204293588328537,1,2,3
frozenset({'23017947'}),"frozenset({'19358975', '20898019'})",0.021940466832985887,0.009739926865110557,0.005092102115443765,0.23208722741433022,23.828436355686723,1.0,0.004878403573104099,1.2895476003095314,0.9795245614039203,0.19151670951156816,0.2245342477005355,0.3774471224790949,1,2,3
frozenset({'20898019'}),"frozenset({'19358975', '23017947'})",0.04692252486244489,0.00580978093708349,0.005092102115443765,0.10852148579752367,18.67910115247847,1.0,0.004819492524978107,1.1152150088017845,0.9930611708579284,0.10688665710186515,0.10331192451003197,0.49249603701640887,1,2,3
"frozenset({'23017947', '20898019'})",frozenset({'17131869'}),0.015788934076073954,0.05488534226444756,0.005878131301049178,0.3722943722943723,6.783129282506618,1.0,0.00501155025029306,1.5056654202545698,0.8662526234357297,0.09071729957805907,0.33584182345708286,0.23969637668267804,2,1,3
"frozenset({'23017947', '17131869'})",frozenset({'20898019'}),0.006835036396568812,0.04692252486244489,0.005878131301049178,0.86,18.328084486525857,1.0,0.005557414135795462,6.807696250982536,0.9519455067648402,0.12276945039257672,0.8531074297188755,0.4926365622723962,2,1,3
"frozenset({'20898019', '17131869'})",frozenset({'23017947'}),0.011517036328218449,0.021940466832985887,0.005878131301049178,0.5103857566765578,23.262301598306475,1.0,0.005625442147475608,1.9976125010744468,0.9681623533044097,0.2131350681536555,0.49940241189813617,0.38914926463111377,2,1,3
frozenset({'23017947'}),"frozenset({'20898019', '17131869'})",0.021940466832985887,0.011517036328218449,0.005878131301049178,0.26791277258566976,23.262301598306475,1.0,0.005625442147475608,1.3502256652708167,0.9784803070329763,0.2131350681536555,0.25938306038685116,0.38914926463111377,1,2,3
frozenset({'20898019'}),"frozenset({'23017947', '17131869'})",0.04692252486244489,0.006835036396568812,0.005878131301049178,0.12527312454479242,18.328084486525857,1.0,0.005557414135795462,1.1354000791236563,0.9919853833940413,0.12276945039257672,0.11925318802880737,0.4926365622723962,1,2,3
frozenset({'17131869'}),"frozenset({'23017947', '20898019'})",0.05488534226444756,0.015788934076073954,0.005878131301049178,0.10709838107098381,6.783129282506618,1.0,0.00501155025029306,1.1022614866623606,0.9020867583556529,0.09071729957805907,0.09277425356845923,0.23969637668267804,1,2,3
"frozenset({'23017947', '15704307'})",frozenset({'17131869'}),0.008783021769590922,0.05488534226444756,0.005604729845186425,0.6381322957198444,11.6266432783676,1.0,0.005122670689246334,2.6117684627745916,0.9220893838024024,0.09652736904061211,0.6171176678741048,0.3701246783705075,2,1,3
"frozenset({'23017947', '17131869'})",frozenset({'15704307'}),0.006835036396568812,0.09107685998427942,0.005604729845186425,0.82,9.003384615384615,1.0,0.004982216192308674,5.049573000087335,0.8950483465813288,0.060718252499074414,0.8019634531508497,0.44076923076923075,2,1,3
"frozenset({'15704307', '17131869'})",frozenset({'23017947'}),0.0422747001127781,0.021940466832985887,0.005604729845186425,0.13257881972514146,6.042661750743558,1.0,0.004677203189487593,1.1275485950862967,0.8713459021187415,0.0956268221574344,0.11312026429914966,0.19401526656039003,2,1,3
frozenset({'23017947'}),"frozenset({'15704307', '17131869'})",0.021940466832985887,0.0422747001127781,0.005604729845186425,0.2554517133956386,6.042661750743559,1.0,0.004677203189487593,1.2863172437815826,0.8532302862076107,0.0956268221574344,0.2225868036565009,0.19401526656039003,1,2,3
frozenset({'15704307'}),"frozenset({'23017947', '17131869'})",0.09107685998427942,0.006835036396568812,0.005604729845186425,0.061538461538461535,9.003384615384615,1.0,0.004982216192308674,1.0582905349872627,0.9780042111595727,0.060718252499074414,0.05507989825115869,0.44076923076923075,1,2,3
frozenset({'17131869'}),"frozenset({'23017947', '15704307'})",0.05488534226444756,0.008783021769590922,0.005604729845186425,0.1021170610211706,11.6266432783676,1.0,0.005122670689246334,1.1039490062677093,0.96706854051003,0.09652736904061211,0.09416105787272352,0.3701246783705075,1,2,3
frozenset({'23017947'}),frozenset({'23546843'}),0.021940466832985887,0.014353576432794505,0.010423430504767437,0.47507788161993764,33.0982235573357,1.0,0.010108506337108981,1.877700308398059,0.9915417878412771,0.40290620871862604,0.4674336498069067,0.6006341789052069,1,1,2
frozenset({'23546843'}),frozenset({'23017947'}),0.014353576432794505,0.021940466832985887,0.010423430504767437,0.7261904761904762,33.0982235573357,1.0,0.010108506337108981,3.5720435124360512,0.9839095186099479,0.40290620871862604,0.7200482030752131,0.6006341789052069,1,1,2
frozenset({'20898019'}),frozenset({'23546843'}),0.04692252486244489,0.014353576432794505,0.009637401319162025,0.20538965768390388,14.309301841639789,1.0,0.008963895272129221,1.240414793361845,0.9759074291085312,0.18663136995367308,0.193818063641646,0.43840911455623766,1,1,2
frozenset({'23546843'}),frozenset({'20898019'}),0.014353576432794505,0.04692252486244489,0.009637401319162025,0.6714285714285715,14.309301841639789,1.0,0.008963895272129221,2.900670576505603,0.9436602885814891,0.18663136995367308,0.6552521309728712,0.43840911455623766,1,1,2
frozenset({'15704307'}),frozenset({'23546843'}),0.09107685998427942,0.014353576432794505,0.005604729845186425,0.061538461538461535,4.287326007326007,1.0,0.004297451174143147,1.0502789759322682,0.8435855015791847,0.0561451557685724,0.047872019800871086,0.22600732600732598,1,1,2
frozenset({'23546843'}),frozenset({'15704307'}),0.014353576432794505,0.09107685998427942,0.005604729845186425,0.3904761904761904,4.287326007326007,1.0,0.004297451174143147,1.4912020265882915,0.7779203217641552,0.0561451557685724,0.3294000529975864,0.22600732600732598,1,1,2
frozenset({'22554204'}),frozenset({'23546843'}),0.039028057824407915,0.014353576432794505,0.005023751751478077,0.1287215411558669,8.96790718038529,1.0,0.004463559540471914,1.1312645384057776,0.9245756555049204,0.10388692579505299,0.11603345985790442,0.23936077057793342,1,1,2
frozenset({'23546843'}),frozenset({'22554204'}),0.014353576432794505,0.039028057824407915,0.005023751751478077,0.35,8.96790718038529,1.0,0.004463559540471914,1.478418372577834,0.901430007875693,0.10388692579505299,0.32360147942672207,0.23936077057793342,1,1,2
"frozenset({'23017947', '20898019'})",frozenset({'23546843'}),0.015788934076073954,0.014353576432794505,0.008270394039848262,0.5238095238095238,36.493310657596375,1.0,0.008043766367794981,2.0698574894911315,0.988200347865614,0.37812500000000004,0.5168749514992711,0.55,2,1,3
"frozenset({'23017947', '23546843'})",frozenset({'20898019'}),0.010423430504767437,0.04692252486244489,0.008270394039848262,0.7934426229508197,16.909631893782908,1.0,0.007781300362836346,4.614105236777053,0.9507724173125598,0.16852367688022282,0.7832732569622753,0.4848494979284324,2,1,3
"frozenset({'20898019', '23546843'})",frozenset({'23017947'}),0.009637401319162025,0.021940466832985887,0.008270394039848262,0.8581560283687942,39.1129338724288,1.0,0.008058944955849013,6.8953197088274445,0.9839153972711501,0.3548387096774193,0.8549740922498791,0.6175515344336183,2,1,3
frozenset({'23017947'}),"frozenset({'20898019', '23546843'})",0.021940466832985887,0.009637401319162025,0.008270394039848262,0.37694704049844235,39.1129338724288,1.0,0.008058944955849013,1.5895319708827447,0.9962921240267185,0.3548387096774193,0.37088399710220926,0.6175515344336183,1,2,3
frozenset({'20898019'}),"frozenset({'23017947', '23546843'})",0.04692252486244489,0.010423430504767437,0.008270394039848262,0.17625637290604515,16.909631893782908,1.0,0.007781300362836346,1.201316206823125,0.9871832370805537,0.16852367688022282,0.1675796977346245,0.4848494979284324,1,2,3
frozenset({'23546843'}),"frozenset({'23017947', '20898019'})",0.014353576432794505,0.015788934076073954,0.008270394039848262,0.5761904761904761,36.493310657596375,1.0,0.008043766367794981,2.3222957735283645,0.986761271044063,0.37812500000000004,0.5693916290082823,0.55,1,2,3
frozenset({'22487952'}),frozenset({'17346698'}),0.013567547247189091,0.023785926660059464,0.010799357506578722,0.795969773299748,33.46389588581024,1.0,0.010476640822800191,4.784654161925386,0.9834601904347583,0.40669240669240675,0.7909984784359857,0.6249963809027476,1,1,2
frozenset({'17346698'}),frozenset({'22487952'}),0.023785926660059464,0.013567547247189091,0.010799357506578722,0.4540229885057471,33.463895885810246,1.0,0.010476640822800191,1.8067289134630433,0.9937544175287542,0.40669240669240675,0.44651353473762007,0.6249963809027476,1,1,2
frozenset({'25066780'}),frozenset({'23546843'}),0.011072758962441476,0.014353576432794505,0.007552715218208537,0.6820987654320987,47.52117136978247,1.0,0.007393781526119223,3.1004800119978104,0.9899178696362844,0.42256214149139576,0.6774692963249762,0.6041446208112875,1,1,2
frozenset({'23546843'}),frozenset({'25066780'}),0.014353576432794505,0.011072758962441476,0.007552715218208537,0.5261904761904762,47.52117136978248,1.0,0.007393781526119223,2.087183121787812,0.9932129050194224,0.42256214149139576,0.5208853552133783,0.6041446208112875,1,1,2
frozenset({'23017947'}),frozenset({'25066780'}),0.021940466832985887,0.011072758962441476,0.007245138580362941,0.3302180685358255,29.822564516749352,1.0,0.0070021970795978465,1.476491369177006,0.9881487888703046,0.28116710875331563,0.3227186959058227,0.4922695280950733,1,1,2
frozenset({'25066780'}),frozenset({'23017947'}),0.011072758962441476,0.021940466832985887,0.007245138580362941,0.654320987654321,29.822564516749356,1.0,0.0070021970795978465,2.8293865066617196,0.9772896357148028,0.28116710875331563,0.6465664914830388,0.4922695280950733,1,1,2
frozenset({'25066780'}),frozenset({'20898019'}),0.011072758962441476,0.04692252486244489,0.00707426267044872,0.6388888888888888,13.61582503843975,1.0,0.006554700862737701,2.639291469611691,0.9369304531132852,0.1389261744966443,0.6211104337986868,0.3948268188071538,1,1,2
frozenset({'20898019'}),frozenset({'25066780'}),0.04692252486244489,0.011072758962441476,0.00707426267044872,0.15076474872541878,13.61582503843975,1.0,0.006554700862737701,1.1644915111016876,0.9721728529022924,0.1389261744966443,0.1412560843368172,0.3948268188071538,1,1,2
"frozenset({'23017947', '25066780'})",frozenset({'23546843'}),0.007245138580362941,0.014353576432794505,0.00615153275691193,0.8490566037735848,59.15296495956873,1.0,0.006047539106532503,6.529907556132732,0.9902693150653493,0.3982300884955752,0.8468584751922217,0.6388140161725067,2,1,3
"frozenset({'23017947', '23546843'})",frozenset({'25066780'}),0.010423430504767437,0.011072758962441476,0.00615153275691193,0.5901639344262295,53.29872495446266,1.0,0.00603611662337088,2.4129824681316427,0.9915734217433347,0.40089086859688194,0.585575107483357,0.5728597449908925,2,1,3
"frozenset({'25066780', '23546843'})",frozenset({'23017947'}),0.007552715218208537,0.021940466832985887,0.00615153275691193,0.8144796380090498,37.122256523026174,1.0,0.005985822659167838,5.271979434875856,0.9804671717171718,0.26354319180087843,0.8103179247277266,0.5474267348923754,2,1,3
frozenset({'23017947'}),"frozenset({'25066780', '23546843'})",0.021940466832985887,0.007552715218208537,0.00615153275691193,0.2803738317757009,37.122256523026174,1.0,0.005985822659167838,1.3791150580733986,0.9948903409157088,0.26354319180087843,0.27489733786462756,0.5474267348923754,1,2,3
frozenset({'25066780'}),"frozenset({'23017947', '23546843'})",0.011072758962441476,0.010423430504767437,0.00615153275691193,0.5555555555555555,53.29872495446266,1.0,0.00603611662337088,2.226547281364273,0.9922244876801327,0.40089086859688194,0.5508741231907414,0.5728597449908925,1,2,3
frozenset({'23546843'}),"frozenset({'23017947', '25066780'})",0.014353576432794505,0.007245138580362941,0.00615153275691193,0.42857142857142855,59.15296495956873,1.0,0.006047539106532503,1.737321007484365,0.9974110930041724,0.3982300884955752,0.4244011350280068,0.6388140161725067,1,2,3
"frozenset({'23017947', '25066780'})",frozenset({'20898019'}),0.007245138580362941,0.04692252486244489,0.005843956119066334,0.8066037735849056,17.190118731877586,1.0,0.0055039959238973955,4.9281079202234555,0.9487005118796049,0.12093352192362093,0.7970823658515463,0.4655742830051258,2,1,3
"frozenset({'20898019', '25066780'})",frozenset({'23017947'}),0.00707426267044872,0.021940466832985887,0.005843956119066334,0.8260869565217391,37.65129351212244,1.0,0.005688743493577524,5.623842315710331,0.9803759243224052,0.2522123893805309,0.8221856261498518,0.5462210483543275,2,1,3
"frozenset({'23017947', '20898019'})",frozenset({'25066780'}),0.015788934076073954,0.011072758962441476,0.005843956119066334,0.37012987012987014,33.4270683020683,1.0,0.005669129057768088,1.5700494342245772,0.985646431436764,0.2780487804878049,0.36307737947507107,0.448953823953824,2,1,3
frozenset({'25066780'}),"frozenset({'23017947', '20898019'})",0.011072758962441476,0.015788934076073954,0.005843956119066334,0.5277777777777778,33.42706830206831,1.0,0.005669129057768088,2.0842116690153727,0.9809459024414199,0.2780487804878049,0.5202022832582922,0.448953823953824,1,2,3
frozenset({'23017947'}),"frozenset({'20898019', '25066780'})",0.021940466832985887,0.00707426267044872,0.005843956119066334,0.26635514018691586,37.651293512122436,1.0,0.005688743493577524,1.3534146992899616,0.9952773369182417,0.2522123893805309,0.2611281667587715,0.5462210483543275,1,2,3
frozenset({'20898019'}),"frozenset({'23017947', '25066780'})",0.04692252486244489,0.007245138580362941,0.005843956119066334,0.12454479242534595,17.190118731877583,1.0,0.0055039959238973955,1.1339870422039615,0.9881956816405136,0.12093352192362093,0.11815570832586485,0.4655742830051258,1,2,3
"frozenset({'20898019', '25066780'})",frozenset({'23546843'}),0.00707426267044872,0.014353576432794505,0.005741430573117802,0.8115942028985507,56.54299516908212,1.0,0.005639889603171851,5.231507940472088,0.9893130033730296,0.36601307189542487,0.808850524288842,0.6057971014492753,2,1,3
"frozenset({'25066780', '23546843'})",frozenset({'20898019'}),0.007552715218208537,0.04692252486244489,0.005741430573117802,0.7601809954751131,16.200769197813024,1.0,0.005387038105512446,3.9741532453848993,0.9454149858979405,0.11781206171107994,0.7483740715934195,0.4412703957710598,2,1,3
"frozenset({'20898019', '23546843'})",frozenset({'25066780'}),0.009637401319162025,0.011072758962441476,0.005741430573117802,0.5957446808510638,53.802731809824,1.0,0.005634717951286406,2.44629370151396,0.9909638999669712,0.38356164383561636,0.591218340062307,0.5571315996847912,2,1,3
frozenset({'25066780'}),"frozenset({'20898019', '23546843'})",0.011072758962441476,0.009637401319162025,0.005741430573117802,0.5185185185185185,53.802731809824,1.0,0.005634717951286406,2.05690693572174,0.9924022136760156,0.38356164383561636,0.5138331333162073,0.5571315996847912,1,2,3
frozenset({'20898019'}),"frozenset({'25066780', '23546843'})",0.04692252486244489,0.007552715218208537,0.005741430573117802,0.12235979606700656,16.200769197813027,1.0,0.005387038105512446,1.130813379257593,0.9844682727508675,0.11781206171107994,0.11568078487316388,0.4412703957710598,1,2,3
frozenset({'23546843'}),"frozenset({'20898019', '25066780'})",0.014353576432794505,0.00707426267044872,0.005741430573117802,0.4,56.542995169082126,1.0,0.005639889603171851,1.6548762288825856,0.9966193959987518,0.36601307189542487,0.39572520134921185,0.6057971014492753,1,2,3
"frozenset({'23017947', '20898019', '25066780'})",frozenset({'23546843'}),0.005843956119066334,0.014353576432794505,0.005228802843375141,0.8947368421052632,62.33546365914787,1.0,0.005144921172550225,9.363641023888452,0.9897417750187046,0.3493150684931507,0.8932039366472073,0.6295112781954887,3,1,4
"frozenset({'23017947', '25066780', '23546843'})",frozenset({'20898019'}),0.00615153275691193,0.04692252486244489,0.005228802843375141,0.85,18.114967225054624,1.0,0.004940157394646797,6.353849834250367,0.9506449531430468,0.10928571428571428,0.8426151032702237,0.48071740713765476,3,1,4
"frozenset({'20898019', '25066780', '23546843'})",frozenset({'23017947'}),0.005741430573117802,0.021940466832985887,0.005228802843375141,0.9107142857142857,41.50842790387183,1.0,0.005102833176311759,10.954266771470555,0.9815439735857221,0.2328767123287671,0.9087113705680042,0.5745160213618157,3,1,4
"frozenset({'23017947', '20898019', '23546843'})",frozenset({'25066780'}),0.008270394039848262,0.011072758962441476,0.005228802843375141,0.6322314049586777,57.097910927456375,1.0,0.005137226763647488,2.6889931722594285,0.9906795345037632,0.37046004842615005,0.6281135964507678,0.5522268135904499,3,1,4
"frozenset({'23017947', '25066780'})","frozenset({'20898019', '23546843'})",0.007245138580362941,0.009637401319162025,0.005228802843375141,0.7216981132075471,74.88513649136891,1.0,0.005158978535263239,3.5585910325480943,0.993846772761912,0.4486803519061583,0.7189899061584608,0.6321256523484544,2,2,4
"frozenset({'20898019', '25066780'})","frozenset({'23017947', '23546843'})",0.00707426267044872,0.010423430504767437,0.005228802843375141,0.7391304347826086,70.91047754811119,1.0,0.005155064758057248,3.793376849731724,0.9929219020161242,0.4261838440111422,0.7363826375250004,0.6203848895224519,2,2,4
"frozenset({'25066780', '23546843'})","frozenset({'23017947', '20898019'})",0.007552715218208537,0.015788934076073954,0.005228802843375141,0.6923076923076923,43.84765234765235,1.0,0.0051095535206994855,3.1986859642527596,0.9846303948576675,0.2886792452830189,0.6873716234805162,0.5117382617382618,2,2,4
"frozenset({'23017947', '20898019'})","frozenset({'25066780', '23546843'})",0.015788934076073954,0.007552715218208537,0.005228802843375141,0.33116883116883117,43.84765234765235,1.0,0.0051095535206994855,1.4838532219067562,0.9928701228051899,0.2886792452830189,0.3260788969983185,0.5117382617382618,2,2,4
"frozenset({'23017947', '23546843'})","frozenset({'20898019', '25066780'})",0.010423430504767437,0.00707426267044872,0.005228802843375141,0.5016393442622951,70.91047754811119,1.0,0.005155064758057248,1.9923838808257441,0.9962823919455888,0.4261838440111422,0.4980886918310393,0.6203848895224519,2,2,4
"frozenset({'20898019', '23546843'})","frozenset({'23017947', '25066780'})",0.009637401319162025,0.007245138580362941,0.005228802843375141,0.5425531914893617,74.88513649136891,1.0,0.005158978535263239,2.1702083017080436,0.996247451670547,0.4486803519061583,0.5392147384133777,0.6321256523484544,2,2,4
frozenset({'25066780'}),"frozenset({'23017947', '20898019', '23546843'})",0.011072758962441476,0.008270394039848262,0.005228802843375141,0.47222222222222215,57.097910927456375,1.0,0.005137226763647488,1.8790666218192345,0.9934868649744171,0.37046004842615005,0.46782089129344373,0.5522268135904499,1,3,4
frozenset({'23017947'}),"frozenset({'20898019', '25066780', '23546843'})",0.021940466832985887,0.005741430573117802,0.005228802843375141,0.23831775700934577,41.50842790387183,1.0,0.005102833176311759,1.305345606486827,0.997800720623691,0.2328767123287671,0.23391935819098983,0.5745160213618157,1,3,4
frozenset({'20898019'}),"frozenset({'23017947', '25066780', '23546843'})",0.04692252486244489,0.00615153275691193,0.005228802843375141,0.11143481427530953,18.114967225054624,1.0,0.004940157394646797,1.1184868405940656,0.9913118862002632,0.10928571428571428,0.10593494379525575,0.48071740713765476,1,3,4
frozenset({'23546843'}),"frozenset({'23017947', '20898019', '25066780'})",0.014353576432794505,0.005843956119066334,0.005228802843375141,0.36428571428571427,62.33546365914787,1.0,0.005144921172550225,1.5638409679025924,0.9982867527233493,0.3493150684931507,0.3605487894710995,0.6295112781954887,1,3,4
frozenset({'20898019'}),frozenset({'15704307'}),0.04692252486244489,0.09107685998427942,0.015959809985988175,0.34013109978150036,3.734550135349524,1.0,0.011686253758982412,1.3774298799575986,0.7682797571442085,0.13077569308316997,0.2740102312643436,0.25768281067874266,1,1,2
frozenset({'15704307'}),frozenset({'20898019'}),0.09107685998427942,0.04692252486244489,0.015959809985988175,0.175234521575985,3.734550135349524,1.0,0.011686253758982412,1.1555739177623223,0.8056018148307147,0.13077569308316997,0.13462913567967932,0.25768281067874266,1,1,2
frozenset({'20898019'}),frozenset({'17131869'}),0.04692252486244489,0.05488534226444756,0.011517036328218449,0.2454479242534596,4.472012273711383,1.0,0.00894167749123111,1.2525506033503027,0.8146106043504241,0.127554882664648,0.20162906207125225,0.22764301567592032,1,1,2
frozenset({'17131869'}),frozenset({'20898019'}),0.05488534226444756,0.04692252486244489,0.011517036328218449,0.20983810709838108,4.472012273711383,1.0,0.00894167749123111,1.2061800039959918,0.8214738938392561,0.127554882664648,0.17093634723916123,0.22764301567592032,1,1,2
frozenset({'20898019'}),frozenset({'17571564'}),0.04692252486244489,0.05027169269676361,0.005331328389323673,0.11361981063364894,2.2601150774651266,1.0,0.002972453638882593,1.0714683368343003,0.5849940512967621,0.058035714285714274,0.06670130546783741,0.10983505827399645,1,1,2
frozenset({'17571564'}),frozenset({'20898019'}),0.05027169269676361,0.04692252486244489,0.005331328389323673,0.10605030591434397,2.2601150774651266,1.0,0.002972453638882593,1.0661421794124286,0.5870570026111588,0.058035714285714274,0.06203879809809305,0.10983505827399645,1,1,2
frozenset({'19351043'}),frozenset({'20898019'}),0.051501999248145997,0.04692252486244489,0.009329824681316427,0.1811546118115461,3.86071747721606,1.0,0.006913220841129679,1.1639284886809527,0.7812149177718106,0.1047180667433832,0.1408406876153776,0.18999464021021586,1,1,2
frozenset({'20898019'}),frozenset({'19351043'}),0.04692252486244489,0.051501999248145997,0.009329824681316427,0.19883466860888563,3.86071747721606,1.0,0.006913220841129679,1.1838979591202687,0.7774612316350699,0.1047180667433832,0.15533260928747578,0.18999464021021586,1,1,2
"frozenset({'15704307', '20898019'})",frozenset({'17131869'}),0.015959809985988175,0.05488534226444756,0.009705751683127713,0.6081370449678801,11.08013578630457,1.0,0.008829792049571204,2.4118499735655905,0.9245032953852866,0.1587479038569033,0.585380512486174,0.3924869533681244,2,1,3
"frozenset({'20898019', '17131869'})",frozenset({'15704307'}),0.011517036328218449,0.09107685998427942,0.009705751683127713,0.8427299703264094,9.252953719219912,1.0,0.0086568161780287,5.779379211043352,0.9023184362710628,0.10448859455481972,0.8269710355587707,0.4746482872269946,2,1,3
"frozenset({'15704307', '17131869'})",frozenset({'20898019'}),0.0422747001127781,0.04692252486244489,0.009705751683127713,0.22958771220695232,4.892910449299076,1.0,0.00772211601603348,1.2371005632163228,0.8307420349961602,0.12209802235597594,0.19165827764227023,0.21821701706487456,2,1,3
frozenset({'20898019'}),"frozenset({'15704307', '17131869'})",0.04692252486244489,0.0422747001127781,0.009705751683127713,0.20684632192279678,4.892910449299076,1.0,0.00772211601603348,1.2074902082141006,0.8347932726883388,0.12209802235597594,0.1718359344056151,0.21821701706487456,1,2,3
frozenset({'15704307'}),"frozenset({'20898019', '17131869'})",0.09107685998427942,0.011517036328218449,0.009705751683127713,0.10656660412757973,9.252953719219912,1.0,0.0086568161780287,1.106386853500755,0.981300137265161,0.10448859455481972,0.09615701159511515,0.4746482872269946,1,2,3
frozenset({'17131869'}),"frozenset({'15704307', '20898019'})",0.05488534226444756,0.015959809985988175,0.009705751683127713,0.17683686176836863,11.08013578630457,1.0,0.008829792049571204,1.195437628715963,0.9625799272219832,0.1587479038569033,0.16348626145044923,0.3924869533681244,1,2,3
frozenset({'25451555'}),frozenset({'23093367'}),0.032466422883701856,0.03899388264242507,0.02019753255186084,0.6221052631578947,15.953919461229761,1.0,0.018931540668114425,2.5430523996927468,0.9687720407384717,0.3940000000000001,0.6067717676124879,0.5700359795193506,1,1,2
frozenset({'23093367'}),frozenset({'25451555'}),0.03899388264242507,0.032466422883701856,0.02019753255186084,0.5179666958808063,15.953919461229763,1.0,0.018931540668114425,2.0071923845267206,0.9753522491232884,0.3940000000000001,0.5017916530030121,0.5700359795193506,1,1,2
frozenset({'25451555'}),frozenset({'15704307'}),0.032466422883701856,0.09107685998427942,0.01978743036806671,0.6094736842105263,6.691860965735163,1.0,0.016830490516897393,2.3274312210645136,0.8791061701851061,0.1907114624505929,0.5703417609296214,0.4133672361015108,1,1,2
frozenset({'15704307'}),frozenset({'25451555'}),0.09107685998427942,0.032466422883701856,0.01978743036806671,0.21726078799249532,6.691860965735164,1.0,0.016830490516897393,1.236086760793353,0.9357939082610368,0.1907114624505929,0.19099529926348083,0.4133672361015108,1,1,2
frozenset({'25451555'}),frozenset({'17131869'}),0.032466422883701856,0.05488534226444756,0.018215371996855884,0.5610526315789474,10.222267156059514,1.0,0.016433441264781613,2.1531389085102512,0.9324475805219736,0.26347009391992093,0.5355617809666092,0.4464665399488759,1,1,2
frozenset({'17131869'}),frozenset({'25451555'}),0.05488534226444756,0.032466422883701856,0.018215371996855884,0.3318804483188045,10.222267156059512,1.0,0.016433441264781613,1.4481443847612068,0.9545660261130934,0.26347009391992093,0.3094611210574172,0.4464665399488759,1,1,2
frozenset({'25451555'}),frozenset({'19358975'}),0.032466422883701856,0.04302655411640067,0.01777109463107891,0.5473684210526315,12.721642071819739,1.0,0.016374176329907363,2.114243659510277,0.95231195811359,0.30787448194197753,0.5270176190422488,0.4801973161657121,1,1,2
frozenset({'19358975'}),frozenset({'25451555'}),0.04302655411640067,0.032466422883701856,0.01777109463107891,0.4130262112787927,12.721642071819739,1.0,0.016374176329907363,1.6483420481588895,0.9628206501733394,0.30787448194197753,0.3933298000151444,0.4801973161657121,1,1,2
frozenset({'25451555'}),frozenset({'20898019'}),0.032466422883701856,0.04692252486244489,0.008031167765968353,0.24736842105263157,5.271848046919922,1.0,0.006507761231013203,1.2663267152177307,0.8375039549321855,0.1125478927203065,0.21031437781199988,0.2092632345612757,1,1,2
frozenset({'20898019'}),frozenset({'25451555'}),0.04692252486244489,0.032466422883701856,0.008031167765968353,0.17115804806991988,5.271848046919922,1.0,0.006507761231013203,1.1673318114065705,0.8502070592399995,0.1125478927203065,0.14334554217703102,0.2092632345612757,1,1,2
frozenset({'25451555'}),frozenset({'18659623'}),0.032466422883701856,0.044154335121834525,0.00563890502716927,0.1736842105263158,3.9335709630112436,1.0,0.004205371710955101,1.1567559001710284,0.7708032962880901,0.07944150216658641,0.1355133785337526,0.1506965944272446,1,1,2
frozenset({'18659623'}),frozenset({'25451555'}),0.044154335121834525,0.032466422883701856,0.00563890502716927,0.12770897832817338,3.933570963011243,1.0,0.004205371710955101,1.1091866740321714,0.780228543073121,0.07944150216658641,0.09843850146094031,0.1506965944272446,1,1,2
frozenset({'25451555'}),frozenset({'22554204'}),0.032466422883701856,0.039028057824407915,0.0072793137623457845,0.22421052631578947,5.744854825329523,1.0,0.006012212332688989,1.2387019607419436,0.8536460305165149,0.11335816923895689,0.19270330419027404,0.20536270624020647,1,1,2
frozenset({'22554204'}),frozenset({'25451555'}),0.039028057824407915,0.032466422883701856,0.0072793137623457845,0.18651488616462347,5.744854825329523,1.0,0.006012212332688989,1.189368509221542,0.8594748308955885,0.11335816923895689,0.15921769220667045,0.20536270624020647,1,1,2
frozenset({'25451555'}),frozenset({'19351043'}),0.032466422883701856,0.051501999248145997,0.006800861214585968,0.2094736842105263,4.067292285125554,1.0,0.005128775527639565,1.1998310262506806,0.7794418739879327,0.08813108945969884,0.16654930725964584,0.1707620577655153,1,1,2
frozenset({'19351043'}),frozenset({'25451555'}),0.051501999248145997,0.032466422883701856,0.006800861214585968,0.1320504313205043,4.067292285125554,1.0,0.005128775527639565,1.114734786478793,0.7950846326465506,0.08813108945969884,0.10292563564936867,0.1707620577655153,1,1,2
frozenset({'25451555'}),frozenset({'20299683'}),0.032466422883701856,0.034482758620689655,0.007552715218208537,0.2326315789473684,6.746315789473684,1.0,0.006433183394632611,1.2582186273118585,0.8803528551890756,0.12715765247410818,0.2052255639097744,0.225830160137708,1,1,2
frozenset({'20299683'}),frozenset({'25451555'}),0.034482758620689655,0.032466422883701856,0.007552715218208537,0.2190287413280476,6.746315789473685,1.0,0.006433183394632611,1.2388849991248032,0.882191338073691,0.12715765247410818,0.19282257779661616,0.225830160137708,1,1,2
"frozenset({'25451555', '15704307'})",frozenset({'23093367'}),0.01978743036806671,0.03899388264242507,0.015310481528314138,0.773747841105354,19.842800682369642,1.0,0.014538892790746587,4.24750032022928,0.9687734249703648,0.3522012578616352,0.7645674103337042,0.583192938957585,2,1,3
"frozenset({'25451555', '23093367'})",frozenset({'15704307'}),0.02019753255186084,0.09107685998427942,0.015310481528314138,0.7580372250423012,8.323049621749634,1.0,0.013470953684060382,3.756458571673363,0.8979888914494991,0.15954415954415954,0.7337918198963294,0.46307114535417127,2,1,3
"frozenset({'15704307', '23093367'})",frozenset({'25451555'}),0.025563036123167356,0.032466422883701856,0.015310481528314138,0.5989304812834224,18.447689276667603,1.0,0.01448054118734804,2.4123837189433033,0.9706042607131584,0.3584,0.5854722479896233,0.5352547143259218,2,1,3
frozenset({'25451555'}),"frozenset({'15704307', '23093367'})",0.032466422883701856,0.025563036123167356,0.015310481528314138,0.47157894736842104,18.447689276667603,1.0,0.01448054118734804,1.844054015304763,0.9775295569112459,0.3584,0.45771653557841574,0.5352547143259218,1,2,3
frozenset({'15704307'}),"frozenset({'25451555', '23093367'})",0.09107685998427942,0.02019753255186084,0.015310481528314138,0.16810506566604128,8.323049621749634,1.0,0.013470953684060382,1.1777959295215565,0.9680155481221665,0.15954415954415954,0.15095648156449368,0.46307114535417127,1,2,3
frozenset({'23093367'}),"frozenset({'25451555', '15704307'})",0.03899388264242507,0.01978743036806671,0.015310481528314138,0.39263803680981596,19.842800682369646,1.0,0.014538892790746587,1.6138853419192436,0.9881351129089617,0.3522012578616352,0.38037729569388556,0.583192938957585,1,2,3
"frozenset({'25451555', '15704307'})",frozenset({'17131869'}),0.01978743036806671,0.05488534226444756,0.01541300707426267,0.7789291882556131,14.191934606193957,1.0,0.014326967185977405,4.275167084600662,0.9483019009117641,0.26009227220299885,0.7660910134712527,0.5298755530319161,2,1,3
"frozenset({'25451555', '17131869'})",frozenset({'15704307'}),0.018215371996855884,0.09107685998427942,0.01541300707426267,0.8461538461538461,9.290546976475682,1.0,0.013754008189343463,5.908000410102184,0.9089200273410799,0.16417910447761194,0.8307379941460254,0.5076923076923077,2,1,3
"frozenset({'15704307', '17131869'})",frozenset({'25451555'}),0.0422747001127781,0.032466422883701856,0.01541300707426267,0.3645917542441391,11.229809811513425,1.0,0.014040498783119538,1.5226959731461334,0.9511613580504009,0.25979262672811065,0.34327008303972845,0.4196642981747011,2,1,3
frozenset({'25451555'}),"frozenset({'15704307', '17131869'})",0.032466422883701856,0.0422747001127781,0.01541300707426267,0.4747368421052631,11.229809811513423,1.0,0.014040498783119538,1.8233247192241697,0.9415190525945546,0.25979262672811065,0.4515513394534008,0.4196642981747011,1,2,3
frozenset({'15704307'}),"frozenset({'25451555', '17131869'})",0.09107685998427942,0.018215371996855884,0.01541300707426267,0.1692307692307692,9.290546976475682,1.0,0.013754008189343463,1.1817777929667475,0.9817812658089391,0.16417910447761194,0.15381723539618275,0.5076923076923077,1,2,3
frozenset({'17131869'}),"frozenset({'25451555', '15704307'})",0.05488534226444756,0.01978743036806671,0.01541300707426267,0.2808219178082192,14.191934606193957,1.0,0.014326967185977405,1.3629622396786882,0.9835181747225175,0.26009227220299885,0.2663039584752214,0.5298755530319161,1,2,3
"frozenset({'25451555', '23093367'})",frozenset({'17131869'}),0.02019753255186084,0.05488534226444756,0.015173780800382761,0.7512690355329948,13.687972134950787,1.0,0.014065232313376558,3.79974668518171,0.9460510562882379,0.2532800912721049,0.7368245615162163,0.5138661491488137,2,1,3
"frozenset({'25451555', '17131869'})",frozenset({'23093367'}),0.018215371996855884,0.03899388264242507,0.015173780800382761,0.8330206378986866,21.362854413280868,1.0,0.014463492722449248,5.755238882602105,0.9708746183526886,0.36097560975609755,0.8262452662003368,0.611076488975636,2,1,3
"frozenset({'23093367', '17131869'})",frozenset({'25451555'}),0.024298554389802125,0.032466422883701856,0.015173780800382761,0.6244725738396625,19.234412613813014,1.0,0.014384893658100816,2.5764658177141877,0.971618781653808,0.3648315529991783,0.611871427470678,0.545920497446147,2,1,3
frozenset({'25451555'}),"frozenset({'23093367', '17131869'})",0.032466422883701856,0.024298554389802125,0.015173780800382761,0.46736842105263154,19.234412613813014,1.0,0.014384893658100816,1.831850540177249,0.9798211372334504,0.3648315529991783,0.4541039358466218,0.545920497446147,1,2,3
frozenset({'23093367'}),"frozenset({'25451555', '17131869'})",0.03899388264242507,0.018215371996855884,0.015173780800382761,0.3891323400525854,21.362854413280864,1.0,0.014463492722449248,1.6071969304900824,0.9918665019927467,0.36097560975609755,0.3777987121372424,0.611076488975636,1,2,3
frozenset({'17131869'}),"frozenset({'25451555', '23093367'})",0.05488534226444756,0.02019753255186084,0.015173780800382761,0.2764632627646326,13.687972134950787,1.0,0.014065232313376558,1.354184821619373,0.9807732339100987,0.2532800912721049,0.26154836176337337,0.5138661491488137,1,2,3
"frozenset({'25451555', '15704307', '23093367'})",frozenset({'17131869'}),0.015310481528314138,0.05488534226444756,0.013191620245377806,0.8616071428571428,15.698310465219711,1.0,0.012351299226462782,6.829215591379473,0.9508569552208102,0.23141486810551556,0.8535702985768525,0.5509779176303149,3,1,4
"frozenset({'25451555', '15704307', '17131869'})",frozenset({'23093367'}),0.01541300707426267,0.03899388264242507,0.013191620245377806,0.8558758314855875,21.948976954513387,1.0,0.01259060725635714,6.6679039835117875,0.969380864085405,0.3200663349917081,0.8500278344630077,0.5970877842791653,3,1,4
"frozenset({'25451555', '23093367', '17131869'})",frozenset({'15704307'}),0.015173780800382761,0.09107685998427942,0.013191620245377806,0.8693693693693694,9.545447323496104,1.0,0.011809639935989198,6.957963347706551,0.909031460092731,0.14175541681968415,0.8562797833176837,0.5071049473488498,3,1,4
"frozenset({'15704307', '23093367', '17131869'})",frozenset({'25451555'}),0.020402583643757903,0.032466422883701856,0.013191620245377806,0.6465661641541038,19.914918451908665,1.0,0.012529221336879464,2.7375239125044075,0.9695680812819316,0.3324720068906115,0.6347063872457078,0.526440976813894,3,1,4
"frozenset({'25451555', '15704307'})","frozenset({'23093367', '17131869'})",0.01978743036806671,0.024298554389802125,0.013191620245377806,0.6666666666666666,27.436474449132678,1.0,0.012710814292344915,2.9271043368305936,0.983003277316784,0.4269911504424779,0.658365440747227,0.6047819971870605,2,2,4
"frozenset({'25451555', '23093367'})","frozenset({'15704307', '17131869'})",0.02019753255186084,0.0422747001127781,0.013191620245377806,0.6531302876480541,15.44967287539993,1.0,0.012337775613729816,2.761051962113893,0.9545533324538116,0.26768377253814146,0.6378192030712858,0.4825877792322728,2,2,4
"frozenset({'25451555', '17131869'})","frozenset({'15704307', '23093367'})",0.018215371996855884,0.025563036123167356,0.013191620245377806,0.724202626641651,28.33007093337079,1.0,0.012725980033025249,3.5331625969139577,0.9826002470193907,0.4312849162011173,0.7169674554821082,0.6201227036951571,2,2,4
"frozenset({'15704307', '23093367'})","frozenset({'25451555', '17131869'})",0.025563036123167356,0.018215371996855884,0.013191620245377806,0.516042780748663,28.330070933370788,1.0,0.012725980033025249,2.0286599495755575,0.9900094657304759,0.4312849162011173,0.5070637638362097,0.6201227036951571,2,2,4
"frozenset({'15704307', '17131869'})","frozenset({'25451555', '23093367'})",0.0422747001127781,0.02019753255186084,0.013191620245377806,0.3120452708164915,15.44967287539993,1.0,0.012337775613729816,1.4242252082648041,0.9765573808682122,0.26768377253814146,0.2978638531343341,0.4825877792322728,2,2,4
"frozenset({'23093367', '17131869'})","frozenset({'25451555', '15704307'})",0.024298554389802125,0.01978743036806671,0.013191620245377806,0.5428973277074542,27.436474449132675,1.0,0.012710814292344915,2.1444034984870908,0.9875481611208407,0.4269911504424779,0.5336698523829516,0.6047819971870605,2,2,4
frozenset({'25451555'}),"frozenset({'15704307', '23093367', '17131869'})",0.032466422883701856,0.020402583643757903,0.013191620245377806,0.4063157894736842,19.914918451908665,1.0,0.012529221336879464,1.6500311091106914,0.9816572880458226,0.3324720068906115,0.3939508203945532,0.526440976813894,1,3,4
frozenset({'15704307'}),"frozenset({'25451555', '23093367', '17131869'})",0.09107685998427942,0.015173780800382761,0.013191620245377806,0.1448405253283302,9.545447323496104,1.0,0.011809639935989198,1.1516287293404914,0.9849435849560921,0.14175541681968415,0.1316645942198102,0.5071049473488498,1,3,4
frozenset({'23093367'}),"frozenset({'25451555', '15704307', '17131869'})",0.03899388264242507,0.01541300707426267,0.013191620245377806,0.3382997370727432,21.94897695451339,1.0,0.01259060725635714,1.4879652436135977,0.9931672366394211,0.3200663349917081,0.3279412914434411,0.5970877842791653,1,3,4
frozenset({'17131869'}),"frozenset({'25451555', '15704307', '23093367'})",0.05488534226444756,0.015310481528314138,0.013191620245377806,0.2403486924034869,15.698310465219711,1.0,0.012351299226462782,1.2962388251356782,0.9906722636332381,0.23141486810551556,0.22853722585008263,0.5509779176303149,1,3,4
"frozenset({'25451555', '19358975'})",frozenset({'23093367'}),0.01777109463107891,0.03899388264242507,0.015207955982365606,0.8557692307692308,21.94624317400391,1.0,0.014514992003893884,6.662975747012522,0.9717023287016278,0.3659539473684211,0.8499169083050663,0.6228889975055619,2,1,3
"frozenset({'25451555', '23093367'})",frozenset({'19358975'}),0.02019753255186084,0.04302655411640067,0.015207955982365606,0.7529610829103215,17.499916002413755,1.0,0.014338925755005201,3.8737760720356658,0.9622928089103827,0.3167259786476868,0.7418539478265451,0.5532081030119519,2,1,3
"frozenset({'19358975', '23093367'})",frozenset({'25451555'}),0.024298554389802125,0.032466422883701856,0.015207955982365606,0.6258790436005626,19.277733362943223,1.0,0.01441906884008366,2.586151779434917,0.9717385229933687,0.3659539473684211,0.6133250925363308,0.5471500481160707,2,1,3
frozenset({'25451555'}),"frozenset({'19358975', '23093367'})",0.032466422883701856,0.024298554389802125,0.015207955982365606,0.4684210526315789,19.277733362943223,1.0,0.01441906884008366,1.8354779669894807,0.9799418894232161,0.3659539473684211,0.4551827818232095,0.5471500481160707,1,2,3
frozenset({'19358975'}),"frozenset({'25451555', '23093367'})",0.04302655411640067,0.02019753255186084,0.015207955982365606,0.35345512311358224,17.499916002413755,1.0,0.014338925755005201,1.5154438655002547,0.9852487262145802,0.3167259786476868,0.3401273232447342,0.5532081030119519,1,2,3
frozenset({'23093367'}),"frozenset({'25451555', '19358975'})",0.03899388264242507,0.01777109463107891,0.015207955982365606,0.39000876424189307,21.94624317400391,1.0,0.014514992003893884,1.6102344554970385,0.993161331053111,0.3659539473684211,0.37897242442789164,0.6228889975055619,1,2,3
"frozenset({'25451555', '19358975'})",frozenset({'17131869'}),0.01777109463107891,0.05488534226444756,0.015139605618399919,0.851923076923077,15.521868713478304,1.0,0.014164233007159266,6.38259249379854,0.9525017665751957,0.26322043969102793,0.8433238529685828,0.5638818373407415,2,1,3
"frozenset({'25451555', '17131869'})",frozenset({'19358975'}),0.018215371996855884,0.04302655411640067,0.015139605618399919,0.8311444652908068,19.317012072179743,1.0,0.014355860929426829,5.667409407288428,0.965825021545587,0.32839140103780584,0.8235525390641488,0.5915055130266583,2,1,3
"frozenset({'19358975', '17131869'})",frozenset({'25451555'}),0.030620963056628276,0.032466422883701856,0.015139605618399919,0.4944196428571429,15.228645441729324,1.0,0.014145452482697213,1.9137087971218614,0.9638482391940916,0.315751960085531,0.47745445832513367,0.48036771616541357,2,1,3
frozenset({'25451555'}),"frozenset({'19358975', '17131869'})",0.032466422883701856,0.030620963056628276,0.015139605618399919,0.46631578947368424,15.228645441729325,1.0,0.014145452482697213,1.8163907003869884,0.9656866696598638,0.315751960085531,0.4494576525926133,0.48036771616541357,1,2,3
frozenset({'19358975'}),"frozenset({'25451555', '17131869'})",0.04302655411640067,0.018215371996855884,0.015139605618399919,0.35186656076250994,19.317012072179743,1.0,0.014355860929426829,1.514787802274459,0.9908656959846305,0.32839140103780584,0.33984152862962275,0.5915055130266583,1,2,3
frozenset({'17131869'}),"frozenset({'25451555', '19358975'})",0.05488534226444756,0.01777109463107891,0.015139605618399919,0.27584059775840597,15.521868713478304,1.0,0.014164233007159266,1.3563711281362745,0.9899061028073656,0.26322043969102793,0.26273865665803964,0.5638818373407415,1,2,3
"frozenset({'25451555', '19358975'})",frozenset({'15704307'}),0.01777109463107891,0.09107685998427942,0.014353576432794505,0.8076923076923078,8.86824938663588,1.0,0.012735040935312351,4.72640032808175,0.9032906367376289,0.1518987341772152,0.788422492682532,0.48264540337711076,2,1,3
"frozenset({'25451555', '15704307'})",frozenset({'19358975'}),0.01978743036806671,0.04302655411640067,0.014353576432794505,0.7253886010362695,16.859091227102684,1.0,0.013502191489238372,3.4848278312365037,0.9596743104186797,0.2961918194640339,0.7130417775488279,0.5294933473807241,2,1,3
"frozenset({'19358975', '15704307'})",frozenset({'25451555'}),0.030791838966542497,0.032466422883701856,0.014353576432794505,0.46614872364039955,14.357871370991296,1.0,0.013353875567539888,1.8123653908145212,0.9599091611256633,0.2935010482180293,0.44823488405360923,0.45412699339914714,2,1,3
frozenset({'25451555'}),"frozenset({'19358975', '15704307'})",0.032466422883701856,0.030791838966542497,0.014353576432794505,0.4421052631578947,14.357871370991296,1.0,0.013353875567539888,1.7372599112863862,0.9615705488864332,0.2935010482180293,0.4243808922871353,0.45412699339914714,1,2,3
frozenset({'19358975'}),"frozenset({'25451555', '15704307'})",0.04302655411640067,0.01978743036806671,0.014353576432794505,0.33359809372517873,16.859091227102684,1.0,0.013502191489238372,1.4709030097337354,0.9829790219065985,0.2961918194640339,0.320145520552697,0.5294933473807241,1,2,3
frozenset({'15704307'}),"frozenset({'25451555', '19358975'})",0.09107685998427942,0.01777109463107891,0.014353576432794505,0.1575984990619137,8.86824938663588,1.0,0.012735040935312351,1.165986651584933,0.9761421337974202,0.1518987341772152,0.14235724856653065,0.48264540337711076,1,2,3
"frozenset({'25451555', '19358975', '23093367'})",frozenset({'17131869'}),0.015207955982365606,0.05488534226444756,0.013533372065206247,0.8898876404494381,16.213575496382944,1.0,0.012698678195971458,8.583184136577971,0.9528136374853475,0.23927492447129908,0.8834931204914486,0.5682314914575958,3,1,4
"frozenset({'25451555', '19358975', '17131869'})",frozenset({'23093367'}),0.015139605618399919,0.03899388264242507,0.013533372065206247,0.8939051918735891,22.924241734805513,1.0,0.01294302006046976,9.057993829561816,0.9710798210433855,0.33333333333333326,0.8896002780730118,0.6204845854197043,3,1,4
"frozenset({'25451555', '23093367', '17131869'})",frozenset({'19358975'}),0.015173780800382761,0.04302655411640067,0.013533372065206247,0.8918918918918919,20.7288710473778,1.0,0.012880496564448176,8.852004374423293,0.9664223874585813,0.30298393267023715,0.8870312352206503,0.6032136187021017,3,1,4
"frozenset({'19358975', '23093367', '17131869'})",frozenset({'25451555'}),0.020026656641946618,0.032466422883701856,0.013533372065206247,0.6757679180887372,20.814363211783725,1.0,0.012883178161722112,2.984077243106056,0.9714103546361611,0.34736842105263155,0.6648880311961618,0.5463050116759475,3,1,4
"frozenset({'25451555', '19358975'})","frozenset({'23093367', '17131869'})",0.01777109463107891,0.024298554389802125,0.013533372065206247,0.7615384615384616,31.340895813047716,1.0,0.013101560155746655,4.091651223526638,0.9856081429443525,0.474251497005988,0.7555998922268625,0.6592502434274586,2,2,4
"frozenset({'25451555', '23093367'})","frozenset({'19358975', '17131869'})",0.02019753255186084,0.030620963056628276,0.013533372065206247,0.6700507614213198,21.88209300217549,1.0,0.01291490416710067,2.9379641581206806,0.9739723710773589,0.3629697525206233,0.6596282506592364,0.5560075235678028,2,2,4
"frozenset({'25451555', '17131869'})","frozenset({'19358975', '23093367'})",0.018215371996855884,0.024298554389802125,0.013533372065206247,0.7429643527204502,30.576483720046546,1.0,0.013090764858010166,3.7959771570090175,0.9852416710969343,0.4669811320754717,0.7365632197881995,0.649963189018453,2,2,4
"frozenset({'19358975', '23093367'})","frozenset({'25451555', '17131869'})",0.024298554389802125,0.018215371996855884,0.013533372065206247,0.5569620253164557,30.576483720046546,1.0,0.013090764858010166,2.216028160349954,0.9913843337048241,0.4669811320754717,0.5487421965603178,0.649963189018453,2,2,4
"frozenset({'19358975', '17131869'})","frozenset({'25451555', '23093367'})",0.030620963056628276,0.02019753255186084,0.013533372065206247,0.4419642857142857,21.882093002175488,1.0,0.01291490416710067,1.7558060216670652,0.9844451922717392,0.3629697525206233,0.4304610032886541,0.5560075235678028,2,2,4
"frozenset({'23093367', '17131869'})","frozenset({'25451555', '19358975'})",0.024298554389802125,0.01777109463107891,0.013533372065206247,0.5569620253164557,31.340895813047712,1.0,0.013101560155746655,2.217030957832707,0.9922018786817386,0.474251497005988,0.5489463074626774,0.6592502434274586,2,2,4
frozenset({'25451555'}),"frozenset({'19358975', '23093367', '17131869'})",0.032466422883701856,0.020026656641946618,0.013533372065206247,0.41684210526315785,20.814363211783725,1.0,0.012883178161722112,1.6804597043143517,0.9838999653559365,0.34736842105263155,0.4049247373009681,0.5463050116759475,1,3,4
frozenset({'19358975'}),"frozenset({'25451555', '23093367', '17131869'})",0.04302655411640067,0.015173780800382761,0.013533372065206247,0.3145353455123114,20.7288710473778,1.0,0.012880496564448176,1.436727937395502,0.9945501728231533,0.30298393267023715,0.3039739995501177,0.6032136187021017,1,3,4
frozenset({'23093367'}),"frozenset({'25451555', '19358975', '17131869'})",0.03899388264242507,0.015139605618399919,0.013533372065206247,0.3470639789658194,22.924241734805513,1.0,0.01294302006046976,1.5083566577039003,0.9951841494604653,0.33333333333333326,0.3370268265847332,0.6204845854197043,1,3,4
frozenset({'17131869'}),"frozenset({'25451555', '19358975', '23093367'})",0.05488534226444756,0.015207955982365606,0.013533372065206247,0.2465753424657534,16.213575496382944,1.0,0.012698678195971458,1.3070876220597694,0.9928142389360974,0.23927492447129908,0.23494034896898983,0.5682314914575958,1,3,4
"frozenset({'25451555', '19358975', '15704307'})",frozenset({'17131869'}),0.014353576432794505,0.05488534226444756,0.013089094699429274,0.9119047619047619,16.6147230623258,1.0,0.012301293744196438,10.72832854726843,0.9534985324688716,0.23311016433353618,0.9067888352231147,0.5751927296447844,3,1,4
"frozenset({'25451555', '19358975', '17131869'})",frozenset({'15704307'}),0.015139605618399919,0.09107685998427942,0.013089094699429274,0.8645598194130925,9.492639728272607,1.0,0.011710226958305054,6.710882517116066,0.9084081659870616,0.14055045871559632,0.8509883018441307,0.5041373205883474,3,1,4
"frozenset({'25451555', '15704307', '17131869'})",frozenset({'19358975'}),0.01541300707426267,0.04302655411640067,0.013089094699429274,0.8492239467849224,19.73720564485593,1.0,0.012425926116452045,6.346985648433873,0.9641954173512787,0.2886209495101733,0.8424448934673814,0.576716818507632,3,1,4
"frozenset({'19358975', '15704307', '17131869'})",frozenset({'25451555'}),0.025665561669115888,0.032466422883701856,0.013089094699429274,0.5099866844207723,15.70812670824865,1.0,0.01225582572073203,1.9745046641694022,0.9610033765807977,0.29059180576631255,0.49354386538222667,0.45657228957880724,3,1,4
"frozenset({'25451555', '19358975'})","frozenset({'15704307', '17131869'})",0.01777109463107891,0.0422747001127781,0.013089094699429274,0.7365384615384616,17.42267738324731,1.0,0.012337827003224612,3.635161722199675,0.9596577082638562,0.2787481804949054,0.7249090751883002,0.5230792550214539,2,2,4
"frozenset({'25451555', '15704307'})","frozenset({'19358975', '17131869'})",0.01978743036806671,0.030620963056628276,0.013089094699429274,0.6614853195164075,21.602368230323215,1.0,0.012483184525143099,2.863624808113327,0.9729611807006623,0.35073260073260076,0.650792241648849,0.5444703383296323,2,2,4
"frozenset({'25451555', '17131869'})","frozenset({'19358975', '15704307'})",0.018215371996855884,0.030791838966542497,0.013089094699429274,0.7185741088180112,23.336511651635767,1.0,0.01252820989818642,3.443919665538885,0.9749069875152051,0.36441484300666027,0.7096331804698105,0.5718286748307592,2,2,4
"frozenset({'19358975', '15704307'})","frozenset({'25451555', '17131869'})",0.030791838966542497,0.018215371996855884,0.013089094699429274,0.4250832408435072,23.336511651635767,1.0,0.01252820989818642,1.7076987448471679,0.9875574025859243,0.36441484300666027,0.41441662177394395,0.5718286748307592,2,2,4
"frozenset({'19358975', '17131869'})","frozenset({'25451555', '15704307'})",0.030620963056628276,0.01978743036806671,0.013089094699429274,0.42745535714285715,21.60236823032322,1.0,0.012483184525143099,1.712028191793786,0.9838347465135342,0.35073260073260076,0.41589746898253765,0.5444703383296323,2,2,4
"frozenset({'15704307', '17131869'})","frozenset({'25451555', '19358975'})",0.0422747001127781,0.01777109463107891,0.013089094699429274,0.30962004850444624,17.42267738324731,1.0,0.012337827003224612,1.4227367165589642,0.9842107548248462,0.2787481804949054,0.2971292661803209,0.5230792550214539,2,2,4
frozenset({'25451555'}),"frozenset({'19358975', '15704307', '17131869'})",0.032466422883701856,0.025665561669115888,0.013089094699429274,0.4031578947368421,15.70812670824865,1.0,0.01225582572073203,1.632482744998836,0.9677583365588831,0.29059180576631255,0.38743609813731106,0.45657228957880724,1,3,4
frozenset({'19358975'}),"frozenset({'25451555', '15704307', '17131869'})",0.04302655411640067,0.01541300707426267,0.013089094699429274,0.30420969023034156,19.73720564485593,1.0,0.012425926116452045,1.415062812892127,0.9920173549707285,0.2886209495101733,0.29331758923394735,0.576716818507632,1,3,4
frozenset({'15704307'}),"frozenset({'25451555', '19358975', '17131869'})",0.09107685998427942,0.015139605618399919,0.013089094699429274,0.14371482176360223,9.492639728272607,1.0,0.011710226958305054,1.150154667408836,0.9843023961278065,0.14055045871559632,0.13055171766343135,0.5041373205883474,1,3,4
frozenset({'17131869'}),"frozenset({'25451555', '19358975', '15704307'})",0.05488534226444756,0.014353576432794505,0.013089094699429274,0.23848069738480696,16.6147230623258,1.0,0.012301293744196438,1.2943157450931577,0.9943898454143816,0.23311016433353618,0.22739099497856652,0.5751927296447844,1,3,4
"frozenset({'25451555', '19358975', '15704307'})",frozenset({'23093367'}),0.014353576432794505,0.03899388264242507,0.01288404360753221,0.8976190476190475,23.01948374441801,1.0,0.012324341932612743,9.386571378841422,0.9704885203857573,0.3184121621621621,0.8934648276095644,0.614015483494011,3,1,4
"frozenset({'25451555', '19358975', '23093367'})",frozenset({'15704307'}),0.015207955982365606,0.09107685998427942,0.01288404360753221,0.8471910112359551,9.301934776651137,1.0,0.011498950729879213,5.948099960396997,0.9062781213502077,0.13794365166483716,0.8318790863203219,0.4943272129350507,3,1,4
"frozenset({'25451555', '15704307', '23093367'})",frozenset({'19358975'}),0.015310481528314138,0.04302655411640067,0.01288404360753221,0.8415178571428571,19.558104859298762,1.0,0.01222528634550605,6.038367658533132,0.9636238468470567,0.28345864661654135,0.8343923297570581,0.5704809301599909,3,1,4
"frozenset({'19358975', '15704307', '23093367'})",frozenset({'25451555'}),0.01927480263832405,0.032466422883701856,0.01288404360753221,0.6684397163120567,20.588646883165357,1.0,0.01225825971407649,2.9181226603935406,0.9701285793235812,0.3315743183817062,0.6573139252943058,0.5326409107876073,3,1,4
"frozenset({'25451555', '19358975'})","frozenset({'15704307', '23093367'})",0.01777109463107891,0.025563036123167356,0.01288404360753221,0.7250000000000001,28.361263368983963,1.0,0.012429760473529713,3.543407141370302,0.9821953259131194,0.4231200897867565,0.7177857468523131,0.6145053475935829,2,2,4
"frozenset({'25451555', '15704307'})","frozenset({'19358975', '23093367'})",0.01978743036806671,0.024298554389802125,0.01288404360753221,0.6511226252158894,26.796763904981912,1.0,0.012403237654499319,2.796688797070814,0.9821156051808942,0.4129244249726178,0.6424342954970977,0.5906808625376212,2,2,4
"frozenset({'25451555', '23093367'})","frozenset({'19358975', '15704307'})",0.02019753255186084,0.030791838966542497,0.01288404360753221,0.637901861252115,20.71658863717884,1.0,0.012262124437673811,2.676644968087726,0.9713483442336142,0.33811659192825105,0.6263979676339259,0.5281629173075225,2,2,4
"frozenset({'19358975', '15704307'})","frozenset({'25451555', '23093367'})",0.030791838966542497,0.02019753255186084,0.01288404360753221,0.4184239733629301,20.716588637178845,1.0,0.012262124437673811,1.6847366854404071,0.9819660447523878,0.33811659192825105,0.40643543371373203,0.5281629173075225,2,2,4
"frozenset({'19358975', '23093367'})","frozenset({'25451555', '15704307'})",0.024298554389802125,0.01978743036806671,0.01288404360753221,0.530239099859353,26.796763904981916,1.0,0.012403237654499319,2.0866201706835468,0.9866563848615905,0.4129244249726178,0.5207560944489411,0.5906808625376212,2,2,4
"frozenset({'15704307', '23093367'})","frozenset({'25451555', '19358975'})",0.025563036123167356,0.01777109463107891,0.01288404360753221,0.5040106951871658,28.36126336898396,1.0,0.012429760473529713,1.9803429143287141,0.9900493060031903,0.4231200897867565,0.4950369490230562,0.6145053475935829,2,2,4
frozenset({'25451555'}),"frozenset({'19358975', '15704307', '23093367'})",0.032466422883701856,0.01927480263832405,0.01288404360753221,0.3968421052631579,20.588646883165357,1.0,0.01225825971407649,1.6259841841074907,0.9833555805463886,0.3315743183817062,0.3849878677947264,0.5326409107876073,1,3,4
frozenset({'19358975'}),"frozenset({'25451555', '15704307', '23093367'})",0.04302655411640067,0.015310481528314138,0.01288404360753221,0.2994440031771247,19.558104859298766,1.0,0.01222528634550605,1.4055828840769302,0.9915325297908809,0.28345864661654135,0.2885513822568232,0.5704809301599909,1,3,4
frozenset({'15704307'}),"frozenset({'25451555', '19358975', '23093367'})",0.09107685998427942,0.015207955982365606,0.01288404360753221,0.14146341463414633,9.301934776651137,1.0,0.011498950729879213,1.1470589149069037,0.9819262424735894,0.13794365166483716,0.12820519765441962,0.4943272129350507,1,3,4
frozenset({'23093367'}),"frozenset({'25451555', '19358975', '15704307'})",0.03899388264242507,0.014353576432794505,0.01288404360753221,0.33041191936897457,23.01948374441801,1.0,0.012324341932612743,1.4720190697515463,0.9953719564881089,0.3184121621621621,0.32066097474621424,0.614015483494011,1,3,4
"frozenset({'25451555', '20898019'})",frozenset({'15704307'}),0.008031167765968353,0.09107685998427942,0.006322408666826151,0.7872340425531915,8.643623009061514,1.0,0.005590955124694793,4.271938758073888,0.8914672958633546,0.06813996316758747,0.7659142472232267,0.42832621452237435,2,1,3
"frozenset({'25451555', '15704307'})",frozenset({'20898019'}),0.01978743036806671,0.04692252486244489,0.006322408666826151,0.3195164075993091,6.809446178269034,1.0,0.005393932473416643,1.4005884723468132,0.8703675155526491,0.10469722693831353,0.28601440055806737,0.22712892484845282,2,1,3
"frozenset({'15704307', '20898019'})",frozenset({'25451555'}),0.015959809985988175,0.032466422883701856,0.006322408666826151,0.3961456102783726,12.201701791953116,1.0,0.005804250726677531,1.6022630514656426,0.9329336629815898,0.15016233766233766,0.3758827559024923,0.2954412261918179,2,1,3
frozenset({'25451555'}),"frozenset({'15704307', '20898019'})",0.032466422883701856,0.015959809985988175,0.006322408666826151,0.19473684210526315,12.201701791953116,1.0,0.005804250726677531,1.2220106934814525,0.9488499838187239,0.15016233766233766,0.18167655542273062,0.2954412261918179,1,2,3
frozenset({'20898019'}),"frozenset({'25451555', '15704307'})",0.04692252486244489,0.01978743036806671,0.006322408666826151,0.1347414420975965,6.8094461782690345,1.0,0.005393932473416643,1.1328550994146838,0.8951477725574111,0.10469722693831353,0.11727457420046619,0.22712892484845282,1,2,3
frozenset({'15704307'}),"frozenset({'25451555', '20898019'})",0.09107685998427942,0.008031167765968353,0.006322408666826151,0.06941838649155722,8.643623009061514,1.0,0.005590955124694793,1.0659665072192315,0.9729180978240987,0.06813996316758747,0.061884221288825744,0.42832621452237435,1,2,3
"frozenset({'25451555', '20898019'})",frozenset({'23093367'}),0.008031167765968353,0.03899388264242507,0.00615153275691193,0.7659574468085106,19.643015645104146,1.0,0.005838366343564133,4.106117046891456,0.9567753431789124,0.15050167224080266,0.7564609121999939,0.46185690044194155,2,1,3
"frozenset({'25451555', '23093367'})",frozenset({'20898019'}),0.02019753255186084,0.04692252486244489,0.00615153275691193,0.3045685279187817,6.490881060037488,1.0,0.0052038135335872,1.3704836686284552,0.8633757702592723,0.10089686098654707,0.2703305972257412,0.21783415470957293,2,1,3
"frozenset({'20898019', '23093367'})",frozenset({'25451555'}),0.009500700591230649,0.032466422883701856,0.00615153275691193,0.6474820143884892,19.943127603180614,1.0,0.0058430789938256,2.7446360656972537,0.9589682840899071,0.17175572519083968,0.635652969623877,0.4184778492995077,2,1,3
frozenset({'25451555'}),"frozenset({'20898019', '23093367'})",0.032466422883701856,0.009500700591230649,0.00615153275691193,0.1894736842105263,19.94312760318061,1.0,0.0058430789938256,1.2220445901796504,0.98173069753021,0.17175572519083968,0.18169925382756133,0.4184778492995077,1,2,3
frozenset({'20898019'}),"frozenset({'25451555', '23093367'})",0.04692252486244489,0.02019753255186084,0.00615153275691193,0.13109978150036417,6.490881060037489,1.0,0.0052038135335872,1.1276351951435835,0.8875854608911838,0.10089686098654707,0.11318837483369919,0.21783415470957293,1,2,3
frozenset({'23093367'}),"frozenset({'25451555', '20898019'})",0.03899388264242507,0.008031167765968353,0.00615153275691193,0.15775635407537247,19.643015645104146,1.0,0.005838366343564133,1.1777694459719357,0.9876017464833255,0.15050167224080266,0.15093738980911853,0.46185690044194155,1,2,3
"frozenset({'25451555', '20898019'})",frozenset({'17131869'}),0.008031167765968353,0.05488534226444756,0.00580978093708349,0.723404255319149,13.180281391590048,1.0,0.005368987545465119,3.416952993351613,0.9316110100072552,0.10173548773189707,0.707341598802879,0.41462865318883974,2,1,3
"frozenset({'25451555', '17131869'})",frozenset({'20898019'}),0.018215371996855884,0.04692252486244489,0.00580978093708349,0.31894934333958724,6.79736106005802,1.0,0.004955069691682338,1.3994222982047297,0.8687079217651972,0.097926267281106,0.28541941822503086,0.22138290182274337,2,1,3
"frozenset({'20898019', '17131869'})",frozenset({'25451555'}),0.011517036328218449,0.032466422883701856,0.00580978093708349,0.5044510385756676,15.5376229892238,1.0,0.0054358639652845936,1.9524479969352844,0.9465414432956145,0.1521933751119069,0.4878224661708386,0.34169920349836014,2,1,3
frozenset({'25451555'}),"frozenset({'20898019', '17131869'})",0.032466422883701856,0.011517036328218449,0.00580978093708349,0.17894736842105263,15.5376229892238,1.0,0.0054358639652845936,1.2039215583181955,0.9670363005857212,0.1521933751119069,0.1693811003792152,0.34169920349836014,1,2,3
frozenset({'20898019'}),"frozenset({'25451555', '17131869'})",0.04692252486244489,0.018215371996855884,0.00580978093708349,0.12381646030589949,6.79736106005802,1.0,0.004955069691682338,1.1205239353685095,0.8948738230231851,0.097926267281106,0.107560339912661,0.22138290182274337,1,2,3
frozenset({'17131869'}),"frozenset({'25451555', '20898019'})",0.05488534226444756,0.008031167765968353,0.00580978093708349,0.10585305105853052,13.18028139159005,1.0,0.005368987545465119,1.1094024683620158,0.9777957395216268,0.10173548773189707,0.09861386780898716,0.41462865318883974,1,2,3
"frozenset({'25451555', '19358975'})",frozenset({'20898019'}),0.01777109463107891,0.04692252486244489,0.005707255391134957,0.3211538461538462,6.844342820326069,1.0,0.004873390761475296,1.4039668188995147,0.8693431132932632,0.09675550405561993,0.28773245454344853,0.22139265505070313,2,1,3
"frozenset({'25451555', '20898019'})",frozenset({'19358975'}),0.008031167765968353,0.04302655411640067,0.005707255391134957,0.7106382978723405,16.516272624338804,1.0,0.0053617019166346275,3.3071876438624392,0.9470596462968778,0.1258477769404672,0.6976282849097405,0.4216416270934379,2,1,3
"frozenset({'19358975', '20898019'})",frozenset({'25451555'}),0.009739926865110557,0.032466422883701856,0.005707255391134957,0.5859649122807017,18.048336103416432,1.0,0.005391034806675949,2.336839571848686,0.9538839907154218,0.15636704119850187,0.572071608146855,0.3808771929824561,2,1,3
frozenset({'25451555'}),"frozenset({'19358975', '20898019'})",0.032466422883701856,0.009739926865110557,0.005707255391134957,0.1757894736842105,18.048336103416432,1.0,0.005391034806675949,1.2014649674050382,0.9762898701907406,0.15636704119850187,0.16768276468365834,0.3808771929824561,1,2,3
frozenset({'19358975'}),"frozenset({'25451555', '20898019'})",0.04302655411640067,0.008031167765968353,0.005707255391134957,0.13264495631453535,16.516272624338804,1.0,0.0053617019166346275,1.1436710254419833,0.9816924967292756,0.1258477769404672,0.12562268541030866,0.4216416270934379,1,2,3
frozenset({'20898019'}),"frozenset({'25451555', '19358975'})",0.04692252486244489,0.01777109463107891,0.005707255391134957,0.12163146394756008,6.8443428203260686,1.0,0.004873390761475296,1.118242360755828,0.8959333913927738,0.09675550405561993,0.10573947554258918,0.22139265505070313,1,2,3
"frozenset({'25451555', '15704307', '20898019'})",frozenset({'23093367'}),0.006322408666826151,0.03899388264242507,0.005262978025357985,0.8324324324324325,21.347769855745316,1.0,0.005016442763786316,5.735036506811336,0.9592212884103104,0.13139931740614336,0.8256331936488409,0.48370087879290335,3,1,4
"frozenset({'25451555', '20898019', '23093367'})",frozenset({'15704307'}),0.00615153275691193,0.09107685998427942,0.005262978025357985,0.8555555555555556,9.393775276214301,1.0,0.0047027157377680096,6.292544815493454,0.8990772303244365,0.05722779635823114,0.8410817833926573,0.45667083593912866,3,1,4
"frozenset({'25451555', '15704307', '23093367'})",frozenset({'20898019'}),0.015310481528314138,0.04692252486244489,0.005262978025357985,0.34375000000000006,7.3259058630735625,1.0,0.004544571575189662,1.452308533542941,0.8769242418983857,0.09238152369526097,0.31144107680722893,0.22795657319737803,3,1,4
"frozenset({'15704307', '20898019', '23093367'})",frozenset({'25451555'}),0.007313488944328628,0.032466422883701856,0.005262978025357985,0.7196261682242991,22.165243482538123,1.0,0.005025535200536134,3.4508697583814643,0.961919307669299,0.1524752475247525,0.7102179827067647,0.44086571569109695,3,1,4
"frozenset({'25451555', '20898019'})","frozenset({'15704307', '23093367'})",0.008031167765968353,0.025563036123167356,0.005262978025357985,0.6553191489361703,25.63541927409262,1.0,0.005057676993645319,2.827070203840194,0.9687718400251991,0.18576598311218334,0.6462769128825896,0.4306007509386734,2,2,4
"frozenset({'25451555', '15704307'})","frozenset({'20898019', '23093367'})",0.01978743036806671,0.009500700591230649,0.005262978025357985,0.2659758203799655,27.995390216324353,1.0,0.005074983573961159,1.3494096337827706,0.9837456316781329,0.21906116642958748,0.258935185458309,0.4099663274561698,2,2,4
"frozenset({'25451555', '23093367'})","frozenset({'15704307', '20898019'})",0.02019753255186084,0.015959809985988175,0.005262978025357985,0.26057529610829105,16.326967322108576,1.0,0.0049406292436444755,1.3308186551448076,0.9581029538999541,0.170353982300885,0.24858282070656057,0.2951698750348736,2,2,4
"frozenset({'15704307', '20898019'})","frozenset({'25451555', '23093367'})",0.015959809985988175,0.02019753255186084,0.005262978025357985,0.32976445396145615,16.326967322108576,1.0,0.0049406292436444755,1.4618778028699073,0.9539769288154369,0.170353982300885,0.3159482974316766,0.2951698750348736,2,2,4
"frozenset({'20898019', '23093367'})","frozenset({'25451555', '15704307'})",0.009500700591230649,0.01978743036806671,0.005262978025357985,0.5539568345323741,27.99539021632435,1.0,0.005074983573961159,2.1975733415941727,0.973529041430915,0.21906116642958748,0.5449526161094693,0.4099663274561698,2,2,4
"frozenset({'15704307', '23093367'})","frozenset({'25451555', '20898019'})",0.025563036123167356,0.008031167765968353,0.005262978025357985,0.2058823529411765,25.63541927409262,1.0,0.005057676993645319,1.2491459368872992,0.9862017826455102,0.18576598311218334,0.19945302588754102,0.4306007509386734,2,2,4
frozenset({'25451555'}),"frozenset({'15704307', '20898019', '23093367'})",0.032466422883701856,0.007313488944328628,0.005262978025357985,0.16210526315789475,22.165243482538123,1.0,0.005025535200536134,1.1847389265111656,0.9869262876574522,0.1524752475247525,0.15593218250639165,0.44086571569109695,1,3,4
frozenset({'20898019'}),"frozenset({'25451555', '15704307', '23093367'})",0.04692252486244489,0.015310481528314138,0.005262978025357985,0.11216314639475601,7.325905863073562,1.0,0.004544571575189662,1.1090883583770506,0.9060104052573933,0.09238152369526097,0.09835858212115904,0.22795657319737803,1,3,4
frozenset({'15704307'}),"frozenset({'25451555', '20898019', '23093367'})",0.09107685998427942,0.00615153275691193,0.005262978025357985,0.05778611632270169,9.393775276214301,1.0,0.0047027157377680096,1.0548013401843208,0.9830826039654437,0.05722779635823114,0.05195418141462034,0.45667083593912866,1,3,4
frozenset({'23093367'}),"frozenset({'25451555', '15704307', '20898019'})",0.03899388264242507,0.006322408666826151,0.005262978025357985,0.13496932515337423,21.347769855745316,1.0,0.005016442763786316,1.1487194850163642,0.9918320832794517,0.13139931740614336,0.12946544996948972,0.48370087879290335,1,3,4
"frozenset({'25451555', '15704307', '20898019'})",frozenset({'17131869'}),0.006322408666826151,0.05488534226444756,0.005262978025357985,0.8324324324324325,15.166753054424289,1.0,0.004915970461743522,5.640200376808944,0.9400094334060491,0.0940745265729994,0.8227013344930539,0.4641614216956683,3,1,4
"frozenset({'25451555', '20898019', '17131869'})",frozenset({'15704307'}),0.00580978093708349,0.09107685998427942,0.005262978025357985,0.9058823529411765,9.946350292462201,1.0,0.004733841420411897,9.657308362667031,0.9047168156170942,0.05744125326370757,0.8964514787716862,0.4818342346319391,3,1,4
"frozenset({'25451555', '15704307', '17131869'})",frozenset({'20898019'}),0.01541300707426267,0.04692252486244489,0.005262978025357985,0.34146341463414637,7.27717478194447,1.0,0.004539760817710856,1.4472657955792505,0.8760871721128576,0.09221556886227546,0.30904191679610427,0.22681328051445118,3,1,4
"frozenset({'15704307', '20898019', '17131869'})",frozenset({'25451555'}),0.009705751683127713,0.032466422883701856,0.005262978025357985,0.5422535211267606,16.70197924388436,1.0,0.00494786698680936,2.1136887377002207,0.9493409237689184,0.1425925925925926,0.5268934435975466,0.3521793921423277,3,1,4
"frozenset({'25451555', '20898019'})","frozenset({'15704307', '17131869'})",0.008031167765968353,0.0422747001127781,0.005262978025357985,0.6553191489361703,15.501449973339756,1.0,0.004923462816496263,2.778585746586385,0.943063809338873,0.11684370257966617,0.6401046823087809,0.3899069471439138,2,2,4
"frozenset({'25451555', '15704307'})","frozenset({'20898019', '17131869'})",0.01978743036806671,0.011517036328218449,0.005262978025357985,0.2659758203799655,23.09412011910436,1.0,0.005035085470966868,1.346662672861086,0.9760116983636961,0.2020997375328084,0.25742354031732023,0.36147455707425574,2,2,4
"frozenset({'25451555', '17131869'})","frozenset({'15704307', '20898019'})",0.018215371996855884,0.015959809985988175,0.005262978025357985,0.2889305816135085,18.103635435959042,1.0,0.004972264149464075,1.3838876550856685,0.9622909637007382,0.182033096926714,0.27739799085201333,0.3093475177874823,2,2,4
"frozenset({'15704307', '20898019'})","frozenset({'25451555', '17131869'})",0.015959809985988175,0.018215371996855884,0.005262978025357985,0.32976445396145615,18.10363543595904,1.0,0.004972264149464075,1.4648352117491001,0.9600852540527474,0.182033096926714,0.31732935419681735,0.3093475177874823,2,2,4
"frozenset({'20898019', '17131869'})","frozenset({'25451555', '15704307'})",0.011517036328218449,0.01978743036806671,0.005262978025357985,0.456973293768546,23.09412011910436,1.0,0.005035085470966868,1.8050909069178225,0.9678456483358985,0.2020997375328084,0.4460112805578908,0.36147455707425574,2,2,4
"frozenset({'15704307', '17131869'})","frozenset({'25451555', '20898019'})",0.0422747001127781,0.008031167765968353,0.005262978025357985,0.12449474535165725,15.501449973339756,1.0,0.004923462816496263,1.1330244187197573,0.9767831191075553,0.11684370257966617,0.11740648879400685,0.3899069471439138,2,2,4
frozenset({'25451555'}),"frozenset({'15704307', '20898019', '17131869'})",0.032466422883701856,0.009705751683127713,0.005262978025357985,0.16210526315789475,16.70197924388436,1.0,0.00494786698680936,1.1818838390716442,0.9716736232578131,0.1425925925925926,0.15389316027411942,0.3521793921423277,1,3,4
frozenset({'20898019'}),"frozenset({'25451555', '15704307', '17131869'})",0.04692252486244489,0.01541300707426267,0.005262978025357985,0.11216314639475601,7.27717478194447,1.0,0.004539760817710856,1.108972880465166,0.9050513277600196,0.09221556886227546,0.09826469374026225,0.22681328051445118,1,3,4
frozenset({'15704307'}),"frozenset({'25451555', '20898019', '17131869'})",0.09107685998427942,0.00580978093708349,0.005262978025357985,0.05778611632270169,9.946350292462201,1.0,0.004733841420411897,1.0551640516936172,0.9895892947479653,0.05744125326370757,0.052280071146353656,0.4818342346319391,1,3,4
frozenset({'17131869'}),"frozenset({'25451555', '15704307', '20898019'})",0.05488534226444756,0.006322408666826151,0.005262978025357985,0.09589041095890412,15.166753054424289,1.0,0.004915970461743522,1.0990676388988136,0.988310044683214,0.0940745265729994,0.09013789087455266,0.4641614216956683,1,3,4
"frozenset({'25451555', '20898019', '23093367'})",frozenset({'17131869'}),0.00615153275691193,0.05488534226444756,0.005194627661392297,0.8444444444444446,15.385609519856096,1.0,0.004856998680578225,6.075737085442841,0.940791509739584,0.09302325581395349,0.8354109162498243,0.4695447626954477,3,1,4
"frozenset({'25451555', '20898019', '17131869'})",frozenset({'23093367'}),0.00580978093708349,0.03899388264242507,0.005194627661392297,0.8941176470588235,22.929690158271896,1.0,0.004968081745353465,9.076168886154868,0.9619772980972593,0.13114754098360656,0.8898213538616014,0.5136670619167912,3,1,4
"frozenset({'25451555', '23093367', '17131869'})",frozenset({'20898019'}),0.015173780800382761,0.04692252486244489,0.005194627661392297,0.34234234234234234,7.295906248564661,1.0,0.004482635554529048,1.4491999964420361,0.8762325966215119,0.09129129129129128,0.30996411644002003,0.22652441224910272,3,1,4
"frozenset({'20898019', '23093367', '17131869'})",frozenset({'25451555'}),0.007245138580362941,0.032466422883701856,0.005194627661392297,0.7169811320754716,22.083773584905657,1.0,0.0049594039283912105,3.418618639144253,0.961685428069813,0.1504950495049505,0.7074841900907908,0.43849056603773584,3,1,4
"frozenset({'25451555', '20898019'})","frozenset({'23093367', '17131869'})",0.008031167765968353,0.024298554389802125,0.005194627661392297,0.6468085106382979,26.619217763413836,1.0,0.004999481894617289,2.7625281893782714,0.9702251973729541,0.19143576826196473,0.6380127436002534,0.43029595714755964,2,2,4
"frozenset({'25451555', '23093367'})","frozenset({'20898019', '17131869'})",0.02019753255186084,0.011517036328218449,0.005194627661392297,0.25719120135363793,22.33137015670267,1.0,0.004962011945252141,1.3307367460820567,0.9749107355937803,0.1958762886597938,0.24853656972786609,0.3541148885106469,2,2,4
"frozenset({'25451555', '17131869'})","frozenset({'20898019', '23093367'})",0.018215371996855884,0.009500700591230649,0.005194627661392297,0.2851782363977486,30.016548112354393,1.0,0.005021568865892282,1.3856591248946826,0.9846202677746998,0.2306525037936267,0.278321787780234,0.41597041316290306,2,2,4
"frozenset({'20898019', '23093367'})","frozenset({'25451555', '17131869'})",0.009500700591230649,0.018215371996855884,0.005194627661392297,0.5467625899280576,30.016548112354396,1.0,0.005021568865892282,2.166159734800588,0.97595732162411,0.2306525037936267,0.5383535277041526,0.41597041316290306,2,2,4
"frozenset({'20898019', '17131869'})","frozenset({'25451555', '23093367'})",0.011517036328218449,0.02019753255186084,0.005194627661392297,0.45103857566765576,22.331370156702665,1.0,0.004962011945252141,1.7848293596217455,0.9663494257182161,0.1958762886597938,0.43972234958532525,0.3541148885106469,2,2,4
"frozenset({'23093367', '17131869'})","frozenset({'25451555', '20898019'})",0.024298554389802125,0.008031167765968353,0.005194627661392297,0.21378340365682139,26.619217763413833,1.0,0.004999481894617289,1.2616991765982049,0.9864012812240758,0.19143576826196473,0.20741804500800146,0.43029595714755964,2,2,4
frozenset({'25451555'}),"frozenset({'20898019', '23093367', '17131869'})",0.032466422883701856,0.007245138580362941,0.005194627661392297,0.16,22.08377358490566,1.0,0.0049594039283912105,1.181851025499568,0.9867542651266292,0.1504950495049505,0.1538696684911701,0.43849056603773584,1,3,4
frozenset({'20898019'}),"frozenset({'25451555', '23093367', '17131869'})",0.04692252486244489,0.015173780800382761,0.005194627661392297,0.11070648215586308,7.295906248564662,1.0,0.004482635554529048,1.1074253881745082,0.9054214980221639,0.09129129129129128,0.09700462832226497,0.22652441224910272,1,3,4
frozenset({'23093367'}),"frozenset({'25451555', '20898019', '17131869'})",0.03899388264242507,0.00580978093708349,0.005194627661392297,0.13321647677475898,22.929690158271896,1.0,0.004968081745353465,1.1469879069269846,0.9951949352399491,0.13114754098360656,0.12815122638981893,0.5136670619167912,1,3,4
frozenset({'17131869'}),"frozenset({'25451555', '20898019', '23093367'})",0.05488534226444756,0.00615153275691193,0.005194627661392297,0.09464508094645081,15.385609519856096,1.0,0.004856998680578225,1.0977445931171936,0.9893024008221603,0.09302325581395349,0.0890412885930366,0.4695447626954477,1,3,4
"frozenset({'25451555', '19358975', '20898019'})",frozenset({'23093367'}),0.005707255391134957,0.03899388264242507,0.005297153207340829,0.9281437125748504,23.802290248600084,1.0,0.005074605160408565,13.374001799892936,0.9634860973440926,0.1344319167389419,0.9252280644968953,0.5319947309587661,3,1,4
"frozenset({'25451555', '19358975', '23093367'})",frozenset({'20898019'}),0.015207955982365606,0.04692252486244489,0.005297153207340829,0.34831460674157305,7.423185511919278,1.0,0.004583557514651311,1.4624809532283174,0.878649406243843,0.09320505111244738,0.316230411211459,0.23060304262788778,3,1,4
"frozenset({'25451555', '20898019', '23093367'})",frozenset({'19358975'}),0.00615153275691193,0.04302655411640067,0.005297153207340829,0.8611111111111112,20.01348071661813,1.0,0.005032473950276747,6.8902088103619175,0.9559140154695839,0.1207165109034268,0.8548665174709743,0.4921123466596064,3,1,4
"frozenset({'19358975', '20898019', '23093367'})",frozenset({'25451555'}),0.007108437852431564,0.032466422883701856,0.005297153207340829,0.7451923076923077,22.95270748987854,1.0,0.005066367657981272,3.79711290641868,0.9632795680419433,0.15453639082751744,0.7366420160144331,0.45417510121457494,3,1,4
"frozenset({'25451555', '19358975'})","frozenset({'20898019', '23093367'})",0.01777109463107891,0.009500700591230649,0.005297153207340829,0.29807692307692313,31.374204482567798,1.0,0.005128315358072522,1.4111222895686577,0.9856426303437485,0.2410575427682737,0.291344196465302,0.42781543995572774,2,2,4
"frozenset({'25451555', '20898019'})","frozenset({'19358975', '23093367'})",0.008031167765968353,0.024298554389802125,0.005297153207340829,0.6595744680851064,27.14459706137595,1.0,0.005102007440565821,2.866122996479957,0.9709581843197311,0.19595448798988624,0.6510966203375937,0.43878864051231414,2,2,4
"frozenset({'25451555', '23093367'})","frozenset({'19358975', '20898019'})",0.02019753255186084,0.009739926865110557,0.005297153207340829,0.2622673434856176,26.927034167483004,1.0,0.005100430717430015,1.3423020716117422,0.9827109375879024,0.21497919556171985,0.2550112071277146,0.40306349630421234,2,2,4
"frozenset({'19358975', '20898019'})","frozenset({'25451555', '23093367'})",0.009739926865110557,0.02019753255186084,0.005297153207340829,0.543859649122807,26.927034167483008,1.0,0.005100430717430015,2.148028486328613,0.9723330542740601,0.21497919556171985,0.5344568257057013,0.40306349630421234,2,2,4
"frozenset({'19358975', '23093367'})","frozenset({'25451555', '20898019'})",0.024298554389802125,0.008031167765968353,0.005297153207340829,0.2180028129395218,27.144597061375947,1.0,0.005102007440565821,1.2685069059683391,0.9871464888989322,0.19595448798988624,0.21167161542835208,0.43878864051231414,2,2,4
"frozenset({'20898019', '23093367'})","frozenset({'25451555', '19358975'})",0.009500700591230649,0.01777109463107891,0.005297153207340829,0.5575539568345323,31.374204482567794,1.0,0.005128315358072522,2.2199970381508947,0.9774127881416581,0.2410575427682737,0.5495489485729533,0.42781543995572774,2,2,4
frozenset({'25451555'}),"frozenset({'19358975', '20898019', '23093367'})",0.032466422883701856,0.007108437852431564,0.005297153207340829,0.1631578947368421,22.952707489878545,1.0,0.005066367657981272,1.1864741937612455,0.9885260602000134,0.15453639082751744,0.15716666636473814,0.45417510121457494,1,3,4
frozenset({'19358975'}),"frozenset({'25451555', '20898019', '23093367'})",0.04302655411640067,0.00615153275691193,0.005297153207340829,0.12311358220810167,20.01348071661813,1.0,0.005032473950276747,1.1333833516839202,0.9927482138372606,0.1207165109034268,0.11768599872739118,0.4921123466596064,1,3,4
frozenset({'20898019'}),"frozenset({'25451555', '19358975', '23093367'})",0.04692252486244489,0.015207955982365606,0.005297153207340829,0.11289147851420248,7.423185511919278,1.0,0.004583557514651311,1.1101145126734089,0.9078873096070919,0.09320505111244738,0.09919203056649357,0.23060304262788778,1,3,4
frozenset({'23093367'}),"frozenset({'25451555', '19358975', '20898019'})",0.03899388264242507,0.005707255391134957,0.005297153207340829,0.13584574934268184,23.802290248600084,1.0,0.005074605160408565,1.150596370789772,0.996858624328913,0.1344319167389419,0.13088549087496437,0.5319947309587661,1,3,4
"frozenset({'25451555', '19358975', '20898019'})",frozenset({'17131869'}),0.005707255391134957,0.05488534226444756,0.005126277297426609,0.8982035928143713,16.365090491495216,1.0,0.004813032631893553,9.284361637755142,0.9442835865355972,0.09242144177449169,0.8922920025073701,0.49580167187418445,3,1,4
"frozenset({'25451555', '19358975', '17131869'})",frozenset({'20898019'}),0.015139605618399919,0.04692252486244489,0.005126277297426609,0.33860045146726864,7.216160094962671,1.0,0.0044158887763896286,1.4410010972216278,0.8746642144955699,0.0900360144057623,0.3060380023803696,0.2239251346921194,3,1,4
"frozenset({'25451555', '20898019', '17131869'})",frozenset({'19358975'}),0.00580978093708349,0.04302655411640067,0.005126277297426609,0.8823529411764706,20.507171891790872,1.0,0.004876302443532753,8.134274290010593,0.9567953433478854,0.11727912431587179,0.877063403034237,0.5007475587534458,3,1,4
"frozenset({'19358975', '20898019', '17131869'})",frozenset({'25451555'}),0.007996992583985509,0.032466422883701856,0.005126277297426609,0.6410256410256411,19.744264507422404,1.0,0.004866643554397108,2.6952721076811166,0.9570055465600993,0.14506769825918764,0.6289799470895159,0.39946018893387314,3,1,4
"frozenset({'25451555', '19358975'})","frozenset({'20898019', '17131869'})",0.01777109463107891,0.011517036328218449,0.005126277297426609,0.2884615384615385,25.046507646656014,1.0,0.004921606954968265,1.389219300295477,0.9774445333611683,0.21216407355021216,0.28017124453474895,0.36678269801415203,2,2,4
"frozenset({'25451555', '20898019'})","frozenset({'19358975', '17131869'})",0.008031167765968353,0.030620963056628276,0.005126277297426609,0.6382978723404256,20.84512727963526,1.0,0.004880355205963308,2.680047925666969,0.9597349502744666,0.15290519877675843,0.6268723441760335,0.40285429331306993,2,2,4
"frozenset({'25451555', '17131869'})","frozenset({'19358975', '20898019'})",0.018215371996855884,0.009739926865110557,0.005126277297426609,0.28142589118198874,28.894045620618147,1.0,0.004948860906356449,1.3780903889840628,0.9833020050125312,0.22455089820359284,0.27435819305204906,0.4038708403278365,2,2,4
"frozenset({'19358975', '20898019'})","frozenset({'25451555', '17131869'})",0.009739926865110557,0.018215371996855884,0.005126277297426609,0.5263157894736842,28.894045620618147,1.0,0.004948860906356449,2.0726564368955263,0.9748861126449475,0.22455089820359284,0.517527371059227,0.4038708403278365,2,2,4
"frozenset({'19358975', '17131869'})","frozenset({'25451555', '20898019'})",0.030620963056628276,0.008031167765968353,0.005126277297426609,0.1674107142857143,20.84512727963526,1.0,0.004880355205963308,1.1914263722274696,0.9821000058757859,0.15290519877675843,0.16066991355041296,0.40285429331306993,2,2,4
"frozenset({'20898019', '17131869'})","frozenset({'25451555', '19358975'})",0.011517036328218449,0.01777109463107891,0.005126277297426609,0.44510385756676557,25.046507646656018,1.0,0.004921606954968265,1.7701130540605692,0.9712603143871296,0.21216407355021216,0.435064332356603,0.36678269801415203,2,2,4
frozenset({'25451555'}),"frozenset({'19358975', '20898019', '17131869'})",0.032466422883701856,0.007996992583985509,0.005126277297426609,0.15789473684210525,19.744264507422404,1.0,0.004866643554397108,1.1780035713065171,0.9812087174596447,0.14506769825918764,0.15110613893054198,0.39946018893387314,1,3,4
frozenset({'19358975'}),"frozenset({'25451555', '20898019', '17131869'})",0.04302655411640067,0.00580978093708349,0.005126277297426609,0.11914217633042097,20.50717189179087,1.0,0.004876302443532753,1.128661393868541,0.9940051901054687,0.11727912431587179,0.11399467950927943,0.5007475587534458,1,3,4
frozenset({'20898019'}),"frozenset({'25451555', '19358975', '17131869'})",0.04692252486244489,0.015139605618399919,0.005126277297426609,0.10924981791697014,7.216160094962671,1.0,0.0044158887763896286,1.1056527567342085,0.9038322336966915,0.0900360144057623,0.09555690617213072,0.2239251346921194,1,3,4
frozenset({'17131869'}),"frozenset({'25451555', '19358975', '20898019'})",0.05488534226444756,0.005707255391134957,0.005126277297426609,0.09339975093399751,16.365090491495216,1.0,0.004813032631893553,1.0967267498913718,0.9934184294582054,0.09242144177449169,0.08819585179348667,0.49580167187418445,1,3,4
"frozenset({'25451555', '22554204'})",frozenset({'23093367'}),0.0072793137623457845,0.03899388264242507,0.005570554663203582,0.7652582159624414,19.625083836351443,1.0,0.005286705956637281,4.09388605994327,0.9560038556871386,0.13685978169605373,0.7557333092915006,0.45405767940979214,2,1,3
"frozenset({'25451555', '23093367'})",frozenset({'22554204'}),0.02019753255186084,0.039028057824407915,0.005570554663203582,0.27580372250423013,7.066806238350506,1.0,0.004782284194859196,1.3269495743592872,0.8761902418252123,0.10382165605095542,0.24639186045720965,0.20926788577050387,2,1,3
"frozenset({'22554204', '23093367'})",frozenset({'25451555'}),0.008304569221831107,0.032466422883701856,0.005570554663203582,0.6707818930041152,20.66078839072991,1.0,0.005300935006980638,2.938883240490755,0.9595679347745656,0.158252427184466,0.6597346957434712,0.4211804201862681,2,1,3
frozenset({'25451555'}),"frozenset({'22554204', '23093367'})",0.032466422883701856,0.008304569221831107,0.005570554663203582,0.17157894736842105,20.66078839072991,1.0,0.005300935006980638,1.1970910536712331,0.9835308654335185,0.158252427184466,0.16464165617710969,0.4211804201862681,1,2,3
frozenset({'22554204'}),"frozenset({'25451555', '23093367'})",0.039028057824407915,0.02019753255186084,0.005570554663203582,0.14273204903677758,7.066806238350505,1.0,0.004782284194859196,1.1429360754093718,0.893359444970619,0.10382165605095542,0.1250604285617422,0.20926788577050387,1,2,3
frozenset({'23093367'}),"frozenset({'25451555', '22554204'})",0.03899388264242507,0.0072793137623457845,0.005570554663203582,0.14285714285714285,19.62508383635144,1.0,0.005286705956637281,1.1581741339439298,0.9875533428165008,0.13685978169605373,0.13657197938387694,0.45405767940979214,1,2,3
"frozenset({'25451555', '20299683'})",frozenset({'23093367'}),0.007552715218208537,0.03899388264242507,0.005775605755100646,0.7647058823529411,19.61091921431149,1.0,0.005481096064250164,4.084275998769693,0.9562301335028608,0.14165968147527241,0.7551585641368922,0.45641078517296485,2,1,3
"frozenset({'25451555', '23093367'})",frozenset({'20299683'}),0.02019753255186084,0.034482758620689655,0.005775605755100646,0.2859560067681895,8.292724196277495,1.0,0.005079139115381307,1.3521817290406928,0.8975404676351795,0.11809923130677848,0.26045443558133907,0.22672428683305412,2,1,3
"frozenset({'20299683', '23093367'})",frozenset({'25451555'}),0.008783021769590922,0.032466422883701856,0.005775605755100646,0.6575875486381323,20.254388695474095,1.0,0.005490452456132347,2.825637833169189,0.9590513530474065,0.16281310211946048,0.6460976037829956,0.41774114274011875,2,1,3
frozenset({'25451555'}),"frozenset({'20299683', '23093367'})",0.032466422883701856,0.008783021769590922,0.005775605755100646,0.17789473684210524,20.254388695474095,1.0,0.005490452456132347,1.2057056713430072,0.9825271252794666,0.16281310211946048,0.17061018806843337,0.41774114274011875,1,2,3
frozenset({'20299683'}),"frozenset({'25451555', '23093367'})",0.034482758620689655,0.02019753255186084,0.005775605755100646,0.16749256689791872,8.292724196277495,1.0,0.005079139115381307,1.1769293924466337,0.9108199492814877,0.11809923130677848,0.15033135681897455,0.22672428683305412,1,2,3
frozenset({'23093367'}),"frozenset({'25451555', '20299683'})",0.03899388264242507,0.007552715218208537,0.005775605755100646,0.1481156879929886,19.61091921431149,1.0,0.005481096064250164,1.1650024196872675,0.9875150454097822,0.14165968147527241,0.14163268410340354,0.45641078517296485,1,2,3
"frozenset({'25451555', '20299683'})",frozenset({'15704307'}),0.007552715218208537,0.09107685998427942,0.00563890502716927,0.746606334841629,8.197541449831483,1.0,0.004951027440739355,3.587000248990612,0.8846940479171884,0.06063947078280044,0.7212155197699243,0.40426001545083323,2,1,3
"frozenset({'25451555', '15704307'})",frozenset({'20299683'}),0.01978743036806671,0.034482758620689655,0.00563890502716927,0.2849740932642487,8.264248704663213,1.0,0.004956579842063521,1.3503248375812096,0.8967410666176443,0.11595221363316936,0.25943745373797183,0.22425116952607876,2,1,3
"frozenset({'20299683', '15704307'})",frozenset({'25451555'}),0.013909299067017532,0.032466422883701856,0.00563890502716927,0.40540540540540543,12.486913229018493,1.0,0.005187319841643599,1.6272155615137744,0.9328920311453062,0.13842281879194632,0.3854532714339856,0.28954480796586063,2,1,3
frozenset({'25451555'}),"frozenset({'20299683', '15704307'})",0.032466422883701856,0.013909299067017532,0.00563890502716927,0.1736842105263158,12.486913229018493,1.0,0.005187319841643599,1.1933581731036094,0.9507847362038312,0.13842281879194632,0.16202861593576373,0.28954480796586063,1,2,3
frozenset({'20299683'}),"frozenset({'25451555', '15704307'})",0.034482758620689655,0.01978743036806671,0.00563890502716927,0.16352824578790884,8.264248704663213,1.0,0.004956579842063521,1.1718418042163752,0.9103896103896103,0.11595221363316936,0.14664249354996167,0.22425116952607876,1,2,3
frozenset({'15704307'}),"frozenset({'25451555', '20299683'})",0.09107685998427942,0.007552715218208537,0.00563890502716927,0.06191369606003753,8.197541449831485,1.0,0.004951027440739355,1.0579488055773896,0.9659916961766865,0.06063947078280044,0.05477467838886908,0.40426001545083323,1,2,3
"frozenset({'25451555', '20299683'})",frozenset({'17131869'}),0.007552715218208537,0.05488534226444756,0.005126277297426609,0.6787330316742082,12.366380597645707,1.0,0.0047117439376493314,2.941835765627565,0.9261303948576677,0.08944543828264759,0.6600761974261076,0.38606639130410286,2,1,3
"frozenset({'25451555', '17131869'})",frozenset({'20299683'}),0.018215371996855884,0.034482758620689655,0.005126277297426609,0.28142589118198874,8.161350844277674,1.0,0.004498161021672957,1.3436571531466641,0.8937512763389955,0.10775862068965518,0.255762530152774,0.2150439664036802,2,1,3
"frozenset({'20299683', '17131869'})",frozenset({'25451555'}),0.010628481596664503,0.032466422883701856,0.005126277297426609,0.4823151125401929,14.855813166356404,1.0,0.004781208519297656,1.8689623756718554,0.942705814622913,0.135013501350135,0.4649437500631763,0.32010492469114904,2,1,3
frozenset({'25451555'}),"frozenset({'20299683', '17131869'})",0.032466422883701856,0.010628481596664503,0.005126277297426609,0.15789473684210525,14.855813166356404,1.0,0.004781208519297656,1.1748786781039608,0.9639833751309856,0.135013501350135,0.14884828651940732,0.32010492469114904,1,2,3
frozenset({'20299683'}),"frozenset({'25451555', '17131869'})",0.034482758620689655,0.018215371996855884,0.005126277297426609,0.14866204162537167,8.161350844277674,1.0,0.004498161021672957,1.1532254827184778,0.9088095238095236,0.10775862068965518,0.13286688944583683,0.2150439664036802,1,2,3
frozenset({'17131869'}),"frozenset({'25451555', '20299683'})",0.05488534226444756,0.007552715218208537,0.005126277297426609,0.09339975093399751,12.366380597645707,1.0,0.0047117439376493314,1.094691167142553,0.9725122642077985,0.08944543828264759,0.08650034821211092,0.38606639130410286,1,2,3
frozenset({'23093359'}),frozenset({'15704307'}),0.03236389733775332,0.09107685998427942,0.01237141587778955,0.382259767687434,4.197111843265294,1.0,0.009423813731413396,1.471367886486987,0.7872183762439916,0.11138461538461537,0.32036031968348644,0.2590473322489703,1,1,2
frozenset({'15704307'}),frozenset({'23093359'}),0.09107685998427942,0.03236389733775332,0.01237141587778955,0.13583489681050656,4.197111843265294,1.0,0.009423813731413396,1.1197352208401594,0.8380696760780709,0.11138461538461537,0.10693172690443711,0.2590473322489703,1,1,2
frozenset({'23093359'}),frozenset({'17131869'}),0.03236389733775332,0.05488534226444756,0.009944977957007621,0.3072861668426611,5.598692732243528,1.0,0.008168674374613587,1.364365214749342,0.848859270133872,0.1286472148541114,0.26705841721146645,0.24424084182730812,1,1,2
frozenset({'17131869'}),frozenset({'23093359'}),0.05488534226444756,0.03236389733775332,0.009944977957007621,0.18119551681195517,5.598692732243528,1.0,0.008168674374613587,1.1817669816544245,0.8690870140867998,0.1286472148541114,0.15380949415252596,0.24424084182730812,1,1,2
frozenset({'23093359'}),frozenset({'20898019'}),0.03236389733775332,0.04692252486244489,0.008270394039848262,0.2555438225976769,5.446079965790695,1.0,0.006751798262371917,1.2802331474542763,0.8436866789609088,0.11645813282001925,0.21889227599794261,0.21590009775186103,1,1,2
frozenset({'20898019'}),frozenset({'23093359'}),0.04692252486244489,0.03236389733775332,0.008270394039848262,0.17625637290604515,5.446079965790695,1.0,0.006751798262371917,1.1746811396598271,0.8565743197109571,0.11645813282001925,0.14870515390279676,0.21590009775186103,1,1,2
frozenset({'23093359'}),frozenset({'23093367'}),0.03236389733775332,0.03899388264242507,0.00816786849389973,0.25237592397043296,6.472192735581804,1.0,0.006905874479259884,1.2854135496294117,0.8737715097547734,0.1292590589507842,0.22204025289113938,0.23092065260747766,1,1,2
frozenset({'23093367'}),frozenset({'23093359'}),0.03899388264242507,0.03236389733775332,0.00816786849389973,0.20946538124452235,6.472192735581805,1.0,0.006905874479259884,1.2240274868488066,0.8797996631293262,0.1292590589507842,0.18302488241138548,0.23092065260747766,1,1,2
frozenset({'19358975'}),frozenset({'23093359'}),0.04302655411640067,0.03236389733775332,0.007928642220019821,0.18427323272438442,5.693789928984385,1.0,0.006536135239799343,1.1862257577914008,0.8614346204335158,0.11752786220871328,0.15699014843357395,0.21462869661562411,1,1,2
frozenset({'23093359'}),frozenset({'19358975'}),0.03236389733775332,0.04302655411640067,0.007928642220019821,0.2449841605068638,5.693789928984386,1.0,0.006536135239799343,1.2674879066458302,0.8519422279218518,0.11752786220871328,0.21103783731845374,0.21462869661562411,1,1,2
frozenset({'25451555'}),frozenset({'23093359'}),0.032466422883701856,0.03236389733775332,0.007142613034414408,0.21999999999999997,6.797697993664203,1.0,0.006091873057282196,1.2405591059772392,0.8815108807691195,0.12381516587677724,0.1939118457300275,0.22034846884899684,1,1,2
frozenset({'23093359'}),frozenset({'25451555'}),0.03236389733775332,0.032466422883701856,0.007142613034414408,0.22069693769799367,6.797697993664203,1.0,0.006091873057282196,1.2415369885218623,0.8814174805910343,0.12381516587677724,0.19454675193320592,0.22034846884899684,1,1,2
frozenset({'23093359'}),frozenset({'18659623'}),0.03236389733775332,0.044154335121834525,0.005502204299237893,0.17001055966209083,3.8503707324090093,1.0,0.004073197930338085,1.1516359346560086,0.7650445733449687,0.07747834456207893,0.13167002703966676,0.14731178137903303,1,1,2
frozenset({'18659623'}),frozenset({'23093359'}),0.044154335121834525,0.03236389733775332,0.005502204299237893,0.12461300309597523,3.850370732409009,1.0,0.004073197930338085,1.1053809413259263,0.77448146339481,0.07747834456207893,0.09533450178679562,0.14731178137903303,1,1,2
frozenset({'23093359'}),frozenset({'22554204'}),0.03236389733775332,0.039028057824407915,0.007791941492088446,0.24076029567053858,6.16890281227288,1.0,0.0065288414353674076,1.265702961391218,0.8659212044379508,0.12251477700161205,0.20992521112470677,0.22020501648675792,1,1,2
frozenset({'22554204'}),frozenset({'23093359'}),0.039028057824407915,0.03236389733775332,0.007791941492088446,0.19964973730297725,6.16890281227288,1.0,0.0065288414353674076,1.2090157869149736,0.8719262058556897,0.12251477700161205,0.17288094099111453,0.22020501648675792,1,1,2
frozenset({'19351043'}),frozenset({'23093359'}),0.051501999248145997,0.03236389733775332,0.005946481665014866,0.1154611811546118,3.5675919976400174,1.0,0.004279676248658821,1.0939441910817747,0.758777444526998,0.0763157894736842,0.08587658479074296,0.14959965076737983,1,1,2
frozenset({'23093359'}),frozenset({'19351043'}),0.03236389733775332,0.051501999248145997,0.005946481665014866,0.18373812038014783,3.567591997640017,1.0,0.004279676248658821,1.1620020785407577,0.7437701912623544,0.0763157894736842,0.13941634144424248,0.14959965076737983,1,1,2
frozenset({'20299683'}),frozenset({'23093359'}),0.034482758620689655,0.03236389733775332,0.007996992583985509,0.23191278493557976,7.165786694825766,1.0,0.006880996124062981,1.2597997775305896,0.8911782661782662,0.13588850174216027,0.20622306985943348,0.2395044389303031,1,1,2
frozenset({'23093359'}),frozenset({'20299683'}),0.03236389733775332,0.034482758620689655,0.007996992583985509,0.2470960929250264,7.165786694825766,1.0,0.006880996124062981,1.2823910625332495,0.8892268268725145,0.13588850174216027,0.22020666767234878,0.2395044389303031,1,1,2
"frozenset({'23093359', '15704307'})",frozenset({'17131869'}),0.01237141587778955,0.05488534226444756,0.007894467038036977,0.638121546961326,11.626447438129116,1.0,0.0072154576432886764,2.611690886261603,0.9254381845474963,0.1329879101899827,0.617106294906359,0.39097858169984107,2,1,3
"frozenset({'23093359', '17131869'})",frozenset({'15704307'}),0.009944977957007621,0.09107685998427942,0.007894467038036977,0.7938144329896907,8.715873967621516,1.0,0.0069887096730998485,4.408277229076244,0.8941592063442253,0.08477064220183486,0.7731540127730238,0.4402468037368716,2,1,3
"frozenset({'15704307', '17131869'})",frozenset({'23093359'}),0.0422747001127781,0.03236389733775332,0.007894467038036977,0.18674211802748586,5.770075095672929,1.0,0.006526292983602718,1.189826897607554,0.8631828253581038,0.11827956989247312,0.15954160894265254,0.21533515616263416,2,1,3
frozenset({'23093359'}),"frozenset({'15704307', '17131869'})",0.03236389733775332,0.0422747001127781,0.007894467038036977,0.24392819429778248,5.770075095672929,1.0,0.006526292983602718,1.2667120935659206,0.8543418626063255,0.11827956989247312,0.2105546279384604,0.21533515616263416,1,2,3
frozenset({'15704307'}),"frozenset({'23093359', '17131869'})",0.09107685998427942,0.009944977957007621,0.007894467038036977,0.08667917448405252,8.715873967621514,1.0,0.0069887096730998485,1.0840166942253797,0.973973236869913,0.08477064220183486,0.07750498186323303,0.4402468037368716,1,2,3
frozenset({'17131869'}),"frozenset({'23093359', '15704307'})",0.05488534226444756,0.01237141587778955,0.007894467038036977,0.14383561643835616,11.626447438129114,1.0,0.0072154576432886764,1.153550186254742,0.967067007602173,0.1329879101899827,0.13311097174998232,0.39097858169984107,1,2,3
"frozenset({'23093359', '15704307'})",frozenset({'20898019'}),0.01237141587778955,0.04692252486244489,0.0050579269334609205,0.4088397790055248,8.713081408216068,1.0,0.004477428864351695,1.6122151682233408,0.8963187728369915,0.09325771896660365,0.3797353977868854,0.258316466341801,2,1,3
"frozenset({'20898019', '15704307'})",frozenset({'23093359'}),0.015959809985988175,0.03236389733775332,0.0050579269334609205,0.3169164882226981,9.792284437047908,1.0,0.004541405281544349,1.4165707208252951,0.9124411711148532,0.11690363349131122,0.2940698368963894,0.23659974358336594,2,1,3
"frozenset({'23093359', '20898019'})",frozenset({'15704307'}),0.008270394039848262,0.09107685998427942,0.0050579269334609205,0.6115702479338843,6.714880684725474,1.0,0.004304685413478841,2.339993615785153,0.858174467240941,0.05364262413918086,0.572648406707527,0.333552478563565,2,1,3
frozenset({'15704307'}),"frozenset({'23093359', '20898019'})",0.09107685998427942,0.008270394039848262,0.0050579269334609205,0.055534709193245775,6.714880684725474,1.0,0.004304685413478841,1.0500434643956313,0.936357529886632,0.05364262413918086,0.04765846947529428,0.333552478563565,1,2,3
frozenset({'23093359'}),"frozenset({'20898019', '15704307'})",0.03236389733775332,0.015959809985988175,0.0050579269334609205,0.1562829989440338,9.792284437047908,1.0,0.004541405281544349,1.1663154692656685,0.9279095529095529,0.11690363349131122,0.14259904258183556,0.23659974358336594,1,2,3
frozenset({'20898019'}),"frozenset({'23093359', '15704307'})",0.04692252486244489,0.01237141587778955,0.0050579269334609205,0.1077931536780772,8.713081408216068,1.0,0.004477428864351695,1.1069502416324857,0.9288122567490037,0.09325771896660365,0.09661702722496339,0.258316466341801,1,2,3
"frozenset({'23093359', '23093367'})",frozenset({'17131869'}),0.00816786849389973,0.05488534226444756,0.00580978093708349,0.7112970711297072,12.959690908048794,1.0,0.0053614846792248054,3.273658017373871,0.9304373558395862,0.10149253731343284,0.694531317965155,0.40857506109411884,2,1,3
"frozenset({'23093359', '17131869'})",frozenset({'23093367'}),0.009944977957007621,0.03899388264242507,0.00580978093708349,0.584192439862543,14.981643280296117,1.0,0.005421987633746431,2.311180001248383,0.9426260431683892,0.1347068145800317,0.5673205897161405,0.3665922760224196,2,1,3
"frozenset({'23093367', '17131869'})",frozenset({'23093359'}),0.024298554389802125,0.03236389733775332,0.00580978093708349,0.23909985935302394,7.387857428224746,1.0,0.005023385017356119,1.2716992033139694,0.8861755434222726,0.11424731182795698,0.21365052569502133,0.20930705744842326,2,1,3
frozenset({'23093359'}),"frozenset({'23093367', '17131869'})",0.03236389733775332,0.024298554389802125,0.00580978093708349,0.1795142555438226,7.387857428224745,1.0,0.005023385017356119,1.1891753783691859,0.8935619045244714,0.11424731182795698,0.1590811429585917,0.20930705744842326,1,2,3
frozenset({'23093367'}),"frozenset({'23093359', '17131869'})",0.03899388264242507,0.009944977957007621,0.00580978093708349,0.14899211218229624,14.981643280296117,1.0,0.005421987633746431,1.1633911227096336,0.9711193623964522,0.1347068145800317,0.14044384516969866,0.3665922760224196,1,2,3
frozenset({'17131869'}),"frozenset({'23093359', '23093367'})",0.05488534226444756,0.00816786849389973,0.00580978093708349,0.10585305105853052,12.959690908048792,1.0,0.0053614846792248054,1.1092495844002765,0.9764293234921884,0.10149253731343284,0.09848963293445184,0.40857506109411884,1,2,3
"frozenset({'23093359', '15704307'})",frozenset({'23093367'}),0.01237141587778955,0.03899388264242507,0.00580978093708349,0.4696132596685083,12.043254681122017,1.0,0.00532737139822433,1.8118969504345945,0.9284522362874351,0.12753188297074267,0.44809223297155837,0.3093026859254023,2,1,3
"frozenset({'23093359', '23093367'})",frozenset({'15704307'}),0.00816786849389973,0.09107685998427942,0.00580978093708349,0.7112970711297072,7.809855008752856,1.0,0.005065877121894578,3.1482989922283666,0.879137327868919,0.06217995610826628,0.6823681605627299,0.38754346989881233,2,1,3
"frozenset({'15704307', '23093367'})",frozenset({'23093359'}),0.025563036123167356,0.03236389733775332,0.00580978093708349,0.2272727272727273,7.022415282710955,1.0,0.004982461460352023,1.2522349563864368,0.8800967979518115,0.11147540983606558,0.20142781919641425,0.20339349140827495,2,1,3
frozenset({'23093359'}),"frozenset({'15704307', '23093367'})",0.03236389733775332,0.025563036123167356,0.00580978093708349,0.1795142555438226,7.022415282710954,1.0,0.004982461460352023,1.1876342404007214,0.8862824044642227,0.11147540983606558,0.1579899214908215,0.20339349140827495,1,2,3
frozenset({'15704307'}),"frozenset({'23093359', '23093367'})",0.09107685998427942,0.00816786849389973,0.00580978093708349,0.06378986866791746,7.809855008752856,1.0,0.005065877121894578,1.0594118759373776,0.9593293551440729,0.06217995610826628,0.05608005468582223,0.38754346989881233,1,2,3
frozenset({'23093367'}),"frozenset({'23093359', '15704307'})",0.03899388264242507,0.01237141587778955,0.00580978093708349,0.14899211218229624,12.043254681122017,1.0,0.00532737139822433,1.1605398707347498,0.9541728725629655,0.12753188297074267,0.13833205974484133,0.3093026859254023,1,2,3
"frozenset({'23093359', '15704307', '23093367'})",frozenset({'17131869'}),0.00580978093708349,0.05488534226444756,0.005023751751478077,0.8647058823529411,15.75476888140063,1.0,0.0047048799362647865,6.985630078914949,0.941999968665064,0.09023941068139964,0.8568489901836706,0.47811881913412935,3,1,4
"frozenset({'23093359', '15704307', '17131869'})",frozenset({'23093367'}),0.007894467038036977,0.03899388264242507,0.005023751751478077,0.6363636363636365,16.319576129392082,1.0,0.00471591583027237,2.6427668227333316,0.9461935928349984,0.12,0.6216086900297427,0.3825989960959287,3,1,4
"frozenset({'23093359', '23093367', '17131869'})",frozenset({'15704307'}),0.00580978093708349,0.09107685998427942,0.005023751751478077,0.8647058823529411,9.494243460986645,1.0,0.004494615146531988,6.718127556637931,0.8999012481827492,0.0546875,0.8511490007342988,0.45993267851230546,3,1,4
"frozenset({'15704307', '23093367', '17131869'})",frozenset({'23093359'}),0.020402583643757903,0.03236389733775332,0.005023751751478077,0.24623115577889448,7.608204698253677,1.0,0.004363444629006571,1.2837305628652473,0.8866529586995279,0.10522548317823908,0.22102033796871623,0.20072909425692348,3,1,4
"frozenset({'23093359', '15704307'})","frozenset({'23093367', '17131869'})",0.01237141587778955,0.024298554389802125,0.005023751751478077,0.40607734806629836,16.711996176888828,1.0,0.004723144229892746,1.6428089456320543,0.9519395840969005,0.1587473002159827,0.39128648972917535,0.30641420145930953,2,2,4
"frozenset({'23093359', '23093367'})","frozenset({'15704307', '17131869'})",0.00816786849389973,0.0422747001127781,0.005023751751478077,0.6150627615062761,14.549192776422917,1.0,0.004678457560337857,2.488003768185283,0.9389367765574979,0.11060948081264109,0.5980713482884366,0.3669493273982472,2,2,4
"frozenset({'23093359', '17131869'})","frozenset({'15704307', '23093367'})",0.009944977957007621,0.025563036123167356,0.005023751751478077,0.5051546391752577,19.761136225811786,1.0,0.004769527920718988,1.9691746978344327,0.958932181778476,0.16479820627802694,0.4921730402590824,0.35083935167319036,2,2,4
"frozenset({'15704307', '23093367'})","frozenset({'23093359', '17131869'})",0.025563036123167356,0.009944977957007621,0.005023751751478077,0.196524064171123,19.761136225811786,1.0,0.004769527920718988,1.2322149026425262,0.9743017327577753,0.16479820627802694,0.1884532496275882,0.35083935167319036,2,2,4
"frozenset({'15704307', '17131869'})","frozenset({'23093359', '23093367'})",0.0422747001127781,0.00816786849389973,0.005023751751478077,0.11883589329021828,14.549192776422917,1.0,0.004678457560337857,1.1255929785991248,0.9723745050403833,0.11060948081264109,0.11157939058524832,0.3669493273982472,2,2,4
"frozenset({'23093367', '17131869'})","frozenset({'23093359', '15704307'})",0.024298554389802125,0.01237141587778955,0.005023751751478077,0.20675105485232068,16.711996176888828,1.0,0.004723144229892746,1.2450424172178929,0.9635762536187854,0.1587473002159827,0.1968145131677136,0.30641420145930953,2,2,4
frozenset({'23093359'}),"frozenset({'15704307', '23093367', '17131869'})",0.03236389733775332,0.020402583643757903,0.005023751751478077,0.1552270327349525,7.608204698253677,1.0,0.004363444629006571,1.1595984416117016,0.8976132093015211,0.10522548317823908,0.13763250784459408,0.20072909425692348,1,3,4
frozenset({'15704307'}),"frozenset({'23093359', '23093367', '17131869'})",0.09107685998427942,0.00580978093708349,0.005023751751478077,0.055159474671669796,9.494243460986645,1.0,0.004494615146531988,1.0522307123918477,0.9843219736383048,0.0546875,0.04963808010614039,0.45993267851230546,1,3,4
frozenset({'23093367'}),"frozenset({'23093359', '15704307', '17131869'})",0.03899388264242507,0.007894467038036977,0.005023751751478077,0.12883435582822086,16.319576129392082,1.0,0.00471591583027237,1.1388253653014082,0.9768136557610243,0.12,0.1219022420216869,0.3825989960959287,1,3,4
frozenset({'17131869'}),"frozenset({'23093359', '15704307', '23093367'})",0.05488534226444756,0.00580978093708349,0.005023751751478077,0.09153175591531756,15.75476888140063,1.0,0.0047048799362647865,1.0943588017923536,0.990913798171592,0.09023941068139964,0.08622291120408743,0.47811881913412935,1,3,4
"frozenset({'19358975', '23093359'})",frozenset({'17131869'}),0.007928642220019821,0.05488534226444756,0.006493284576740371,0.8189655172413793,14.921388542963886,1.0,0.006058118334802234,5.220633347491624,0.9404385088595615,0.11529126213592235,0.8084523594286748,0.46863593421222144,2,1,3
"frozenset({'19358975', '17131869'})",frozenset({'23093359'}),0.030620963056628276,0.03236389733775332,0.006493284576740371,0.21205357142857142,6.552164259315131,1.0,0.0055022708719925165,1.2280480849651174,0.8741458617458507,0.11494252873563218,0.18569963811441084,0.2063435755770101,2,1,3
"frozenset({'23093359', '17131869'})",frozenset({'19358975'}),0.009944977957007621,0.04302655411640067,0.006493284576740371,0.6529209621993127,15.174837390718102,1.0,0.006065386444486771,2.757220522298291,0.9434843667677998,0.13970588235294118,0.6373159158243729,0.4019171927755896,2,1,3
frozenset({'19358975'}),"frozenset({'23093359', '17131869'})",0.04302655411640067,0.009944977957007621,0.006493284576740371,0.15091342335186655,15.1748373907181,1.0,0.006065386444486771,1.1660236414893614,0.9760996394994342,0.13970588235294118,0.14238445566789668,0.4019171927755896,1,2,3
frozenset({'23093359'}),"frozenset({'19358975', '17131869'})",0.03236389733775332,0.030620963056628276,0.006493284576740371,0.2006335797254488,6.552164259315131,1.0,0.0055022708719925165,1.2126842113413119,0.8757203986869059,0.11494252873563218,0.17538301344425725,0.2063435755770101,1,2,3
frozenset({'17131869'}),"frozenset({'19358975', '23093359'})",0.05488534226444756,0.007928642220019821,0.006493284576740371,0.11830635118306351,14.921388542963886,1.0,0.006058118334802234,1.1251882772561075,0.9871628809865923,0.11529126213592235,0.11125984849521586,0.46863593421222144,1,2,3
"frozenset({'19358975', '23093359'})",frozenset({'15704307'}),0.007928642220019821,0.09107685998427942,0.006083182392946243,0.7672413793103449,8.424108818011257,1.0,0.005361066555608051,3.905003120067541,0.8883363827184051,0.06546524457521147,0.7439182583847196,0.4170165620754351,2,1,3
"frozenset({'19358975', '15704307'})",frozenset({'23093359'}),0.030791838966542497,0.03236389733775332,0.006083182392946243,0.19755826859045506,6.104279300132319,1.0,0.005086638477792429,1.2058646313951373,0.8627460341357506,0.1065868263473054,0.17071952028061402,0.19276012690346406,2,1,3
"frozenset({'23093359', '15704307'})",frozenset({'19358975'}),0.01237141587778955,0.04302655411640067,0.006083182392946243,0.49171270718232046,11.428121941907767,1.0,0.005550882998184032,1.882741235923168,0.9239268416814702,0.12335412335412337,0.4688595644904607,0.3165473782138767,2,1,3
frozenset({'19358975'}),"frozenset({'23093359', '15704307'})",0.04302655411640067,0.01237141587778955,0.006083182392946243,0.1413820492454329,11.428121941907769,1.0,0.005550882998184032,1.1502538273911778,0.9535233839637458,0.12335412335412337,0.1306266702297869,0.3165473782138767,1,2,3
frozenset({'23093359'}),"frozenset({'19358975', '15704307'})",0.03236389733775332,0.030791838966542497,0.006083182392946243,0.1879619852164731,6.104279300132318,1.0,0.005086638477792429,1.193550232117925,0.8641476841170406,0.1065868263473054,0.16216345731379475,0.19276012690346406,1,2,3
frozenset({'15704307'}),"frozenset({'19358975', '23093359'})",0.09107685998427942,0.007928642220019821,0.006083182392946243,0.06679174484052533,8.424108818011257,1.0,0.005361066555608051,1.0630760629206462,0.96960132553514,0.06546524457521147,0.05933353700708297,0.4170165620754351,1,2,3
"frozenset({'19358975', '23093359'})",frozenset({'23093367'}),0.007928642220019821,0.03899388264242507,0.005536379481220738,0.6982758620689655,17.907318141980717,1.0,0.005227210936979508,3.185048846099391,0.9517026183692849,0.1337737407101569,0.6860330725462305,0.4201282903684004,2,1,3
"frozenset({'19358975', '23093367'})",frozenset({'23093359'}),0.024298554389802125,0.03236389733775332,0.005536379481220738,0.2278481012658228,7.040193549249463,1.0,0.004749983561493367,1.2531680673822538,0.8793247713562949,0.10828877005347594,0.20202243735040054,0.1994573135684975,2,1,3
"frozenset({'23093359', '23093367'})",frozenset({'19358975'}),0.00816786849389973,0.04302655411640067,0.005536379481220738,0.6778242677824268,15.753626608087046,1.0,0.005184944245452317,2.970346150210133,0.9442349396924087,0.12125748502994013,0.6633389007778584,0.40324890910964073,2,1,3
frozenset({'19358975'}),"frozenset({'23093359', '23093367'})",0.04302655411640067,0.00816786849389973,0.005536379481220738,0.12867355043685466,15.753626608087046,1.0,0.005184944245452317,1.1383014161952418,0.9786296128759762,0.12125748502994013,0.12149806213675157,0.40324890910964073,1,2,3
frozenset({'23093359'}),"frozenset({'19358975', '23093367'})",0.03236389733775332,0.024298554389802125,0.005536379481220738,0.17106652587117216,7.040193549249464,1.0,0.004749983561493367,1.1770563936214744,0.8866540305934246,0.10828877005347594,0.15042303374838417,0.1994573135684975,1,2,3
frozenset({'23093367'}),"frozenset({'19358975', '23093359'})",0.03899388264242507,0.007928642220019821,0.005536379481220738,0.14198071866783524,17.90731814198072,1.0,0.005227210936979508,1.1562343403748288,0.9824671162390461,0.1337737407101569,0.1351234217141316,0.4201282903684004,1,2,3
"frozenset({'19358975', '23093359', '15704307'})",frozenset({'17131869'}),0.006083182392946243,0.05488534226444756,0.005502204299237893,0.9044943820224718,16.479707417409433,1.0,0.005168326751543977,9.89590641628989,0.9450683340868702,0.09919901417128774,0.8989481147119706,0.5023717240124812,3,1,4
"frozenset({'19358975', '23093359', '17131869'})",frozenset({'15704307'}),0.006493284576740371,0.09107685998427942,0.005502204299237893,0.8473684210526315,9.303882689839044,1.0,0.004910816329004029,5.9550136759650645,0.8983512415843753,0.05976243504083148,0.8320742731396094,0.45389058951318256,3,1,4
"frozenset({'19358975', '15704307', '17131869'})",frozenset({'23093359'}),0.025665561669115888,0.03236389733775332,0.005502204299237893,0.21438082556591212,6.6240732174067105,1.0,0.00467156669626285,1.2316859544056733,0.871400467526922,0.10474951203643462,0.18810473041195713,0.1921956926140015,3,1,4
"frozenset({'23093359', '15704307', '17131869'})",frozenset({'19358975'}),0.007894467038036977,0.04302655411640067,0.005502204299237893,0.696969696969697,16.198594363010567,1.0,0.005162532586005654,3.1580123714158783,0.9457323009180907,0.12114371708051166,0.6833451290275804,0.4124244831155078,3,1,4
"frozenset({'19358975', '23093359'})","frozenset({'15704307', '17131869'})",0.007928642220019821,0.0422747001127781,0.005502204299237893,0.6939655172413793,16.41562247372676,1.0,0.005167023327085045,3.1294685855469786,0.9465875739167665,0.12308868501529052,0.680456929774479,0.41205955732723776,2,2,4
"frozenset({'19358975', '15704307'})","frozenset({'23093359', '17131869'})",0.030791838966542497,0.009944977957007621,0.005502204299237893,0.17869034406215314,17.9678974488064,1.0,0.0051959801394599,1.2054588849469405,0.9743471252485785,0.15615906886517944,0.17044039204703704,0.3659774744365748,2,2,4
"frozenset({'19358975', '17131869'})","frozenset({'23093359', '15704307'})",0.030620963056628276,0.01237141587778955,0.005502204299237893,0.1796875,14.524408667127071,1.0,0.005123379630685915,1.2039662739775518,0.960563768882349,0.14676390154968094,0.16941194980795182,0.31221944060773477,2,2,4
"frozenset({'23093359', '15704307'})","frozenset({'19358975', '17131869'})",0.01237141587778955,0.030620963056628276,0.005502204299237893,0.4447513812154696,14.524408667127071,1.0,0.005123379630685915,1.7458468227537338,0.9428143293659927,0.14676390154968094,0.4272120629559618,0.31221944060773477,2,2,4
"frozenset({'23093359', '17131869'})","frozenset({'19358975', '15704307'})",0.009944977957007621,0.030791838966542497,0.005502204299237893,0.5532646048109965,17.9678974488064,1.0,0.0051959801394599,2.1695351912364313,0.9538310138781391,0.15615906886517944,0.5390717771993854,0.3659774744365748,2,2,4
"frozenset({'15704307', '17131869'})","frozenset({'19358975', '23093359'})",0.0422747001127781,0.007928642220019821,0.005502204299237893,0.1301535974130962,16.41562247372676,1.0,0.005167023327085045,1.1405132616857208,0.9805342093644669,0.12308868501529052,0.12320177801180227,0.41205955732723776,2,2,4
frozenset({'19358975'}),"frozenset({'23093359', '15704307', '17131869'})",0.04302655411640067,0.007894467038036977,0.005502204299237893,0.1278792692613185,16.198594363010567,1.0,0.005162532586005654,1.1375782021849832,0.9804517068656586,0.12114371708051166,0.12093955555823083,0.4124244831155078,1,3,4
frozenset({'23093359'}),"frozenset({'19358975', '15704307', '17131869'})",0.03236389733775332,0.025665561669115888,0.005502204299237893,0.17001055966209083,6.6240732174067105,1.0,0.00467156669626285,1.173911848726905,0.8774326244681976,0.10474951203643462,0.14814728117405965,0.1921956926140015,1,3,4
frozenset({'15704307'}),"frozenset({'19358975', '23093359', '17131869'})",0.09107685998427942,0.006493284576740371,0.005502204299237893,0.06041275797373358,9.303882689839044,1.0,0.004910816329004029,1.0573863404964006,0.9819510055684831,0.05976243504083148,0.05427187613323994,0.45389058951318256,1,3,4
frozenset({'17131869'}),"frozenset({'19358975', '23093359', '15704307'})",0.05488534226444756,0.006083182392946243,0.005502204299237893,0.10024906600249066,16.479707417409433,1.0,0.005168326751543977,1.104657722544587,0.9938681019796942,0.09919901417128774,0.09474221780073855,0.5023717240124812,1,3,4
"frozenset({'25451555', '23093359'})",frozenset({'23093367'}),0.007142613034414408,0.03899388264242507,0.005297153207340829,0.7416267942583733,19.019054887637388,1.0,0.005018634992916618,3.71944960236543,0.95423689668803,0.1297071129707113,0.7311430166000804,0.43873627180052754,2,1,3
"frozenset({'25451555', '23093367'})",frozenset({'23093359'}),0.02019753255186084,0.03236389733775332,0.005297153207340829,0.2622673434856176,8.103700884617378,1.0,0.004643482337356474,1.3116351758563938,0.8946697120739899,0.11207519884309473,0.23759287764825374,0.21297105294661028,2,1,3
"frozenset({'23093359', '23093367'})",frozenset({'25451555'}),0.00816786849389973,0.032466422883701856,0.005297153207340829,0.6485355648535565,19.975578066505175,1.0,0.005031971734759415,2.7528633920332766,0.9577617424823438,0.14990328820116056,0.6367418728826222,0.4058467297951993,2,1,3
frozenset({'25451555'}),"frozenset({'23093359', '23093367'})",0.032466422883701856,0.00816786849389973,0.005297153207340829,0.1631578947368421,19.975578066505175,1.0,0.005031971734759415,1.18520820746012,0.9818148878641723,0.14990328820116056,0.15626638956290873,0.4058467297951993,1,2,3
frozenset({'23093359'}),"frozenset({'25451555', '23093367'})",0.03236389733775332,0.02019753255186084,0.005297153207340829,0.16367476240760298,8.103700884617378,1.0,0.004643482337356474,1.1715567382239744,0.9059186496136643,0.11207519884309473,0.14643485255698885,0.21297105294661028,1,2,3
frozenset({'23093367'}),"frozenset({'25451555', '23093359'})",0.03899388264242507,0.007142613034414408,0.005297153207340829,0.13584574934268184,19.019054887637385,1.0,0.005018634992916618,1.1489353737603785,0.9858638094801083,0.1297071129707113,0.12962902628102072,0.43873627180052754,1,2,3
frozenset({'25451555'}),frozenset({'28862528'}),0.032466422883701856,0.026485766036704144,0.015925634804005332,0.4905263157894737,18.520374872665535,1.0,0.015065736723458907,1.910823393109775,0.977749439358638,0.3701350277998411,0.4766653979609559,0.5459083191850594,1,1,2
frozenset({'28862528'}),frozenset({'25451555'}),0.026485766036704144,0.032466422883701856,0.015925634804005332,0.6012903225806452,18.520374872665535,1.0,0.015065736723458907,2.4266618843531753,0.9717427640834938,0.3701350277998411,0.5879112757950005,0.5459083191850594,1,1,2
frozenset({'15704307'}),frozenset({'28862528'}),0.09107685998427942,0.026485766036704144,0.015344656710296983,0.16848030018761725,6.36116395327725,1.0,0.012932416305395697,1.1707650873249926,0.9272467919719998,0.15011701771982613,0.14585768671592603,0.37391756944864735,1,1,2
frozenset({'28862528'}),frozenset({'15704307'}),0.026485766036704144,0.09107685998427942,0.015344656710296983,0.5793548387096774,6.3611639532772495,1.0,0.012932416305395697,2.160783538380931,0.865725467924149,0.15011701771982613,0.5372049156070037,0.37391756944864735,1,1,2
frozenset({'23093367'}),frozenset({'28862528'}),0.03899388264242507,0.026485766036704144,0.01438775161477735,0.3689745836985101,13.931051991744651,1.0,0.01335496876224738,1.5427496402112786,0.9658813770640249,0.2816053511705686,0.351806687271014,0.45610019507506155,1,1,2
frozenset({'28862528'}),frozenset({'23093367'}),0.026485766036704144,0.03899388264242507,0.01438775161477735,0.543225806451613,13.931051991744651,1.0,0.01335496876224738,2.1038975733110754,0.9534713305848621,0.2816053511705686,0.5246916899921994,0.45610019507506155,1,1,2
frozenset({'17131869'}),frozenset({'28862528'}),0.05488534226444756,0.026485766036704144,0.01414852534089744,0.25778331257783316,9.732900012051582,1.0,0.012694845006836854,1.3116307548196755,0.9493617441264302,0.2104728012201322,0.2375903078473628,0.395988430482465,1,1,2
frozenset({'28862528'}),frozenset({'17131869'}),0.026485766036704144,0.05488534226444756,0.01414852534089744,0.5341935483870969,9.732900012051582,1.0,0.012694845006836854,2.0289857610666298,0.9216667497653734,0.2104728012201322,0.5071429187978608,0.395988430482465,1,1,2
frozenset({'19358975'}),frozenset({'28862528'}),0.04302655411640067,0.026485766036704144,0.013909299067017532,0.3232724384432089,12.205515898434498,1.0,0.012769707821324954,1.438561526478626,0.9593472351132518,0.2501536570374923,0.3048611535942827,0.42421686438289474,1,1,2
frozenset({'28862528'}),frozenset({'19358975'}),0.026485766036704144,0.04302655411640067,0.013909299067017532,0.5251612903225806,12.205515898434497,1.0,0.012769707821324954,2.0153652732602976,0.9430471557130268,0.2501536570374923,0.5038120318594754,0.42421686438289474,1,1,2
frozenset({'20898019'}),frozenset({'28862528'}),0.04692252486244489,0.026485766036704144,0.006254058302860463,0.13328477785870357,5.032317270869065,1.0,0.005011279287502314,1.1232227254047102,0.8407337390153902,0.09312977099236643,0.10970462279447887,0.18470690505838405,1,1,2
frozenset({'28862528'}),frozenset({'20898019'}),0.026485766036704144,0.04692252486244489,0.006254058302860463,0.23612903225806453,5.032317270869065,1.0,0.005011279287502314,1.247694329783117,0.8230844103651338,0.09312977099236643,0.1985216441804083,0.18470690505838405,1,1,2
frozenset({'23093359'}),frozenset({'28862528'}),0.03236389733775332,0.026485766036704144,0.006185707938894775,0.191129883843717,7.216324556323876,1.0,0.005328525325971128,1.2035482761922207,0.8902368349882163,0.11745619727449709,0.1691234828038687,0.21233913547024563,1,1,2
frozenset({'28862528'}),frozenset({'23093359'}),0.026485766036704144,0.03236389733775332,0.006185707938894775,0.23354838709677422,7.216324556323877,1.0,0.005328525325971128,1.2624881810828976,0.8848615371009041,0.11745619727449709,0.20791337694563505,0.21233913547024563,1,1,2
frozenset({'28862528'}),frozenset({'19536001'}),0.026485766036704144,0.027989474043949285,0.005331328389323673,0.20129032258064516,7.191643625192012,1.0,0.004590005728305229,1.216976021996671,0.8843730253457839,0.10848400556328233,0.17829112330469932,0.19588325652841782,1,1,2
frozenset({'19536001'}),frozenset({'28862528'}),0.027989474043949285,0.026485766036704144,0.005331328389323673,0.19047619047619047,7.191643625192012,1.0,0.004590005728305229,1.202576406660542,0.8857411574432178,0.10848400556328233,0.16845200482776837,0.19588325652841782,1,1,2
frozenset({'20299683'}),frozenset({'28862528'}),0.034482758620689655,0.026485766036704144,0.006595810122688903,0.19127849355797819,7.2219354838709675,1.0,0.005682507845561174,1.2037694388100069,0.892301998519615,0.12130735386549339,0.16927613564558028,0.22015537581124717,1,1,2
frozenset({'28862528'}),frozenset({'20299683'}),0.026485766036704144,0.034482758620689655,0.006595810122688903,0.24903225806451612,7.2219354838709675,1.0,0.005682507845561174,1.2856973575068136,0.8849721288414015,0.12130735386549339,0.22221198156682023,0.22015537581124717,1,1,2
frozenset({'22554204'}),frozenset({'28862528'}),0.039028057824407915,0.026485766036704144,0.005775605755100646,0.14798598949211908,5.587378114230835,1.0,0.004741917746696417,1.1426035510648342,0.85436956333722,0.09668192219679635,0.1248058006925822,0.1830252528105757,1,1,2
frozenset({'28862528'}),frozenset({'22554204'}),0.026485766036704144,0.039028057824407915,0.005775605755100646,0.21806451612903227,5.587378114230835,1.0,0.004741917746696417,1.2289657676338017,0.8433622745025379,0.09668192219679635,0.1863076854245035,0.1830252528105757,1,1,2
frozenset({'28204534'}),frozenset({'28862528'}),0.03178291924404497,0.026485766036704144,0.007245138580362941,0.22795698924731186,8.606773499826572,1.0,0.006403343617301704,1.2609585481697287,0.9128246743516503,0.1419959812458138,0.20695251921524935,0.25075268817204305,1,1,2
frozenset({'28862528'}),frozenset({'28204534'}),0.026485766036704144,0.03178291924404497,0.007245138580362941,0.2735483870967742,8.60677349982657,1.0,0.006403343617301704,1.3328032639180554,0.9078577493876503,0.1419959812458138,0.24970171737103208,0.25075268817204305,1,1,2
frozenset({'19351043'}),frozenset({'28862528'}),0.051501999248145997,0.026485766036704144,0.005194627661392297,0.10086264100862641,3.8081828884560225,1.0,0.0038305577588833893,1.0827202587326101,0.7774476794241133,0.07136150234741784,0.07640039803950774,0.14849583663334548,1,1,2
frozenset({'28862528'}),frozenset({'19351043'}),0.026485766036704144,0.051501999248145997,0.005194627661392297,0.19612903225806452,3.8081828884560225,1.0,0.0038305577588833893,1.1799132433108939,0.7574697358259089,0.07136150234741784,0.15248006099672934,0.14849583663334548,1,1,2
"frozenset({'25451555', '15704307'})",frozenset({'28862528'}),0.01978743036806671,0.026485766036704144,0.011585386692184136,0.5854922279792746,22.105920106969748,1.0,0.011061301440987947,2.348603089436451,0.9740369372299115,0.3339901477832512,0.5742149857088238,0.5114557914089921,2,1,3
"frozenset({'25451555', '28862528'})",frozenset({'15704307'}),0.015925634804005332,0.09107685998427942,0.011585386692184136,0.7274678111587982,7.987405486798346,1.0,0.010134929880978975,3.3351038050970527,0.8889601552219663,0.12141833810888251,0.700159257870266,0.42733615698652855,2,1,3
"frozenset({'15704307', '28862528'})",frozenset({'25451555'}),0.015344656710296983,0.032466422883701856,0.011585386692184136,0.755011135857461,23.25513773297386,1.0,0.0110872005784224,3.94929614659289,0.9719124119456946,0.3198113207547169,0.7467903234193483,0.5559266205603095,2,1,3
frozenset({'25451555'}),"frozenset({'15704307', '28862528'})",0.032466422883701856,0.015344656710296983,0.011585386692184136,0.3568421052631579,23.25513773297386,1.0,0.0110872005784224,1.5309698463587853,0.9891116673017326,0.3198113207547169,0.3468192712100952,0.5559266205603095,1,2,3
frozenset({'15704307'}),"frozenset({'25451555', '28862528'})",0.09107685998427942,0.015925634804005332,0.011585386692184136,0.1272045028142589,7.987405486798347,1.0,0.010134929880978975,1.1274970693238717,0.962460808753817,0.12141833810888251,0.11307973456669665,0.42733615698652855,1,2,3
frozenset({'28862528'}),"frozenset({'25451555', '15704307'})",0.026485766036704144,0.01978743036806671,0.011585386692184136,0.4374193548387097,22.105920106969748,1.0,0.011061301440987947,1.7423503244604321,0.9807388693964867,0.3339901477832512,0.42606260867218065,0.5114557914089921,1,2,3
"frozenset({'25451555', '23093367'})",frozenset({'28862528'}),0.02019753255186084,0.026485766036704144,0.011858788148046888,0.587140439932318,22.168150210141366,1.0,0.011323841026359586,2.357979148656999,0.974574231868354,0.34052993130520115,0.575908039488154,0.5174411877080944,2,1,3
"frozenset({'25451555', '28862528'})",frozenset({'23093367'}),0.015925634804005332,0.03899388264242507,0.011858788148046888,0.7446351931330472,19.096205421793243,1.0,0.011237785813493384,3.7632676528456286,0.9629694756684563,0.27539682539682536,0.7342734845756078,0.5243771934113965,2,1,3
"frozenset({'23093367', '28862528'})",frozenset({'25451555'}),0.01438775161477735,0.032466422883701856,0.011858788148046888,0.8242280285035628,25.38709088636079,1.0,0.011391669319775862,5.504481567107584,0.9746326747592802,0.33886718749999994,0.818329848540947,0.5947455931991498,2,1,3
frozenset({'25451555'}),"frozenset({'23093367', '28862528'})",0.032466422883701856,0.01438775161477735,0.011858788148046888,0.3652631578947368,25.38709088636079,1.0,0.011391669319775862,1.5527887826964533,0.9928439949156737,0.33886718749999994,0.3559974085699686,0.5947455931991498,1,2,3
frozenset({'23093367'}),"frozenset({'25451555', '28862528'})",0.03899388264242507,0.015925634804005332,0.011858788148046888,0.3041191936897458,19.096205421793243,1.0,0.011237785813493384,1.414142129330768,0.9860848524848222,0.27539682539682536,0.29285750048812825,0.5243771934113965,1,2,3
frozenset({'28862528'}),"frozenset({'25451555', '23093367'})",0.026485766036704144,0.02019753255186084,0.011858788148046888,0.447741935483871,22.168150210141366,1.0,0.011323841026359586,1.7741750286736164,0.9808693122118132,0.34052993130520115,0.4363577528494436,0.5174411877080944,1,2,3
"frozenset({'15704307', '23093367'})",frozenset({'28862528'}),0.025563036123167356,0.026485766036704144,0.011175284508390008,0.43716577540106955,16.50568742452993,1.0,0.010498227914443981,1.7296642446663786,0.9640591002483871,0.27341137123745823,0.42185311219583993,0.42955062963601864,2,1,3
"frozenset({'15704307', '28862528'})",frozenset({'23093367'}),0.015344656710296983,0.03899388264242507,0.011175284508390008,0.7282850779510023,18.6769059298197,1.0,0.010576936765440387,3.5368175958487806,0.9612073375814782,0.2589073634204276,0.7172599454453868,0.5074378939272979,2,1,3
"frozenset({'23093367', '28862528'})",frozenset({'15704307'}),0.01438775161477735,0.09107685998427942,0.011175284508390008,0.7767220902612827,8.528204534009529,1.0,0.009864893269082341,4.070815339857643,0.8956280989281791,0.11852120333454151,0.7543489653758232,0.4497118894083149,2,1,3
frozenset({'15704307'}),"frozenset({'23093367', '28862528'})",0.09107685998427942,0.01438775161477735,0.011175284508390008,0.12270168855534709,8.528204534009527,1.0,0.009864893269082341,1.1234630632791354,0.9711954569517478,0.11852120333454151,0.10989508005610303,0.4497118894083149,1,2,3
frozenset({'23093367'}),"frozenset({'15704307', '28862528'})",0.03899388264242507,0.015344656710296983,0.011175284508390008,0.28659070990359337,18.6769059298197,1.0,0.010576936765440387,1.3802109910240188,0.9848615153057452,0.2589073634204276,0.27547309324201874,0.5074378939272979,1,2,3
frozenset({'28862528'}),"frozenset({'15704307', '23093367'})",0.026485766036704144,0.025563036123167356,0.011175284508390008,0.4219354838709678,16.50568742452993,1.0,0.010498227914443981,1.6856889442065746,0.9649728682644901,0.27341137123745823,0.4067707429435131,0.42955062963601864,1,2,3
"frozenset({'25451555', '15704307', '23093367'})",frozenset({'28862528'}),0.015310481528314138,0.026485766036704144,0.009637401319162025,0.6294642857142858,23.766134792626733,1.0,0.009231891487493817,2.627315522985281,0.9728176283705667,0.29968119022316686,0.6193833625038867,0.49666762672811066,3,1,4
"frozenset({'25451555', '15704307', '28862528'})",frozenset({'23093367'}),0.011585386692184136,0.03899388264242507,0.009637401319162025,0.8318584070796461,21.333048947903176,1.0,0.009185642110119885,5.715457434810843,0.964296118540403,0.2353923205342237,0.8250358765845492,0.5395050142321982,3,1,4
"frozenset({'25451555', '23093367', '28862528'})",frozenset({'15704307'}),0.011858788148046888,0.09107685998427942,0.009637401319162025,0.8126801152737754,8.92301420376208,1.0,0.008557340131419126,4.85225122439162,0.8985863924173274,0.10329670329670329,0.7939100937368755,0.4592481251791016,3,1,4
"frozenset({'15704307', '23093367', '28862528'})",frozenset({'25451555'}),0.011175284508390008,0.032466422883701856,0.009637401319162025,0.8623853211009175,26.56237566393047,1.0,0.009274579806466954,7.030743993711769,0.9732288745185301,0.28341708542713573,0.8577675419707516,0.5796137131820377,3,1,4
"frozenset({'25451555', '15704307'})","frozenset({'23093367', '28862528'})",0.01978743036806671,0.01438775161477735,0.009637401319162025,0.48704663212435234,33.851476253184494,1.0,0.009352704685931579,1.921446100387353,0.9900497309454963,0.39275766016713093,0.47955865126874736,0.5784401806702522,2,2,4
"frozenset({'25451555', '23093367'})","frozenset({'15704307', '28862528'})",0.02019753255186084,0.015344656710296983,0.009637401319162025,0.4771573604060914,31.09599448294575,1.0,0.009327477115758672,1.8832728410492383,0.9877924882559426,0.3720316622691293,0.4690094933653561,0.5526098606039366,2,2,4
"frozenset({'25451555', '28862528'})","frozenset({'15704307', '23093367'})",0.015925634804005332,0.025563036123167356,0.009637401319162025,0.6051502145922747,23.67286153634298,1.0,0.009230293741382865,2.4678675280793696,0.9732572759996995,0.30257510729613735,0.5947918643841248,0.49107778109292877,2,2,4
"frozenset({'15704307', '23093367'})","frozenset({'25451555', '28862528'})",0.025563036123167356,0.015925634804005332,0.009637401319162025,0.3770053475935829,23.672861536342978,1.0,0.009230293741382865,1.5795871784691071,0.9828830099397239,0.30257510729613735,0.36692319763625036,0.49107778109292877,2,2,4
"frozenset({'15704307', '28862528'})","frozenset({'25451555', '23093367'})",0.015344656710296983,0.02019753255186084,0.009637401319162025,0.6280623608017818,31.09599448294575,1.0,0.009327477115758672,2.6343192088875123,0.9829241509890972,0.3720316622691293,0.6203952821562936,0.5526098606039366,2,2,4
"frozenset({'23093367', '28862528'})","frozenset({'25451555', '15704307'})",0.01438775161477735,0.01978743036806671,0.009637401319162025,0.669833729216152,33.851476253184494,1.0,0.009352704685931579,2.968845264856431,0.9846257414347684,0.39275766016713093,0.6631687033886697,0.5784401806702522,2,2,4
frozenset({'25451555'}),"frozenset({'15704307', '23093367', '28862528'})",0.032466422883701856,0.011175284508390008,0.009637401319162025,0.2968421052631579,26.562375663930467,1.0,0.009274579806466954,1.4062626941871699,0.9946453412214034,0.28341708542713573,0.2888953080149742,0.5796137131820377,1,3,4
frozenset({'15704307'}),"frozenset({'25451555', '23093367', '28862528'})",0.09107685998427942,0.011858788148046888,0.009637401319162025,0.10581613508442778,8.92301420376208,1.0,0.008557340131419126,1.1050760929859234,0.9769035550592047,0.10329670329670329,0.09508493908506056,0.4592481251791016,1,3,4
frozenset({'23093367'}),"frozenset({'25451555', '15704307', '28862528'})",0.03899388264242507,0.011585386692184136,0.009637401319162025,0.24715162138475022,21.333048947903173,1.0,0.009185642110119885,1.3128999694810453,0.9917984473835538,0.2353923205342237,0.23832734919228185,0.5395050142321982,1,3,4
frozenset({'28862528'}),"frozenset({'25451555', '15704307', '23093367'})",0.026485766036704144,0.015310481528314138,0.009637401319162025,0.3638709677419355,23.76613479262673,1.0,0.009231891487493817,1.5479399124047801,0.9839849163182313,0.29968119022316686,0.3539800918716126,0.49666762672811066,1,3,4
"frozenset({'15704307', '17131869'})",frozenset({'28862528'}),0.0422747001127781,0.026485766036704144,0.011995488875978264,0.2837510105092967,10.71333976582262,1.0,0.010875811059519394,1.3591840941451432,0.9466789963507064,0.21131848284166166,0.26426449197895563,0.36832711815787417,2,1,3
"frozenset({'28862528', '17131869'})",frozenset({'15704307'}),0.01414852534089744,0.09107685998427942,0.011995488875978264,0.8478260869565217,9.308907741251325,1.0,0.010706885614521319,5.972923491531878,0.9053858864584415,0.1286656891495601,0.8325777985574817,0.48976670201484623,2,1,3
"frozenset({'15704307', '28862528'})",frozenset({'17131869'}),0.015344656710296983,0.05488534226444756,0.011995488875978264,0.7817371937639198,14.24309590705234,1.0,0.011153292140503162,4.33016817676799,0.9442802005970129,0.20598591549295775,0.7690620873883948,0.500146305474737,2,1,3
frozenset({'17131869'}),"frozenset({'15704307', '28862528'})",0.05488534226444756,0.015344656710296983,0.011995488875978264,0.21855541718555416,14.24309590705234,1.0,0.011153292140503162,1.2600450050384566,0.983785975035297,0.20598591549295775,0.20637755318153894,0.500146305474737,1,2,3
frozenset({'15704307'}),"frozenset({'28862528', '17131869'})",0.09107685998427942,0.01414852534089744,0.011995488875978264,0.13170731707317074,9.308907741251325,1.0,0.010706885614521319,1.1353907432871688,0.982014839324209,0.1286656891495601,0.11924594602135573,0.48976670201484623,1,2,3
frozenset({'28862528'}),"frozenset({'15704307', '17131869'})",0.026485766036704144,0.0422747001127781,0.011995488875978264,0.45290322580645165,10.71333976582262,1.0,0.010875811059519394,1.7505592155957475,0.9313252893959206,0.21131848284166166,0.42875397125044895,0.36832711815787417,1,2,3
"frozenset({'23093367', '17131869'})",frozenset({'28862528'}),0.024298554389802125,0.026485766036704144,0.011551211510201291,0.47538677918424754,17.948764575110022,1.0,0.010907645683602862,1.8556799473134138,0.9678020497621738,0.2944250871080139,0.46111396986976994,0.45575790572115604,2,1,3
"frozenset({'28862528', '17131869'})",frozenset({'23093367'}),0.01414852534089744,0.03899388264242507,0.011551211510201291,0.8164251207729468,20.937261576632075,1.0,0.01099950557349496,5.234954376132052,0.9659043847534318,0.2777321281840591,0.8089763676720197,0.556328248379462,2,1,3
"frozenset({'23093367', '28862528'})",frozenset({'17131869'}),0.01438775161477735,0.05488534226444756,0.011551211510201291,0.8028503562945367,14.627773521503387,1.0,0.010761534838408379,4.793894830200812,0.9452367274249276,0.20011841326228536,0.7914013478768555,0.5066555641995723,2,1,3
frozenset({'17131869'}),"frozenset({'23093367', '28862528'})",0.05488534226444756,0.01438775161477735,0.011551211510201291,0.2104607721046077,14.627773521503386,1.0,0.010761534838408379,1.2483385417245012,0.9857395486868527,0.20011841326228536,0.19893525147548288,0.5066555641995723,1,2,3
frozenset({'23093367'}),"frozenset({'28862528', '17131869'})",0.03899388264242507,0.01414852534089744,0.011551211510201291,0.2962313759859772,20.937261576632075,1.0,0.01099950557349496,1.4008175997335441,0.9908763793379178,0.2777321281840591,0.28613118496639783,0.556328248379462,1,2,3
frozenset({'28862528'}),"frozenset({'23093367', '17131869'})",0.026485766036704144,0.024298554389802125,0.011551211510201291,0.43612903225806454,17.948764575110022,1.0,0.010907645683602862,1.730362975624493,0.9699764277438062,0.2944250871080139,0.42208657138014805,0.45575790572115604,1,2,3
"frozenset({'25451555', '17131869'})",frozenset({'28862528'}),0.018215371996855884,0.026485766036704144,0.011175284508390008,0.6135084427767354,23.163703927858137,1.0,0.01069283642740975,2.5188499354487215,0.974581373583466,0.3333333333333333,0.6029934193670594,0.5177219633238517,2,1,3
"frozenset({'25451555', '28862528'})",frozenset({'17131869'}),0.015925634804005332,0.05488534226444756,0.011175284508390008,0.7017167381974249,12.78513915093079,1.0,0.010301200591393576,3.1685138885235067,0.9367017613170823,0.18739255014326647,0.6843946294122165,0.45266409761676973,2,1,3
"frozenset({'28862528', '17131869'})",frozenset({'25451555'}),0.01414852534089744,0.032466422883701856,0.011175284508390008,0.7898550724637682,24.328367658276125,1.0,0.01071593250149166,4.604125298001696,0.97265738920588,0.3153326904532304,0.7828034783427756,0.5670327993897788,2,1,3
frozenset({'25451555'}),"frozenset({'28862528', '17131869'})",0.032466422883701856,0.01414852534089744,0.011175284508390008,0.34421052631578947,24.328367658276125,1.0,0.01071593250149166,1.503304816895903,0.9910722936816792,0.3153326904532304,0.3347989118634976,0.5670327993897788,1,2,3
frozenset({'17131869'}),"frozenset({'25451555', '28862528'})",0.05488534226444756,0.015925634804005332,0.011175284508390008,0.20361145703611458,12.78513915093079,1.0,0.010301200591393576,1.2356711731859011,0.9753146706608345,0.18739255014326647,0.19072321043006593,0.45266409761676973,1,2,3
frozenset({'28862528'}),"frozenset({'25451555', '17131869'})",0.026485766036704144,0.018215371996855884,0.011175284508390008,0.4219354838709678,23.16370392785814,1.0,0.01069283642740975,1.6983997471036536,0.9828608334025771,0.3333333333333333,0.4112104634345722,0.5177219633238517,1,2,3
"frozenset({'15704307', '23093367', '17131869'})",frozenset({'28862528'}),0.020402583643757903,0.026485766036704144,0.010013328320973309,0.490787269681742,18.53022748149349,1.0,0.00947295026404045,1.9118026239344987,0.9657376652546773,0.2715477293790547,0.47693345145536237,0.43442589290538713,3,1,4
"frozenset({'28862528', '15704307', '17131869'})",frozenset({'23093367'}),0.011995488875978264,0.03899388264242507,0.010013328320973309,0.8347578347578347,21.407404910472394,1.0,0.009545577635504897,5.815743917112219,0.9648611732539374,0.24437030859049202,0.8280529517371622,0.5457750611124844,3,1,4
"frozenset({'28862528', '23093367', '17131869'})",frozenset({'15704307'}),0.011551211510201291,0.09107685998427942,0.010013328320973309,0.8668639053254438,9.517937986389422,1.0,0.008961280247609909,6.827022696118078,0.9053936195658496,0.1081180811808118,0.8535232641648297,0.4884038100736037,3,1,4
"frozenset({'15704307', '23093367', '28862528'})",frozenset({'17131869'}),0.011175284508390008,0.05488534226444756,0.010013328320973309,0.8960244648318042,16.325387213850203,1.0,0.009399969005827746,9.089779208221335,0.9493550226465741,0.17865853658536582,0.889986326720066,0.5392326558281063,3,1,4
"frozenset({'15704307', '17131869'})","frozenset({'23093367', '28862528'})",0.0422747001127781,0.01438775161477735,0.010013328320973309,0.23686337914308814,16.462848781724233,1.0,0.009405090436161457,1.2915279144624157,0.9807166748345397,0.21465201465201464,0.22572327798564154,0.4664126871962472,2,2,4
"frozenset({'23093367', '17131869'})","frozenset({'15704307', '28862528'})",0.024298554389802125,0.015344656710296983,0.010013328320973309,0.4120956399437412,26.85596997860537,1.0,0.009640475345305315,1.674856337509519,0.9867407039921577,0.33794694348327564,0.40293386506989487,0.5323284435798884,2,2,4
"frozenset({'28862528', '17131869'})","frozenset({'15704307', '23093367'})",0.01414852534089744,0.025563036123167356,0.010013328320973309,0.7077294685990337,27.685657728176906,1.0,0.0096516490565944,3.334023992107509,0.977713418244851,0.3371691599539701,0.7000621464130862,0.5497203492727789,2,2,4
"frozenset({'15704307', '23093367'})","frozenset({'28862528', '17131869'})",0.025563036123167356,0.01414852534089744,0.010013328320973309,0.3917112299465241,27.68565772817691,1.0,0.0096516490565944,1.6206964902088106,0.9891663092662721,0.3371691599539701,0.38298132559591086,0.5497203492727789,2,2,4
"frozenset({'15704307', '28862528'})","frozenset({'23093367', '17131869'})",0.015344656710296983,0.024298554389802125,0.010013328320973309,0.6525612472160356,26.85596997860537,1.0,0.009640475345305315,2.808268904352428,0.9777678432242157,0.33794694348327564,0.6439087444759516,0.5323284435798884,2,2,4
"frozenset({'23093367', '28862528'})","frozenset({'15704307', '17131869'})",0.01438775161477735,0.0422747001127781,0.010013328320973309,0.6959619952494062,16.462848781724233,1.0,0.009405090436161457,3.1500183691603154,0.9529682418711214,0.21465201465201464,0.6825415337922093,0.4664126871962472,2,2,4
frozenset({'17131869'}),"frozenset({'15704307', '23093367', '28862528'})",0.05488534226444756,0.011175284508390008,0.010013328320973309,0.18244084682440848,16.325387213850203,1.0,0.009399969005827746,1.2094840008221825,0.9932611905715413,0.17865853658536582,0.17320113426864645,0.5392326558281063,1,3,4
frozenset({'15704307'}),"frozenset({'28862528', '23093367', '17131869'})",0.09107685998427942,0.011551211510201291,0.010013328320973309,0.1099437148217636,9.517937986389423,1.0,0.008961280247609909,1.110546383358058,0.9846104549068684,0.1081180811808118,0.09954233791099211,0.4884038100736037,1,3,4
frozenset({'23093367'}),"frozenset({'28862528', '15704307', '17131869'})",0.03899388264242507,0.011995488875978264,0.010013328320973309,0.25679228746713406,21.407404910472394,1.0,0.009545577635504897,1.3293787113119206,0.9919678705110714,0.24437030859049202,0.24776890776810134,0.5457750611124844,1,3,4
frozenset({'28862528'}),"frozenset({'15704307', '23093367', '17131869'})",0.026485766036704144,0.020402583643757903,0.010013328320973309,0.37806451612903225,18.530227481493487,1.0,0.00947295026404045,1.575078833352879,0.9717722543305507,0.2715477293790547,0.36511114312209086,0.43442589290538713,1,3,4
"frozenset({'25451555', '23093367', '17131869'})",frozenset({'28862528'}),0.015173780800382761,0.026485766036704144,0.010013328320973309,0.6599099099099099,24.915643708224355,1.0,0.009611439112802139,2.8625186747000226,0.9746537554091189,0.31641468682505397,0.6506573009153225,0.518987213019471,3,1,4
"frozenset({'25451555', '28862528', '17131869'})",frozenset({'23093367'}),0.011175284508390008,0.03899388264242507,0.010013328320973309,0.8960244648318042,22.978590591974953,1.0,0.009577560588357438,9.242617658115492,0.9672909818768429,0.2493617021276595,0.8918055428678315,0.5764083761494692,3,1,4
"frozenset({'25451555', '23093367', '28862528'})",frozenset({'17131869'}),0.011858788148046888,0.05488534226444756,0.010013328320973309,0.8443804034582133,15.38444270584731,1.0,0.00936245467462618,6.0732367821154964,0.9462202964611307,0.17650602409638555,0.8353431562318127,0.5134106251413109,3,1,4
"frozenset({'28862528', '23093367', '17131869'})",frozenset({'25451555'}),0.011551211510201291,0.032466422883701856,0.010013328320973309,0.8668639053254438,26.700320772345062,1.0,0.00963830180326403,7.2672522014513055,0.9737957875441666,0.2944723618090452,0.8623964089480347,0.5876424789785113,3,1,4
"frozenset({'25451555', '17131869'})","frozenset({'23093367', '28862528'})",0.018215371996855884,0.01438775161477735,0.010013328320973309,0.549718574108818,38.207399517810266,1.0,0.009751250073111775,2.188880534955515,0.9918947919666439,0.44326777609682294,0.5431454645283676,0.6228402846791121,2,2,4
"frozenset({'25451555', '23093367'})","frozenset({'28862528', '17131869'})",0.02019753255186084,0.01414852534089744,0.010013328320973309,0.49576988155668356,35.040392522294965,1.0,0.009727563019839704,1.9551618171930523,0.9914870998808377,0.4115168539325842,0.48853338316740447,0.6017496750778586,2,2,4
"frozenset({'25451555', '28862528'})","frozenset({'23093367', '17131869'})",0.015925634804005332,0.024298554389802125,0.010013328320973309,0.6287553648068669,25.87624575191805,1.0,0.00962635841749606,2.6281900211234226,0.9769124688053187,0.33144796380090497,0.6195100080425125,0.520425502375304,2,2,4
"frozenset({'23093367', '17131869'})","frozenset({'25451555', '28862528'})",0.024298554389802125,0.015925634804005332,0.010013328320973309,0.4120956399437412,25.87624575191805,1.0,0.00962635841749606,1.6738681187903164,0.9852957807092521,0.33144796380090497,0.40258136900134783,0.520425502375304,2,2,4
"frozenset({'28862528', '17131869'})","frozenset({'25451555', '23093367'})",0.01414852534089744,0.02019753255186084,0.010013328320973309,0.7077294685990337,35.040392522294965,1.0,0.009727563019839704,3.352381996062227,0.9854035134878364,0.4115168539325842,0.7017046383214623,0.6017496750778586,2,2,4
"frozenset({'23093367', '28862528'})","frozenset({'25451555', '17131869'})",0.01438775161477735,0.018215371996855884,0.010013328320973309,0.6959619952494062,38.207399517810266,1.0,0.009751250073111775,3.2291510030415913,0.9880427733570647,0.44326777609682294,0.6903210784946002,0.6228402846791121,2,2,4
frozenset({'25451555'}),"frozenset({'28862528', '23093367', '17131869'})",0.032466422883701856,0.011551211510201291,0.010013328320973309,0.30842105263157893,26.700320772345062,1.0,0.00963830180326403,1.429263849414473,0.9948463693666749,0.2944723618090452,0.3003391218425693,0.5876424789785113,1,3,4
frozenset({'17131869'}),"frozenset({'25451555', '23093367', '28862528'})",0.05488534226444756,0.011858788148046888,0.010013328320973309,0.18244084682440848,15.384442705847311,1.0,0.00936245467462618,1.2086479712370426,0.9892971850253889,0.17650602409638555,0.17262923216881151,0.5134106251413109,1,3,4
frozenset({'23093367'}),"frozenset({'25451555', '28862528', '17131869'})",0.03899388264242507,0.011175284508390008,0.010013328320973309,0.25679228746713406,22.978590591974953,1.0,0.009577560588357438,1.3304823117640647,0.9952915102995936,0.2493617021276595,0.2483928638824846,0.5764083761494692,1,3,4
frozenset({'28862528'}),"frozenset({'25451555', '23093367', '17131869'})",0.026485766036704144,0.015173780800382761,0.010013328320973309,0.37806451612903225,24.915643708224355,1.0,0.009611439112802139,1.58348614082926,0.9859789815918197,0.31641468682505397,0.3684820004320926,0.518987213019471,1,3,4
"frozenset({'25451555', '15704307', '17131869'})",frozenset({'28862528'}),0.01541300707426267,0.026485766036704144,0.0097741020470934,0.6341463414634146,23.942911093627067,1.0,0.009365876747802412,2.660938906166342,0.9732344538488237,0.30425531914893617,0.6241927998862942,0.5015892997639654,3,1,4
"frozenset({'25451555', '28862528', '17131869'})",frozenset({'15704307'}),0.011175284508390008,0.09107685998427942,0.0097741020470934,0.874617737003058,9.603073021555902,1.0,0.008756292224638277,7.249216263052205,0.9059913784977723,0.10569105691056911,0.8620540533330756,0.49096740508689485,3,1,4
"frozenset({'25451555', '15704307', '28862528'})",frozenset({'17131869'}),0.011585386692184136,0.05488534226444756,0.0097741020470934,0.8436578171091444,15.37127732654463,1.0,0.009138234133226899,6.045167339100983,0.9459022410408898,0.17239300783604578,0.834578607356018,0.5108700044449832,3,1,4
"frozenset({'28862528', '15704307', '17131869'})",frozenset({'25451555'}),0.011995488875978264,0.032466422883701856,0.0097741020470934,0.8148148148148148,25.097153996101362,1.0,0.009384651432549148,5.224681316428009,0.9718122071632967,0.2817733990147783,0.8086007663557025,0.5579337231968811,3,1,4
"frozenset({'25451555', '17131869'})","frozenset({'15704307', '28862528'})",0.018215371996855884,0.015344656710296983,0.0097741020470934,0.5365853658536585,34.968873920365034,1.0,0.00949459341695129,2.1247825828883062,0.9894259006101112,0.4109195402298849,0.5293636120451166,0.5867782063121298,2,2,4
"frozenset({'25451555', '15704307'})","frozenset({'28862528', '17131869'})",0.01978743036806671,0.01414852534089744,0.0097741020470934,0.49395509499136436,34.91212568730027,1.0,0.009494139087099564,1.9481501837120148,0.9909653138856124,0.4045261669024044,0.48669255154928803,0.5923881755150058,2,2,4
"frozenset({'25451555', '28862528'})","frozenset({'15704307', '17131869'})",0.015925634804005332,0.0422747001127781,0.0097741020470934,0.6137339055793991,14.517758941923038,1.0,0.009100850611648453,2.4794443874858074,0.9461874815582056,0.20183486238532108,0.5966838356822294,0.42246921633052414,2,2,4
"frozenset({'15704307', '17131869'})","frozenset({'25451555', '28862528'})",0.0422747001127781,0.015925634804005332,0.0097741020470934,0.23120452708164915,14.517758941923038,1.0,0.009100850611648453,1.280021019713402,0.9722191168808355,0.20183486238532108,0.21876282920424156,0.42246921633052414,2,2,4
"frozenset({'28862528', '17131869'})","frozenset({'25451555', '15704307'})",0.01414852534089744,0.01978743036806671,0.0097741020470934,0.6908212560386473,34.912125687300275,1.0,0.009494139087099564,3.170375029903284,0.9852971585560761,0.4045261669024044,0.6845799028291911,0.5923881755150058,2,2,4
"frozenset({'15704307', '28862528'})","frozenset({'25451555', '17131869'})",0.015344656710296983,0.018215371996855884,0.0097741020470934,0.6369710467706012,34.968873920365034,1.0,0.00949459341695129,2.7044251409411753,0.9865412769931721,0.4109195402298849,0.6302356516135673,0.5867782063121298,2,2,4
frozenset({'25451555'}),"frozenset({'28862528', '15704307', '17131869'})",0.032466422883701856,0.011995488875978264,0.0097741020470934,0.30105263157894735,25.097153996101365,1.0,0.009384651432549148,1.4135606710358746,0.9923736678001804,0.2817733990147783,0.2925666223670556,0.5579337231968811,1,3,4
frozenset({'17131869'}),"frozenset({'25451555', '15704307', '28862528'})",0.05488534226444756,0.011585386692184136,0.0097741020470934,0.1780821917808219,15.37127732654463,1.0,0.009138234133226899,1.2025711128578427,0.9892382793485668,0.17239300783604578,0.16844834429495295,0.5108700044449832,1,3,4
frozenset({'15704307'}),"frozenset({'25451555', '28862528', '17131869'})",0.09107685998427942,0.011175284508390008,0.0097741020470934,0.10731707317073169,9.603073021555902,1.0,0.008756292224638277,1.1076998179004374,0.9856352288108944,0.10569105691056911,0.09722834305829751,0.49096740508689485,1,3,4
frozenset({'28862528'}),"frozenset({'25451555', '15704307', '17131869'})",0.026485766036704144,0.01541300707426267,0.0097741020470934,0.3690322580645161,23.942911093627064,1.0,0.009365876747802412,1.5604395082156368,0.9843040305899253,0.30425531914893617,0.35915490813001755,0.5015892997639654,1,3,4
"frozenset({'19358975', '17131869'})",frozenset({'28862528'}),0.030620963056628276,0.026485766036704144,0.011824612966064045,0.3861607142857143,14.57993375576037,1.0,0.011013593302727626,1.5859431884202055,0.9608342529108066,0.26113207547169814,0.36946038969017364,0.41630616359447004,2,1,3
"frozenset({'19358975', '28862528'})",frozenset({'17131869'}),0.013909299067017532,0.05488534226444756,0.011824612966064045,0.8501228501228502,15.489068939878406,1.0,0.011061196326112226,6.305928945874918,0.9486331625312366,0.20755848830233953,0.8414190821712066,0.5327824711386355,2,1,3
"frozenset({'28862528', '17131869'})",frozenset({'19358975'}),0.01414852534089744,0.04302655411640067,0.011824612966064045,0.8357487922705314,19.424023360308198,1.0,0.011215850674816655,5.826279508761916,0.9621300819491954,0.26073850791258485,0.8283638815308914,0.5552850395030179,2,1,3
frozenset({'19358975'}),"frozenset({'28862528', '17131869'})",0.04302655411640067,0.01414852534089744,0.011824612966064045,0.2748212867355044,19.424023360308198,1.0,0.011215850674816655,1.3594600291301318,0.9911637195196215,0.26073850791258485,0.26441382712821415,0.5552850395030179,1,2,3
frozenset({'17131869'}),"frozenset({'19358975', '28862528'})",0.05488534226444756,0.013909299067017532,0.011824612966064045,0.21544209215442092,15.489068939878404,1.0,0.011061196326112226,1.2568743378558491,0.989761752727402,0.20755848830233953,0.20437551322279443,0.5327824711386355,1,2,3
frozenset({'28862528'}),"frozenset({'19358975', '17131869'})",0.026485766036704144,0.030620963056628276,0.011824612966064045,0.4464516129032258,14.57993375576037,1.0,0.011013593302727626,1.7512092159233408,0.9567529166543224,0.26113207547169814,0.42896600194469564,0.41630616359447004,1,2,3
"frozenset({'19358975', '23093367'})",frozenset({'28862528'}),0.024298554389802125,0.026485766036704144,0.011687912238132668,0.4810126582278481,18.161175990200082,1.0,0.011044346411534239,1.8757957191000092,0.9684699050603742,0.29895104895104896,0.46689290853068394,0.46115149040424663,2,1,3
"frozenset({'19358975', '28862528'})",frozenset({'23093367'}),0.013909299067017532,0.03899388264242507,0.011687912238132668,0.8402948402948403,21.54940168437101,1.0,0.011145534662674993,6.017376765608198,0.9670459303685381,0.2835820895522388,0.8338146273779274,0.5700159565190239,2,1,3
"frozenset({'23093367', '28862528'})",frozenset({'19358975'}),0.01438775161477735,0.04302655411640067,0.011687912238132668,0.8123515439429928,18.880237114627413,1.0,0.011068856864666118,5.0998205154050025,0.9608591665247259,0.2556053811659193,0.8039146677850122,0.5419978529881764,2,1,3
frozenset({'19358975'}),"frozenset({'23093367', '28862528'})",0.04302655411640067,0.01438775161477735,0.011687912238132668,0.27164416203335984,18.880237114627416,1.0,0.011068856864666118,1.3532015493097005,0.9896142547879828,0.2556053811659193,0.26101178312268175,0.5419978529881764,1,2,3
frozenset({'23093367'}),"frozenset({'19358975', '28862528'})",0.03899388264242507,0.013909299067017532,0.011687912238132668,0.2997370727432077,21.54940168437101,1.0,0.011145534662674993,1.408172077302294,0.992288167669054,0.2835820895522388,0.2898595163768975,0.5700159565190239,1,2,3
frozenset({'28862528'}),"frozenset({'19358975', '23093367'})",0.026485766036704144,0.024298554389802125,0.011687912238132668,0.4412903225806452,18.161175990200086,1.0,0.011044346411534239,1.7463478529974676,0.9706457835243166,0.29895104895104896,0.4273763968137394,0.46115149040424663,1,2,3
"frozenset({'19358975', '15704307'})",frozenset({'28862528'}),0.030791838966542497,0.026485766036704144,0.01127781005433854,0.3662597114317425,13.828548924134475,1.0,0.010462264611630825,1.536140673907057,0.9571585032269093,0.24517087667161963,0.34901795324735724,0.39603308152232286,2,1,3
"frozenset({'19358975', '28862528'})",frozenset({'15704307'}),0.013909299067017532,0.09107685998427942,0.01127781005433854,0.8108108108108109,8.902489731758024,1.0,0.010010994770732315,4.804308025797382,0.9001929253020956,0.12035010940919039,0.79185347928768,0.467319101465443,2,1,3
"frozenset({'15704307', '28862528'})",frozenset({'19358975'}),0.015344656710296983,0.04302655411640067,0.01127781005433854,0.734966592427617,17.0816977450552,1.0,0.010617582351995357,3.6107653546364387,0.9561292853566906,0.23947750362844705,0.7230504057218948,0.49853969017727157,2,1,3
frozenset({'19358975'}),"frozenset({'15704307', '28862528'})",0.04302655411640067,0.015344656710296983,0.01127781005433854,0.26211278792692616,17.0816977450552,1.0,0.010617582351995357,1.334425271476573,0.9837867641488812,0.23947750362844705,0.2506137126034217,0.49853969017727157,1,2,3
frozenset({'15704307'}),"frozenset({'19358975', '28862528'})",0.09107685998427942,0.013909299067017532,0.01127781005433854,0.12382739212007506,8.902489731758024,1.0,0.010010994770732315,1.125452555882826,0.9766192911214718,0.12035010940919039,0.11146854234510004,0.467319101465443,1,2,3
frozenset({'28862528'}),"frozenset({'19358975', '15704307'})",0.026485766036704144,0.030791838966542497,0.01127781005433854,0.42580645161290326,13.828548924134475,1.0,0.010462264611630825,1.6879467973054596,0.9529247753814207,0.24517087667161963,0.4075642658901679,0.39603308152232286,1,2,3
"frozenset({'25451555', '19358975'})",frozenset({'28862528'}),0.01777109463107891,0.026485766036704144,0.011106934144424319,0.625,23.59758064516129,1.0,0.010636253089809434,2.5960379572354557,0.9749486795866533,0.3350515463917526,0.6147976198834515,0.5221774193548387,2,1,3
"frozenset({'25451555', '28862528'})",frozenset({'19358975'}),0.015925634804005332,0.04302655411640067,0.011106934144424319,0.6974248927038627,16.20917377713084,1.0,0.010421708956691748,3.1627633034167184,0.9534914982569089,0.23214285714285712,0.6838207908509294,0.47778313737655403,2,1,3
"frozenset({'19358975', '28862528'})",frozenset({'25451555'}),0.013909299067017532,0.032466422883701856,0.011106934144424319,0.7985257985257985,24.595435148066727,1.0,0.010655348958898648,4.802270315686992,0.9728740449264467,0.31492248062015504,0.7917651580892018,0.5703155308418466,2,1,3
frozenset({'25451555'}),"frozenset({'19358975', '28862528'})",0.032466422883701856,0.013909299067017532,0.011106934144424319,0.3421052631578947,24.595435148066723,1.0,0.010655348958898648,1.4988578654181333,0.9915335979763235,0.31492248062015504,0.3328253311590475,0.5703155308418466,1,2,3
frozenset({'19358975'}),"frozenset({'25451555', '28862528'})",0.04302655411640067,0.015925634804005332,0.011106934144424319,0.2581413820492454,16.209173777130836,1.0,0.010421708956691748,1.3264985286742583,0.9804938108816402,0.23214285714285712,0.24613561313224414,0.47778313737655403,1,2,3
frozenset({'28862528'}),"frozenset({'25451555', '19358975'})",0.026485766036704144,0.01777109463107891,0.011106934144424319,0.41935483870967744,23.597580645161294,1.0,0.010636253089809434,1.6916164481353642,0.9836761918135225,0.3350515463917526,0.40884944627827396,0.5221774193548387,1,2,3
"frozenset({'19358975', '23093367', '17131869'})",frozenset({'28862528'}),0.020026656641946618,0.026485766036704144,0.010423430504767437,0.5204778156996587,19.651227567984147,1.0,0.009893009162451432,2.030175591112069,0.9685085826175197,0.28882575757575757,0.5074317687701928,0.45701310139821644,3,1,4
"frozenset({'28862528', '19358975', '17131869'})",frozenset({'23093367'}),0.011824612966064045,0.03899388264242507,0.010423430504767437,0.8815028901734103,22.60618410987218,1.0,0.009962342934476637,8.109954063554163,0.9672010953529707,0.25803722504230114,0.876694739308825,0.574406133956118,3,1,4
"frozenset({'19358975', '23093367', '28862528'})",frozenset({'17131869'}),0.011687912238132668,0.05488534226444756,0.010423430504767437,0.891812865497076,16.24865271314442,1.0,0.009781935441220701,8.73592467420429,0.949554748452291,0.18563603164942177,0.8855301485196145,0.5408628461981021,3,1,4
"frozenset({'28862528', '23093367', '17131869'})",frozenset({'19358975'}),0.011551211510201291,0.04302655411640067,0.010423430504767437,0.9023668639053254,20.97232470590447,1.0,0.00992642167761377,9.801728021474437,0.963447094971782,0.23606811145510836,0.8979771732281168,0.572311311221924,3,1,4
"frozenset({'19358975', '17131869'})","frozenset({'23093367', '28862528'})",0.030620963056628276,0.01438775161477735,0.010423430504767437,0.3404017857142857,23.65913694010858,1.0,0.009982863694103396,1.494261547467275,0.9879861177334107,0.3013833992094862,0.3307731155265504,0.53243367195453,2,2,4
"frozenset({'19358975', '23093367'})","frozenset({'28862528', '17131869'})",0.024298554389802125,0.01414852534089744,0.010423430504767437,0.42897327707454286,30.319292416614005,1.0,0.010079641792236147,1.726454183454734,0.9910999971289942,0.37195121951219506,0.4207781419377474,0.5828441264599767,2,2,4
"frozenset({'19358975', '28862528'})","frozenset({'23093367', '17131869'})",0.013909299067017532,0.024298554389802125,0.010423430504767437,0.7493857493857493,30.840754448349383,1.0,0.010085454644863488,3.8932400819936315,0.9812235028356441,0.37515375153751535,0.7431445328468095,0.5891795132301461,2,2,4
"frozenset({'23093367', '17131869'})","frozenset({'19358975', '28862528'})",0.024298554389802125,0.013909299067017532,0.010423430504767437,0.42897327707454286,30.840754448349383,1.0,0.010085454644863488,1.7268731240476614,0.9916715569463983,0.37515375153751535,0.4209186615539682,0.5891795132301461,2,2,4
"frozenset({'28862528', '17131869'})","frozenset({'19358975', '23093367'})",0.01414852534089744,0.024298554389802125,0.010423430504767437,0.7367149758454106,30.319292416614008,1.0,0.010079641792236147,3.7058752154368975,0.9808959308778309,0.37195121951219506,0.7301582104452735,0.5828441264599767,2,2,4
"frozenset({'23093367', '28862528'})","frozenset({'19358975', '17131869'})",0.01438775161477735,0.030620963056628276,0.010423430504767437,0.7244655581947742,23.65913694010858,1.0,0.009982863694103396,3.51817736683758,0.9717138082353743,0.3013833992094862,0.7157619142724233,0.53243367195453,2,2,4
frozenset({'19358975'}),"frozenset({'28862528', '23093367', '17131869'})",0.04302655411640067,0.011551211510201291,0.010423430504767437,0.24225575853852263,20.97232470590447,1.0,0.00992642167761377,1.3044622900510028,0.9951353591839459,0.23606811145510836,0.2334006068041251,0.572311311221924,1,3,4
frozenset({'17131869'}),"frozenset({'19358975', '23093367', '28862528'})",0.05488534226444756,0.011687912238132668,0.010423430504767437,0.18991282689912825,16.24865271314442,1.0,0.009781935441220701,1.2200070814339423,0.9929551173564204,0.18563603164942177,0.1803326265740652,0.5408628461981021,1,3,4
frozenset({'23093367'}),"frozenset({'28862528', '19358975', '17131869'})",0.03899388264242507,0.011824612966064045,0.010423430504767437,0.26730937773882557,22.60618410987218,1.0,0.009962342934476637,1.3486939193848335,0.9945455075437819,0.25803722504230114,0.25854192294711315,0.574406133956118,1,3,4
frozenset({'28862528'}),"frozenset({'19358975', '23093367', '17131869'})",0.026485766036704144,0.020026656641946618,0.010423430504767437,0.3935483870967742,19.651227567984147,1.0,0.009893009162451432,1.6159134917074285,0.974934480325682,0.28882575757575757,0.3811549905785077,0.45701310139821644,1,3,4
"frozenset({'19358975', '15704307', '17131869'})",frozenset({'28862528'}),0.025665561669115888,0.026485766036704144,0.010320904958818905,0.4021304926764314,15.182890769296852,1.0,0.009641132897250099,1.6283055450031965,0.9587430691217906,0.24673202614379083,0.3858646474129418,0.39590395601563505,3,1,4
"frozenset({'28862528', '19358975', '17131869'})",frozenset({'15704307'}),0.011824612966064045,0.09107685998427942,0.010320904958818905,0.8728323699421965,9.58347016017959,1.0,0.009243956339340395,7.147441055578164,0.9063711518002642,0.11148025101513473,0.8600897870686799,0.493076597729072,3,1,4
"frozenset({'19358975', '15704307', '28862528'})",frozenset({'17131869'}),0.01127781005433854,0.05488534226444756,0.010320904958818905,0.915151515151515,16.67387825955696,1.0,0.009701918493993107,11.138851323311854,0.950748309348047,0.18482252141982863,0.9102241361362676,0.5515981735159817,3,1,4
"frozenset({'28862528', '15704307', '17131869'})",frozenset({'19358975'}),0.011995488875978264,0.04302655411640067,0.010320904958818905,0.8603988603988604,19.996926969127127,1.0,0.009804780407543944,6.855054683778435,0.9615262942083332,0.23088685015290517,0.8541222432015947,0.5501358877053872,3,1,4
"frozenset({'19358975', '17131869'})","frozenset({'15704307', '28862528'})",0.030620963056628276,0.015344656710296983,0.010320904958818905,0.3370535714285714,21.96553352688514,1.0,0.009851036792576259,1.4852713595750402,0.9846242746225586,0.28954937679769893,0.3267223571279823,0.5048296810372255,2,2,4
"frozenset({'19358975', '15704307'})","frozenset({'28862528', '17131869'})",0.030791838966542497,0.01414852534089744,0.010320904958818905,0.33518312985571586,23.69032261523696,1.0,0.009885245844907945,1.4828917840865634,0.9882177117290465,0.29812438302073047,0.32564195800977924,0.5323258644447662,2,2,4
"frozenset({'19358975', '28862528'})","frozenset({'15704307', '17131869'})",0.013909299067017532,0.0422747001127781,0.010320904958818905,0.7420147420147419,17.552217757553247,1.0,0.009732893511981795,3.712325686229516,0.956329008752445,0.22503725782414308,0.7306270827181475,0.49307689404698296,2,2,4
"frozenset({'15704307', '17131869'})","frozenset({'19358975', '28862528'})",0.0422747001127781,0.013909299067017532,0.010320904958818905,0.24413904607922393,17.552217757553247,1.0,0.009732893511981795,1.3045927241220312,0.9846530551863777,0.22503725782414308,0.2334772519347117,0.49307689404698296,2,2,4
"frozenset({'28862528', '17131869'})","frozenset({'19358975', '15704307'})",0.01414852534089744,0.030791838966542497,0.010320904958818905,0.7294685990338163,23.69032261523696,1.0,0.009885245844907945,3.582608738105815,0.9715344508834804,0.29812438302073047,0.7208737897153914,0.5323258644447662,2,2,4
"frozenset({'15704307', '28862528'})","frozenset({'19358975', '17131869'})",0.015344656710296983,0.030620963056628276,0.010320904958818905,0.6726057906458797,21.96553352688514,1.0,0.009851036792576259,2.9608924325685293,0.9693484502869941,0.28954937679769893,0.6622639887216317,0.5048296810372255,2,2,4
frozenset({'19358975'}),"frozenset({'28862528', '15704307', '17131869'})",0.04302655411640067,0.011995488875978264,0.010320904958818905,0.2398729150119142,19.996926969127127,1.0,0.009804780407543944,1.2997885888246012,0.9927049912707275,0.23088685015290517,0.23064411505235632,0.5501358877053872,1,3,4
frozenset({'17131869'}),"frozenset({'19358975', '15704307', '28862528'})",0.05488534226444756,0.01127781005433854,0.010320904958818905,0.18804483188044832,16.673878259556965,1.0,0.009701918493993107,1.2177053965128315,0.9946157778972463,0.18482252141982863,0.17878330599197395,0.5515981735159817,1,3,4
frozenset({'15704307'}),"frozenset({'28862528', '19358975', '17131869'})",0.09107685998427942,0.011824612966064045,0.010320904958818905,0.11332082551594745,9.58347016017959,1.0,0.009243956339340395,1.114467797903275,0.9854008818733884,0.11148025101513473,0.10271072714584605,0.493076597729072,1,3,4
frozenset({'28862528'}),"frozenset({'19358975', '15704307', '17131869'})",0.026485766036704144,0.025665561669115888,0.010320904958818905,0.3896774193548387,15.18289076929685,1.0,0.009641132897250099,1.5964253482165647,0.959550828500395,0.24673202614379083,0.37360052499971713,0.39590395601563505,1,3,4
"frozenset({'19358975', '15704307', '23093367'})",frozenset({'28862528'}),0.01927480263832405,0.026485766036704144,0.009876627593041932,0.5124113475177304,19.34666895447266,1.0,0.009366119679959633,1.9965891925647228,0.9669492717913076,0.2752380952380952,0.49914584145602436,0.44265728666209103,3,1,4
"frozenset({'19358975', '15704307', '28862528'})",frozenset({'23093367'}),0.01127781005433854,0.03899388264242507,0.009876627593041932,0.8757575757575756,22.45884524473481,1.0,0.009436861991319493,7.734927286048765,0.9663726807812264,0.24450084602368863,0.8707163024268286,0.5645220832337396,3,1,4
"frozenset({'19358975', '23093367', '28862528'})",frozenset({'15704307'}),0.011687912238132668,0.09107685998427942,0.009876627593041932,0.8450292397660818,9.278199093731827,1.0,0.008812129246620977,5.865126677082571,0.9027719829793058,0.10632818248712286,0.8295006987815957,0.4767360082507707,3,1,4
"frozenset({'15704307', '23093367', '28862528'})",frozenset({'19358975'}),0.011175284508390008,0.04302655411640067,0.009876627593041932,0.8837920489296635,20.540618859198478,1.0,0.009395793609375515,8.235008336945699,0.9620673514690276,0.22282189668465688,0.878567214617916,0.556669654329804,3,1,4
"frozenset({'19358975', '15704307'})","frozenset({'23093367', '28862528'})",0.030791838966542497,0.01438775161477735,0.009876627593041932,0.32075471698113206,22.293595661721863,1.0,0.009433602262229097,1.4510402545671333,0.9854890898531486,0.2797676669893514,0.31083924318949047,0.5036077622910411,2,2,4
"frozenset({'19358975', '23093367'})","frozenset({'15704307', '28862528'})",0.024298554389802125,0.015344656710296983,0.009876627593041932,0.40646976090014064,26.489335576167072,1.0,0.00950377461737394,1.6589809219881015,0.9862124967427994,0.33180252583237657,0.39722031353946324,0.5250611610736783,2,2,4
"frozenset({'19358975', '28862528'})","frozenset({'15704307', '23093367'})",0.013909299067017532,0.025563036123167356,0.009876627593041932,0.71007371007371,27.777362072816615,1.0,0.009521063678543825,3.3609817313378882,0.9775971523980771,0.33371824480369516,0.7024678858929901,0.5482186732186731,2,2,4
"frozenset({'15704307', '23093367'})","frozenset({'19358975', '28862528'})",0.025563036123167356,0.013909299067017532,0.009876627593041932,0.38636363636363635,27.77736207281662,1.0,0.009521063678543825,1.606962623742638,0.9892886835932422,0.33371824480369516,0.37770799069925703,0.5482186732186731,2,2,4
"frozenset({'15704307', '28862528'})","frozenset({'19358975', '23093367'})",0.015344656710296983,0.024298554389802125,0.009876627593041932,0.6436525612472159,26.48933557616707,1.0,0.00950377461737394,2.738062181743617,0.9772444391922436,0.33180252583237657,0.6347781994625143,0.5250611610736783,2,2,4
"frozenset({'23093367', '28862528'})","frozenset({'19358975', '15704307'})",0.01438775161477735,0.030791838966542497,0.009876627593041932,0.6864608076009501,22.293595661721863,1.0,0.009433602262229097,3.091186634811254,0.9690870522966469,0.2797676669893514,0.6764996365025177,0.5036077622910411,2,2,4
frozenset({'19358975'}),"frozenset({'15704307', '23093367', '28862528'})",0.04302655411640067,0.011175284508390008,0.009876627593041932,0.2295472597299444,20.540618859198478,1.0,0.009395793609375515,1.2834333162927185,0.9940881632527978,0.22282189668465688,0.22083992420536058,0.556669654329804,1,3,4
frozenset({'15704307'}),"frozenset({'19358975', '23093367', '28862528'})",0.09107685998427942,0.011687912238132668,0.009876627593041932,0.10844277673545966,9.278199093731827,1.0,0.008812129246620977,1.1085234486049564,0.981623664302096,0.10632818248712286,0.09789910059325305,0.4767360082507707,1,3,4
frozenset({'23093367'}),"frozenset({'19358975', '15704307', '28862528'})",0.03899388264242507,0.01127781005433854,0.009876627593041932,0.25328659070990356,22.45884524473481,1.0,0.009436861991319493,1.324098613530516,0.9942435287226764,0.24450084602368863,0.24476924167026679,0.5645220832337396,1,3,4
frozenset({'28862528'}),"frozenset({'19358975', '15704307', '23093367'})",0.026485766036704144,0.01927480263832405,0.009876627593041932,0.3729032258064516,19.34666895447266,1.0,0.009366119679959633,1.5639136377681044,0.974111607547397,0.2752380952380952,0.36057850264217794,0.44265728666209103,1,3,4
"frozenset({'25451555', '19358975', '23093367'})",frozenset({'28862528'}),0.015207955982365606,0.026485766036704144,0.010081678684938998,0.6629213483146068,25.029343965204788,1.0,0.009678884320893567,2.888092227424445,0.9748727166640001,0.318918918918919,0.6537506695581587,0.5217832548024647,3,1,4
"frozenset({'25451555', '19358975', '28862528'})",frozenset({'23093367'}),0.011106934144424319,0.03899388264242507,0.010081678684938998,0.9076923076923078,23.277812984561454,1.0,0.009648576198394172,10.410899604707074,0.9677898155133714,0.2519214346712212,0.9039468213152425,0.5831187217690286,3,1,4
"frozenset({'25451555', '23093367', '28862528'})",frozenset({'19358975'}),0.011858788148046888,0.04302655411640067,0.010081678684938998,0.8501440922190203,19.758591169516087,1.0,0.009571435894932128,6.385957417723255,0.9607828241084314,0.22501906941266211,0.8434064096286249,0.5422285195010907,3,1,4
"frozenset({'19358975', '23093367', '28862528'})",frozenset({'25451555'}),0.011687912238132668,0.032466422883701856,0.010081678684938998,0.8625730994152048,26.5681594336719,1.0,0.009702213983588188,7.040350710080302,0.9737419712921127,0.2958876629889669,0.8579616213481794,0.5865497076023393,3,1,4
"frozenset({'25451555', '19358975'})","frozenset({'23093367', '28862528'})",0.01777109463107891,0.01438775161477735,0.010081678684938998,0.5673076923076924,39.42990590169926,1.0,0.009825992589464332,2.277859418490293,0.9922723045504592,0.4566563467492261,0.5609913448202284,0.6340101406906633,2,2,4
"frozenset({'25451555', '23093367'})","frozenset({'19358975', '28862528'})",0.02019753255186084,0.013909299067017532,0.010081678684938998,0.49915397631133673,35.8863501249288,1.0,0.009800745164259344,1.968850014362813,0.9921737125560883,0.4196301564722618,0.49208929440791654,0.6119848505635308,2,2,4
"frozenset({'25451555', '28862528'})","frozenset({'19358975', '23093367'})",0.015925634804005332,0.024298554389802125,0.010081678684938998,0.6330472103004292,26.05287541575367,1.0,0.00969470878146175,2.658929085697966,0.9771787121704864,0.33446712018140595,0.623908736273235,0.5239778948829854,2,2,4
"frozenset({'19358975', '23093367'})","frozenset({'25451555', '28862528'})",0.024298554389802125,0.015925634804005332,0.010081678684938998,0.41490857946554155,26.05287541575367,1.0,0.00969470878146175,1.6819155616691162,0.9855643088248389,0.33446712018140595,0.4054398313506238,0.5239778948829854,2,2,4
"frozenset({'19358975', '28862528'})","frozenset({'25451555', '23093367'})",0.013909299067017532,0.02019753255186084,0.010081678684938998,0.7248157248157249,35.88635012492881,1.0,0.009800745164259344,3.5605321808160064,0.9858466881189107,0.4196301564722618,0.7191431086094497,0.6119848505635308,2,2,4
"frozenset({'23093367', '28862528'})","frozenset({'25451555', '19358975'})",0.01438775161477735,0.01777109463107891,0.010081678684938998,0.7007125890736342,39.42990590169926,1.0,0.009825992589464332,3.2818918187326647,0.9888660993441314,0.4566563467492261,0.6952976955876139,0.6340101406906633,2,2,4
frozenset({'25451555'}),"frozenset({'19358975', '23093367', '28862528'})",0.032466422883701856,0.011687912238132668,0.010081678684938998,0.3105263157894737,26.5681594336719,1.0,0.009702213983588188,1.4334297456088154,0.9946538118680587,0.2958876629889669,0.3023725068749193,0.5865497076023393,1,3,4
frozenset({'19358975'}),"frozenset({'25451555', '23093367', '28862528'})",0.04302655411640067,0.011858788148046888,0.010081678684938998,0.23431294678316125,19.758591169516087,1.0,0.009571435894932128,1.290528823362665,0.9920746581055349,0.22501906941266211,0.22512385473549426,0.5422285195010907,1,3,4
frozenset({'23093367'}),"frozenset({'25451555', '19358975', '28862528'})",0.03899388264242507,0.011106934144424319,0.010081678684938998,0.25854513584574934,23.27781298456145,1.0,0.009648576198394172,1.3337198441385483,0.995873616703233,0.2519214346712212,0.2502173493220373,0.5831187217690286,1,3,4
frozenset({'28862528'}),"frozenset({'25451555', '19358975', '23093367'})",0.026485766036704144,0.015207955982365606,0.010081678684938998,0.3806451612903226,25.029343965204788,1.0,0.009678884320893567,1.5900288210701388,0.9861662642487479,0.318918918918919,0.3710805824721033,0.5217832548024647,1,3,4
"frozenset({'25451555', '19358975', '17131869'})",frozenset({'28862528'}),0.015139605618399919,0.026485766036704144,0.010013328320973309,0.6613995485327313,24.971886696279036,1.0,0.009612344268676397,2.8751120376382664,0.9747117190928973,0.31675675675675674,0.6521874671633873,0.5197320323308818,3,1,4
"frozenset({'25451555', '19358975', '28862528'})",frozenset({'17131869'}),0.011106934144424319,0.05488534226444756,0.010013328320973309,0.9015384615384615,16.4258511351662,1.0,0.009403720438947901,9.598820742626701,0.9496682569323286,0.17887667887667888,0.8958205359998888,0.541989654181435,3,1,4
"frozenset({'25451555', '28862528', '17131869'})",frozenset({'19358975'}),0.011175284508390008,0.04302655411640067,0.010013328320973309,0.8960244648318042,20.824918082163165,1.0,0.009532494337306891,9.20383284717461,0.9627394911474413,0.22660479505027065,0.891349613079188,0.5643744246319465,3,1,4
"frozenset({'28862528', '19358975', '17131869'})",frozenset({'25451555'}),0.011824612966064045,0.032466422883701856,0.010013328320973309,0.8468208092485549,26.082972315181014,1.0,0.009629425435980969,6.316351277023378,0.9731681479020242,0.29212362911266193,0.8416807495115667,0.5776209309400668,3,1,4
"frozenset({'25451555', '19358975'})","frozenset({'28862528', '17131869'})",0.01777109463107891,0.01414852534089744,0.010013328320973309,0.5634615384615385,39.82475380899294,1.0,0.009761893538250003,2.25833817983583,0.9925283035627238,0.45709828393135726,0.5571965222353478,0.635595503530286,2,2,4
"frozenset({'25451555', '17131869'})","frozenset({'19358975', '28862528'})",0.018215371996855884,0.013909299067017532,0.010013328320973309,0.549718574108818,39.52165896068335,1.0,0.009759965264252064,2.1899430983219985,0.9927812990952922,0.4528593508500773,0.5433671309696445,0.6348101470052689,2,2,4
"frozenset({'25451555', '28862528'})","frozenset({'19358975', '17131869'})",0.015925634804005332,0.030620963056628276,0.010013328320973309,0.6287553648068669,20.53349411787247,1.0,0.009525670045986508,2.6111597180093127,0.9666943030851844,0.27408793264733394,0.6170284057681555,0.47788214668914775,2,2,4
"frozenset({'19358975', '17131869'})","frozenset({'25451555', '28862528'})",0.030620963056628276,0.015925634804005332,0.010013328320973309,0.32700892857142855,20.53349411787247,1.0,0.009525670045986508,1.4622398527622078,0.981348932040821,0.27408793264733394,0.31611766830798993,0.47788214668914775,2,2,4
"frozenset({'19358975', '28862528'})","frozenset({'25451555', '17131869'})",0.013909299067017532,0.018215371996855884,0.010013328320973309,0.7199017199017199,39.521658960683354,1.0,0.009759965264252064,3.5051433648884185,0.9884460095795923,0.4528593508500773,0.7147049647049647,0.6348101470052689,2,2,4
"frozenset({'28862528', '17131869'})","frozenset({'25451555', '19358975'})",0.01414852534089744,0.01777109463107891,0.010013328320973309,0.7077294685990337,39.82475380899294,1.0,0.009761893538250003,3.3606840233283735,0.9888811998716069,0.45709828393135726,0.7024415288499469,0.635595503530286,2,2,4
frozenset({'25451555'}),"frozenset({'28862528', '19358975', '17131869'})",0.032466422883701856,0.011824612966064045,0.010013328320973309,0.30842105263157893,26.082972315181014,1.0,0.009629425435980969,1.4288685200642908,0.9939301683651948,0.29212362911266193,0.3001455445634664,0.5776209309400668,1,3,4
frozenset({'19358975'}),"frozenset({'25451555', '28862528', '17131869'})",0.04302655411640067,0.011175284508390008,0.010013328320973309,0.23272438443208895,20.824918082163165,1.0,0.009532494337306891,1.2887477399626677,0.9947826739825749,0.22660479505027065,0.22405295544575085,0.5643744246319465,1,3,4
frozenset({'17131869'}),"frozenset({'25451555', '19358975', '28862528'})",0.05488534226444756,0.011106934144424319,0.010013328320973309,0.18244084682440848,16.425851135166205,1.0,0.009403720438947901,1.2095676037806966,0.9936575911261565,0.17887667887667888,0.17325828099699392,0.541989654181435,1,3,4
frozenset({'28862528'}),"frozenset({'25451555', '19358975', '17131869'})",0.026485766036704144,0.015139605618399919,0.010013328320973309,0.37806451612903225,24.971886696279036,1.0,0.009612344268676397,1.5835410905513279,0.9860718360183639,0.31675675675675674,0.36850391444415337,0.5197320323308818,1,3,4
"frozenset({'25451555', '19358975', '15704307'})",frozenset({'28862528'}),0.014353576432794505,0.026485766036704144,0.009466525409247804,0.6595238095238095,24.901066052227343,1.0,0.009086359942058858,2.8592725752768127,0.9738188602091612,0.3017429193899782,0.6502606961481496,0.5084715821812595,3,1,4
"frozenset({'25451555', '19358975', '28862528'})",frozenset({'15704307'}),0.011106934144424319,0.09107685998427942,0.009466525409247804,0.8523076923076923,9.35811459085005,1.0,0.008454940723321458,6.154167093856442,0.903172343995313,0.10210099520825654,0.8375084743801844,0.47812382739212006,3,1,4
"frozenset({'25451555', '15704307', '28862528'})",frozenset({'19358975'}),0.011585386692184136,0.04302655411640067,0.009466525409247804,0.8171091445427728,18.99081070569188,1.0,0.008968046141777115,5.23248384120226,0.9584469319571599,0.2096896290688872,0.8088861752184157,0.5185625150831418,3,1,4
"frozenset({'19358975', '15704307', '28862528'})",frozenset({'25451555'}),0.01127781005433854,0.032466422883701856,0.009466525409247804,0.8393939393939394,25.854216905901115,1.0,0.009100375258821585,6.024265668837327,0.9722868565528814,0.2761714855433699,0.8340046646394003,0.5654864433811801,3,1,4
"frozenset({'25451555', '19358975'})","frozenset({'15704307', '28862528'})",0.01777109463107891,0.015344656710296983,0.009466525409247804,0.5326923076923077,34.715166181257494,1.0,0.009193834062767697,2.1070813930479244,0.988765593172033,0.4002890173410405,0.5254098853042002,0.5748094055165325,2,2,4
"frozenset({'25451555', '15704307'})","frozenset({'19358975', '28862528'})",0.01978743036806671,0.013909299067017532,0.009466525409247804,0.47841105354058716,34.395051198160004,1.0,0.00919129612249058,1.890551376954294,0.9905260145043736,0.3906911142454161,0.4710537824097567,0.5795003670651339,2,2,4
"frozenset({'25451555', '28862528'})","frozenset({'19358975', '15704307'})",0.015925634804005332,0.030791838966542497,0.009466525409247804,0.594420600858369,19.304485240529118,1.0,0.008976145826922906,2.3896878467809053,0.9635436105972569,0.25412844036697246,0.5815353033045394,0.4509283914391734,2,2,4
"frozenset({'19358975', '15704307'})","frozenset({'25451555', '28862528'})",0.030791838966542497,0.015925634804005332,0.009466525409247804,0.3074361820199778,19.30448524052912,1.0,0.008976145826922906,1.420915068976909,0.9783229290249651,0.25412844036697246,0.2962281688517649,0.4509283914391734,2,2,4
"frozenset({'19358975', '28862528'})","frozenset({'25451555', '15704307'})",0.013909299067017532,0.01978743036806671,0.009466525409247804,0.6805896805896806,34.395051198160004,1.0,0.00919129612249058,3.0688193526168988,0.9846214440983727,0.3906911142454161,0.6741417838273009,0.5795003670651339,2,2,4
"frozenset({'15704307', '28862528'})","frozenset({'25451555', '19358975'})",0.015344656710296983,0.01777109463107891,0.009466525409247804,0.6169265033407572,34.715166181257494,1.0,0.009193834062767697,2.5640742936665433,0.9863290265638415,0.4002890173410405,0.609995700019272,0.5748094055165325,2,2,4
frozenset({'25451555'}),"frozenset({'19358975', '15704307', '28862528'})",0.032466422883701856,0.01127781005433854,0.009466525409247804,0.29157894736842105,25.854216905901115,1.0,0.009100375258821585,1.3956702532665355,0.9935795643718488,0.2761714855433699,0.28349837817384016,0.5654864433811801,1,3,4
frozenset({'19358975'}),"frozenset({'25451555', '15704307', '28862528'})",0.04302655411640067,0.011585386692184136,0.009466525409247804,0.22001588562351074,18.99081070569188,1.0,0.008968046141777115,1.267224030707271,0.989936510465859,0.2096896290688872,0.21087355055769127,0.5185625150831418,1,3,4
frozenset({'15704307'}),"frozenset({'25451555', '19358975', '28862528'})",0.09107685998427942,0.011106934144424319,0.009466525409247804,0.10393996247654784,9.35811459085005,1.0,0.008454940723321458,1.1036013486202298,0.9826362966554509,0.10210099520825654,0.09387569954472859,0.47812382739212006,1,3,4
frozenset({'28862528'}),"frozenset({'25451555', '19358975', '15704307'})",0.026485766036704144,0.014353576432794505,0.009466525409247804,0.3574193548387097,24.901066052227343,1.0,0.009086359942058858,1.53388750655539,0.9859548461452088,0.3017429193899782,0.34806170874572606,0.5084715821812595,1,3,4
frozenset({'29396738'}),frozenset({'15704307'}),0.024777006937561942,0.09107685998427942,0.008543795495711016,0.3448275862068966,3.7861163227016887,1.0,0.006287183504029167,1.3873037400239947,0.7545731707317075,0.07961783439490447,0.27917731989772904,0.2193181083004464,1,1,2
frozenset({'15704307'}),frozenset({'29396738'}),0.09107685998427942,0.024777006937561942,0.008543795495711016,0.09380863039399626,3.786116322701689,1.0,0.006287183504029167,1.0761777542490258,0.8096142277034142,0.07961783439490447,0.07078547567839658,0.2193181083004464,1,1,2
frozenset({'29396738'}),frozenset({'17131869'}),0.024777006937561942,0.05488534226444756,0.006288233484843307,0.2537931034482759,4.624059775840598,1.0,0.004928338978786628,1.2665584599968125,0.8036519088016967,0.08570097810898929,0.21045886819743267,0.18418173229698975,1,1,2
frozenset({'17131869'}),frozenset({'29396738'}),0.05488534226444756,0.024777006937561942,0.006288233484843307,0.11457036114570361,4.624059775840598,1.0,0.004928338978786628,1.101412184851108,0.8292536926257537,0.08570097810898929,0.09207468942684445,0.18418173229698975,1,1,2
frozenset({'19358975'}),frozenset({'29396738'}),0.04302655411640067,0.024777006937561942,0.006083182392946243,0.1413820492454329,5.706179507545672,1.0,0.005017113163104799,1.1358055025583809,0.8618331034139616,0.09856035437430788,0.11956756878927012,0.19344964531237163,1,1,2
frozenset({'29396738'}),frozenset({'19358975'}),0.024777006937561942,0.04302655411640067,0.006083182392946243,0.24551724137931036,5.706179507545672,1.0,0.005017113163104799,1.2683834520395054,0.8457054444139946,0.09856035437430788,0.21159488607956575,0.19344964531237163,1,1,2
frozenset({'29396738'}),frozenset({'23093367'}),0.024777006937561942,0.03899388264242507,0.00580978093708349,0.23448275862068968,6.0133216476774765,1.0,0.004843629236329648,1.2553683515031384,0.8548840267814443,0.10023584905660378,0.20342105263157897,0.19173743540149296,1,1,2
frozenset({'23093367'}),frozenset({'29396738'}),0.03899388264242507,0.024777006937561942,0.00580978093708349,0.14899211218229624,6.0133216476774765,1.0,0.004843629236329648,1.145962343032175,0.8675309597523221,0.10023584905660378,0.1273709768210741,0.19173743540149296,1,1,2
frozenset({'29396738'}),frozenset({'23093359'}),0.024777006937561942,0.03236389733775332,0.005775605755100646,0.23310344827586207,7.2025765575501595,1.0,0.004973725246236589,1.2617557094067064,0.883039880694665,0.11244178310046574,0.20745355654446565,0.20578086880530166,1,1,2
frozenset({'23093359'}),frozenset({'29396738'}),0.03236389733775332,0.024777006937561942,0.005775605755100646,0.17845828933474128,7.202576557550159,1.0,0.004973725246236589,1.1870644915554356,0.8899634822173822,0.11244178310046574,0.15758578652312394,0.20578086880530166,1,1,2
frozenset({'29396738'}),frozenset({'28862528'}),0.024777006937561942,0.026485766036704144,0.005741430573117802,0.2317241379310345,8.749006451612905,1.0,0.005085192564279741,1.2671415074028538,0.9082038811459543,0.12612612612612614,0.21082215825317702,0.22424916573971082,1,1,2
frozenset({'28862528'}),frozenset({'29396738'}),0.026485766036704144,0.024777006937561942,0.005741430573117802,0.21677419354838712,8.749006451612905,1.0,0.005085192564279741,1.2451364408952053,0.9097980043663888,0.12612612612612614,0.19687516391292947,0.22424916573971082,1,1,2
frozenset({'25451555'}),frozenset({'29396738'}),0.032466422883701856,0.024777006937561942,0.005707255391134957,0.1757894736842105,7.094863157894736,1.0,0.004902834606107657,1.1832207450949122,0.887879216664689,0.11074270557029177,0.1548491655969191,0.2030671506352087,1,1,2
frozenset({'29396738'}),frozenset({'25451555'}),0.024777006937561942,0.032466422883701856,0.005707255391134957,0.2303448275862069,7.0948631578947365,1.0,0.004902834606107657,1.2571000777944734,0.880878486928582,0.11074270557029177,0.20451838508000422,0.2030671506352087,1,1,2
frozenset({'29396738'}),frozenset({'20898019'}),0.024777006937561942,0.04692252486244489,0.005331328389323673,0.21517241379310345,4.585695557174072,1.0,0.0041687286652789535,1.2143781537341432,0.801796695851574,0.08032955715756951,0.1765332759609868,0.1643961122133762,1,1,2
frozenset({'20898019'}),frozenset({'29396738'}),0.04692252486244489,0.024777006937561942,0.005331328389323673,0.11361981063364894,4.585695557174072,1.0,0.0041687286652789535,1.100231034901173,0.8204270837930476,0.08032955715756951,0.09109998874934123,0.1643961122133762,1,1,2
frozenset({'29396738'}),frozenset({'22554204'}),0.024777006937561942,0.039028057824407915,0.005228802843375141,0.2110344827586207,5.407250437828371,1.0,0.004261804383900217,1.2180151364987837,0.8357710292789201,0.08926487747957992,0.1789921405455386,0.17250498218491456,1,1,2
frozenset({'22554204'}),frozenset({'29396738'}),0.039028057824407915,0.024777006937561942,0.005228802843375141,0.1339754816112084,5.407250437828371,1.0,0.004261804383900217,1.12609166640779,0.8481653718661142,0.08926487747957992,0.11197282616433869,0.17250498218491456,1,1,2
frozenset({'20299683'}),frozenset({'29396738'}),0.034482758620689655,0.024777006937561942,0.005741430573117802,0.16650148662041625,6.72,1.0,0.004887051023546701,1.1700356718192628,0.8815901360544218,0.10727969348659004,0.14532520325203252,0.19911281227572536,1,1,2
frozenset({'29396738'}),frozenset({'20299683'}),0.024777006937561942,0.034482758620689655,0.005741430573117802,0.2317241379310345,6.720000000000001,1.0,0.004887051023546701,1.2567324955116699,0.8728162504839335,0.10727969348659004,0.2042857142857143,0.19911281227572536,1,1,2
frozenset({'28204534'}),frozenset({'29396738'}),0.03178291924404497,0.024777006937561942,0.005673080209152114,0.17849462365591398,7.204043010752688,1.0,0.004885594598546441,1.187116994172863,0.8894586499611096,0.11148421759570183,0.1576230439723752,0.20373007044864666,1,1,2
frozenset({'29396738'}),frozenset({'28204534'}),0.024777006937561942,0.03178291924404497,0.005673080209152114,0.2289655172413793,7.204043010752689,1.0,0.004885594598546441,1.255737716543949,0.8830688608090901,0.11148421759570183,0.20365535985316438,0.20373007044864666,1,1,2
"frozenset({'29396738', '15704307'})",frozenset({'17131869'}),0.008543795495711016,0.05488534226444756,0.005297153207340829,0.62,11.296276463262764,1.0,0.004828224067321285,2.4871438361461906,0.9193298203907084,0.09112286890064668,0.5979323811245706,0.3582565379825654,2,1,3
"frozenset({'29396738', '17131869'})",frozenset({'15704307'}),0.006288233484843307,0.09107685998427942,0.005297153207340829,0.842391304347826,9.249235255730483,1.0,0.004724440646693298,5.766960612513537,0.8975268114583413,0.05753526354862657,0.8265984342202488,0.45027632759605185,2,1,3
"frozenset({'15704307', '17131869'})",frozenset({'29396738'}),0.0422747001127781,0.024777006937561942,0.005297153207340829,0.12530315278900567,5.057235246564269,1.0,0.004249712669363175,1.1149268414216598,0.8376760012155479,0.08577753182069729,0.1030801637846613,0.16954812811864078,2,1,3
frozenset({'29396738'}),"frozenset({'15704307', '17131869'})",0.024777006937561942,0.0422747001127781,0.005297153207340829,0.21379310344827587,5.057235246564269,1.0,0.004249712669363175,1.2181593726635718,0.8226462103330711,0.08577753182069729,0.17908935198401374,0.16954812811864078,1,2,3
frozenset({'15704307'}),"frozenset({'29396738', '17131869'})",0.09107685998427942,0.006288233484843307,0.005297153207340829,0.058161350844277676,9.249235255730484,1.0,0.004724440646693298,1.055076437355734,0.9812523348162954,0.05753526354862657,0.05220137177337446,0.45027632759605185,1,2,3
frozenset({'17131869'}),"frozenset({'29396738', '15704307'})",0.05488534226444756,0.008543795495711016,0.005297153207340829,0.09651307596513076,11.296276463262764,1.0,0.004828224067321285,1.0973664124285927,0.9644070663299525,0.09112286890064668,0.08872734879237844,0.3582565379825654,1,2,3
"frozenset({'19358975', '29396738'})",frozenset({'17131869'}),0.006083182392946243,0.05488534226444756,0.005023751751478077,0.8258426966292135,15.046689381112962,1.0,0.004689874203784161,5.426787389578334,0.9392538502868052,0.08979841172877213,0.8157289150630055,0.45868722627226555,2,1,3
"frozenset({'19358975', '17131869'})",frozenset({'29396738'}),0.030620963056628276,0.024777006937561942,0.005023751751478077,0.1640625,6.6215625000000005,1.0,0.00426505593738917,1.1666218982429166,0.8757959591381063,0.09972862957937584,0.14282425050813008,0.1834105603448276,2,1,3
"frozenset({'29396738', '17131869'})",frozenset({'19358975'}),0.006288233484843307,0.04302655411640067,0.005023751751478077,0.7989130434782609,18.56790672376282,1.0,0.004753190733145903,4.759003082231954,0.9521308540611967,0.11342592592592592,0.789871957903628,0.4578361881410367,2,1,3
frozenset({'19358975'}),"frozenset({'29396738', '17131869'})",0.04302655411640067,0.006288233484843307,0.005023751751478077,0.11675933280381255,18.56790672376282,1.0,0.004753190733145903,1.1250747428440488,0.9886832670358338,0.11342592592592592,0.11117016326210953,0.4578361881410367,1,2,3
frozenset({'29396738'}),"frozenset({'19358975', '17131869'})",0.024777006937561942,0.030620963056628276,0.005023751751478077,0.2027586206896552,6.6215625000000005,1.0,0.00426505593738917,1.215916612082949,0.8705478126209834,0.09972862957937584,0.17757518068041603,0.1834105603448276,1,2,3
frozenset({'17131869'}),"frozenset({'19358975', '29396738'})",0.05488534226444756,0.006083182392946243,0.005023751751478077,0.09153175591531756,15.04668938111296,1.0,0.004689874203784161,1.0940578540623225,0.9877533801443195,0.08979841172877213,0.08597155416697409,0.45868722627226555,1,2,3
frozenset({'29237211'}),frozenset({'28862528'}),0.021188612829363317,0.026485766036704144,0.012405591059772392,0.5854838709677419,22.105604578563995,1.0,0.011844394417731567,2.348555739522348,0.9754306253254043,0.3517441860465116,0.5742064013335356,0.5269354838709677,1,1,2
frozenset({'28862528'}),frozenset({'29237211'}),0.026485766036704144,0.021188612829363317,0.012405591059772392,0.46838709677419355,22.105604578563995,1.0,0.011844394417731567,1.8412107404302025,0.9807382061344135,0.3517441860465116,0.4568791187008023,0.5269354838709677,1,1,2
frozenset({'29237211'}),frozenset({'15704307'}),0.021188612829363317,0.09107685998427942,0.010765182324595878,0.5080645161290323,5.578414936754826,1.0,0.008835390000674848,1.8476470387204813,0.8385043530115279,0.10606060606060604,0.4587710861201539,0.31313169521273376,1,1,2
frozenset({'15704307'}),frozenset({'29237211'}),0.09107685998427942,0.021188612829363317,0.010765182324595878,0.11819887429643526,5.578414936754826,1.0,0.008835390000674848,1.1100137645998922,0.9029780107761759,0.10606060606060604,0.09911027061862339,0.31313169521273376,1,1,2
frozenset({'25451555'}),frozenset({'29237211'}),0.032466422883701856,0.021188612829363317,0.01018420423088753,0.3136842105263158,14.804376910016977,1.0,0.00949628576645039,1.4261822359081362,0.9637416528164283,0.23427672955974843,0.29882733438813336,0.3971646859083192,1,1,2
frozenset({'29237211'}),frozenset({'25451555'}),0.021188612829363317,0.032466422883701856,0.01018420423088753,0.4806451612903226,14.804376910016979,1.0,0.00949628576645039,1.862952850348152,0.9526374753984115,0.23427672955974843,0.4632177621601543,0.3971646859083192,1,1,2
frozenset({'19358975'}),frozenset({'29237211'}),0.04302655411640067,0.021188612829363317,0.009534875773213493,0.22160444797458304,10.458657664813344,1.0,0.008623202776659431,1.2574729963753384,0.945047575966796,0.174375,0.2047542946190522,0.33580222398729154,1,1,2
frozenset({'29237211'}),frozenset({'19358975'}),0.021188612829363317,0.04302655411640067,0.009534875773213493,0.45,10.458657664813344,1.0,0.008623202776659431,1.7399517197883623,0.923962928047981,0.174375,0.42527140918505824,0.33580222398729154,1,1,2
frozenset({'29237211'}),frozenset({'23093367'}),0.021188612829363317,0.03899388264242507,0.00943235022726496,0.4451612903225806,11.416182748579343,1.0,0.008606123945240985,1.7320459091909777,0.9321561418236451,0.18585858585858583,0.4226480980131234,0.3435271832857425,1,1,2
frozenset({'23093367'}),frozenset({'29237211'}),0.03899388264242507,0.021188612829363317,0.00943235022726496,0.24189307624890444,11.416182748579343,1.0,0.008606123945240985,1.2911257719788398,0.9494268868410746,0.18585858585858583,0.22548211669003151,0.3435271832857425,1,1,2
frozenset({'29237211'}),frozenset({'17131869'}),0.021188612829363317,0.05488534226444756,0.00926147431735074,0.43709677419354837,7.963816133049451,1.0,0.00809853005010227,1.6790002515645917,0.8933611416348792,0.13861892583120203,0.4044074745860574,0.30291949544048524,1,1,2
frozenset({'17131869'}),frozenset({'29237211'}),0.05488534226444756,0.021188612829363317,0.00926147431735074,0.16874221668742218,7.963816133049452,1.0,0.00809853005010227,1.1775064328060243,0.9252126724847071,0.13861892583120203,0.15074773934187563,0.30291949544048524,1,1,2
frozenset({'28204534'}),frozenset({'29237211'}),0.03178291924404497,0.021188612829363317,0.00580978093708349,0.18279569892473121,8.627072493929935,1.0,0.005136344966634501,1.1977560395640685,0.9131070309596431,0.12318840579710146,0.16510544136854718,0.228494623655914,1,1,2
frozenset({'29237211'}),frozenset({'28204534'}),0.021188612829363317,0.03178291924404497,0.00580978093708349,0.2741935483870968,8.627072493929935,1.0,0.005136344966634501,1.333987977930427,0.9032238851338168,0.12318840579710146,0.2503680568760312,0.228494623655914,1,1,2
"frozenset({'29237211', '15704307'})",frozenset({'28862528'}),0.010765182324595878,0.026485766036704144,0.007860291856054134,0.7301587301587302,27.567967229902717,1.0,0.007575167755662425,3.6077292199816267,0.9742136031410814,0.2674418604651163,0.7228173349425895,0.5134664618535587,2,1,3
"frozenset({'29237211', '28862528'})",frozenset({'15704307'}),0.012405591059772392,0.09107685998427942,0.007860291856054134,0.6336088154269973,6.956858367057924,1.0,0.006730429576081016,2.4807451114714785,0.8670127615270502,0.08220157255182274,0.5968953056177383,0.35995637769473693,2,1,3
"frozenset({'15704307', '28862528'})",frozenset({'29237211'}),0.015344656710296983,0.021188612829363317,0.007860291856054134,0.512249443207127,24.175695093038293,1.0,0.00753515986602016,2.0067868166192504,0.9735753218767542,0.2741358760429083,0.5016909660166804,0.4416085925713054,2,1,3
frozenset({'29237211'}),"frozenset({'15704307', '28862528'})",0.021188612829363317,0.015344656710296983,0.007860291856054134,0.3709677419354839,24.175695093038293,1.0,0.00753515986602016,1.5653495201015792,0.9793880162673456,0.2741358760429083,0.36116503876073136,0.4416085925713054,1,2,3
frozenset({'15704307'}),"frozenset({'29237211', '28862528'})",0.09107685998427942,0.012405591059772392,0.007860291856054134,0.08630393996247655,6.956858367057925,1.0,0.006730429576081016,1.0808784804212348,0.9420565040836478,0.08220157255182274,0.07482661731753154,0.35995637769473693,1,2,3
frozenset({'28862528'}),"frozenset({'29237211', '15704307'})",0.026485766036704144,0.010765182324595878,0.007860291856054134,0.29677419354838713,27.56796722990272,1.0,0.007575167755662425,1.4067100618319968,0.9899454804648509,0.2674418604651163,0.28912145641606285,0.5134664618535587,1,2,3
"frozenset({'25451555', '29237211'})",frozenset({'28862528'}),0.01018420423088753,0.026485766036704144,0.008509620313728171,0.8355704697986577,31.54790647326261,1.0,0.008239883863198872,5.920555953491063,0.9782650264074633,0.3021844660194175,0.8310969429466588,0.5784303961896514,2,1,3
"frozenset({'25451555', '28862528'})",frozenset({'29237211'}),0.015925634804005332,0.021188612829363317,0.008509620313728171,0.5343347639484979,25.218015367575802,1.0,0.008172178203804269,2.101963624062289,0.975887435834674,0.2974910394265233,0.524254374075521,0.46797383358715217,2,1,3
"frozenset({'29237211', '28862528'})",frozenset({'25451555'}),0.012405591059772392,0.032466422883701856,0.008509620313728171,0.6859504132231405,21.12799478033928,1.0,0.00810685514825933,3.080830600817687,0.9646363153492925,0.23402255639097747,0.6754122087288444,0.47402783819051764,2,1,3
frozenset({'25451555'}),"frozenset({'29237211', '28862528'})",0.032466422883701856,0.012405591059772392,0.008509620313728171,0.26210526315789473,21.12799478033928,1.0,0.00810685514825933,1.3383947054111502,0.9846370753757853,0.23402255639097747,0.2528362552862882,0.47402783819051764,1,2,3
frozenset({'29237211'}),"frozenset({'25451555', '28862528'})",0.021188612829363317,0.015925634804005332,0.008509620313728171,0.40161290322580645,25.2180153675758,1.0,0.008172178203804269,1.6445447612439803,0.981134692044951,0.2974910394265233,0.39192898632715134,0.46797383358715217,1,2,3
frozenset({'28862528'}),"frozenset({'25451555', '29237211'})",0.026485766036704144,0.01018420423088753,0.008509620313728171,0.3212903225806452,31.547906473262614,1.0,0.008239883863198872,1.4583787865419433,0.994646140554636,0.3021844660194175,0.3143070859038173,0.5784303961896514,1,2,3
"frozenset({'25451555', '29237211'})",frozenset({'15704307'}),0.01018420423088753,0.09107685998427942,0.007210963398380096,0.7080536912751677,7.7742435498696745,1.0,0.006283418055592247,3.1133229393641915,0.8803356398660621,0.07667151162790697,0.6787997841932126,0.39361408766385025,2,1,3
"frozenset({'25451555', '15704307'})",frozenset({'29237211'}),0.01978743036806671,0.021188612829363317,0.007210963398380096,0.3644214162348877,17.198927516853306,1.0,0.006791695197423144,1.5400320466624964,0.9608699876501635,0.2135627530364372,0.35066286304420413,0.35237199844002454,2,1,3
"frozenset({'29237211', '15704307'})",frozenset({'25451555'}),0.010765182324595878,0.032466422883701856,0.007210963398380096,0.6698412698412699,20.63181620718463,1.0,0.006861456436609614,2.9305103537657113,0.9618860483141841,0.2001897533206831,0.6587625091598813,0.4459732664995823,2,1,3
frozenset({'25451555'}),"frozenset({'29237211', '15704307'})",0.032466422883701856,0.010765182324595878,0.007210963398380096,0.22210526315789472,20.631816207184627,1.0,0.006861456436609614,1.271682106619261,0.983460617940107,0.2001897533206831,0.21363995388872925,0.4459732664995823,1,2,3
frozenset({'29237211'}),"frozenset({'25451555', '15704307'})",0.021188612829363317,0.01978743036806671,0.007210963398380096,0.3403225806451613,17.198927516853306,1.0,0.006791695197423144,1.4858968048210235,0.9622454867421525,0.2135627530364372,0.3270057538615879,0.35237199844002454,1,2,3
frozenset({'15704307'}),"frozenset({'25451555', '29237211'})",0.09107685998427942,0.01018420423088753,0.007210963398380096,0.07917448405253283,7.7742435498696745,1.0,0.006283418055592247,1.0749222068967745,0.9586840554008407,0.07667151162790697,0.06970012007945181,0.39361408766385025,1,2,3
"frozenset({'25451555', '29237211', '15704307'})",frozenset({'28862528'}),0.007210963398380096,0.026485766036704144,0.006356583848808995,0.8815165876777252,33.28265402843603,1.0,0.006165595959340263,8.216460134650225,0.9769994262765348,0.2325,0.8782930868510116,0.5607582938388627,3,1,4
"frozenset({'25451555', '29237211', '28862528'})",frozenset({'15704307'}),0.008509620313728171,0.09107685998427942,0.006356583848808995,0.7469879518072289,8.201731503876669,1.0,0.005581554350976195,3.592410505776419,0.8856107372700063,0.06818181818181818,0.721635375914849,0.40839078641018106,3,1,4
"frozenset({'25451555', '15704307', '28862528'})",frozenset({'29237211'}),0.011585386692184136,0.021188612829363317,0.006356583848808995,0.5486725663716814,25.894690265486723,1.0,0.006111105575709847,2.168738955887881,0.9726505774151165,0.24062095730918495,0.538902551049257,0.4243362831858407,3,1,4
"frozenset({'29237211', '15704307', '28862528'})",frozenset({'25451555'}),0.007860291856054134,0.032466422883701856,0.006356583848808995,0.808695652173913,24.908677345537757,1.0,0.006101388289421024,5.057561880380649,0.9674578490993868,0.18712273641851104,0.8022762699396302,0.5022425629290618,3,1,4
"frozenset({'25451555', '29237211'})","frozenset({'15704307', '28862528'})",0.01018420423088753,0.015344656710296983,0.006356583848808995,0.6241610738255033,40.6761184436705,1.0,0.006200310731018472,2.619886538395817,0.9854515902566084,0.3315508021390374,0.6183040809804267,0.5192074856878074,2,2,4
"frozenset({'25451555', '15704307'})","frozenset({'29237211', '28862528'})",0.01978743036806671,0.012405591059772392,0.006356583848808995,0.32124352331606215,25.895059878102742,1.0,0.006111109079539038,1.4550055032478164,0.9807899075738183,0.24603174603174607,0.3127173761419923,0.41682010876546916,2,2,4
"frozenset({'25451555', '28862528'})","frozenset({'29237211', '15704307'})",0.015925634804005332,0.010765182324595878,0.006356583848808995,0.39914163090128757,37.07708972000818,1.0,0.006185141486508948,1.6463693751312085,0.9887760531902379,0.3126050420168067,0.3926028902716291,0.494808910688739,2,2,4
"frozenset({'29237211', '15704307'})","frozenset({'25451555', '28862528'})",0.010765182324595878,0.015925634804005332,0.006356583848808995,0.5904761904761905,37.077089720008175,1.0,0.006185141486508948,2.4029722871064987,0.9836179939063394,0.3126050420168067,0.5838487171218548,0.494808910688739,2,2,4
"frozenset({'29237211', '28862528'})","frozenset({'25451555', '15704307'})",0.012405591059772392,0.01978743036806671,0.006356583848808995,0.5123966942148761,25.895059878102746,1.0,0.006111109079539038,2.0102664563637958,0.9734589289581375,0.24603174603174607,0.5025535063601384,0.41682010876546916,2,2,4
"frozenset({'15704307', '28862528'})","frozenset({'25451555', '29237211'})",0.015344656710296983,0.01018420423088753,0.006356583848808995,0.4142538975501114,40.6761184436705,1.0,0.006200310731018472,1.6898376133092452,0.9906162157643394,0.3315508021390374,0.40822716211075544,0.5192074856878074,2,2,4
frozenset({'25451555'}),"frozenset({'29237211', '15704307', '28862528'})",0.032466422883701856,0.007860291856054134,0.006356583848808995,0.19578947368421054,24.908677345537757,1.0,0.006101388289421024,1.23368157426276,0.9920620542264244,0.18712273641851104,0.18941806308682732,0.5022425629290618,1,3,4
frozenset({'29237211'}),"frozenset({'25451555', '15704307', '28862528'})",0.021188612829363317,0.011585386692184136,0.006356583848808995,0.3,25.894690265486723,1.0,0.006111105575709847,1.4120208761540227,0.9821933591704202,0.24062095730918495,0.29179517322453496,0.4243362831858407,1,3,4
frozenset({'15704307'}),"frozenset({'25451555', '29237211', '28862528'})",0.09107685998427942,0.008509620313728171,0.006356583848808995,0.0697936210131332,8.201731503876669,1.0,0.005581554350976195,1.0658821548462745,0.9660602613053625,0.06818181818181818,0.06180998016218429,0.40839078641018106,1,3,4
frozenset({'28862528'}),"frozenset({'25451555', '29237211', '15704307'})",0.026485766036704144,0.007210963398380096,0.006356583848808995,0.24000000000000002,33.28265402843602,1.0,0.006165595959340263,1.3063013639494998,0.9963432329331366,0.2325,0.23447986230636836,0.5607582938388627,1,3,4
"frozenset({'19358975', '29237211'})",frozenset({'15704307'}),0.009534875773213493,0.09107685998427942,0.007518540036225693,0.7885304659498208,8.657857397432535,1.0,0.00665013349046123,4.298128068887899,0.8930127477242928,0.08076358296622614,0.7673405761827984,0.43554103034826874,2,1,3
"frozenset({'19358975', '15704307'})",frozenset({'29237211'}),0.030791838966542497,0.021188612829363317,0.007518540036225693,0.24417314095449502,11.523790770112063,1.0,0.006866103682059522,1.2950206458748073,0.9422361841261699,0.16910069177555728,0.22781153861490447,0.2995059253159572,2,1,3
"frozenset({'29237211', '15704307'})",frozenset({'19358975'}),0.010765182324595878,0.04302655411640067,0.007518540036225693,0.6984126984126985,16.232131825459867,1.0,0.007055351336363549,3.173122478456146,0.948605710947658,0.16248153618906944,0.6848530093655443,0.43657727851532463,2,1,3
frozenset({'19358975'}),"frozenset({'29237211', '15704307'})",0.04302655411640067,0.010765182324595878,0.007518540036225693,0.17474185861795077,16.232131825459867,1.0,0.007055351336363549,1.1986974354700037,0.9805849906824837,0.16248153618906944,0.16576112502659632,0.43657727851532463,1,2,3
frozenset({'29237211'}),"frozenset({'19358975', '15704307'})",0.021188612829363317,0.030791838966542497,0.007518540036225693,0.3548387096774194,11.523790770112063,1.0,0.006866103682059522,1.5022726496018592,0.9329918013274042,0.16910069177555728,0.33434187178670555,0.2995059253159572,1,2,3
frozenset({'15704307'}),"frozenset({'19358975', '29237211'})",0.09107685998427942,0.009534875773213493,0.007518540036225693,0.0825515947467167,8.657857397432535,1.0,0.00665013349046123,1.0795867304966813,0.9731273670681853,0.08076358296622614,0.07371962645378778,0.43554103034826874,1,2,3
"frozenset({'19358975', '29237211'})",frozenset({'28862528'}),0.009534875773213493,0.026485766036704144,0.007450189672260005,0.7813620071684587,29.50120476355648,1.0,0.007197651183341634,4.452630676651794,0.975403429778306,0.2607655502392344,0.7754136660730279,0.531326164874552,2,1,3
"frozenset({'19358975', '28862528'})",frozenset({'29237211'}),0.013909299067017532,0.021188612829363317,0.007450189672260005,0.5356265356265356,25.278980740271063,1.0,0.007155470919601146,2.1078107649653393,0.9739889465661671,0.26946847960445,0.5255741091082036,0.44361971942617107,2,1,3
"frozenset({'29237211', '28862528'})",frozenset({'19358975'}),0.012405591059772392,0.04302655411640067,0.007450189672260005,0.6005509641873279,13.957682099352981,1.0,0.006916419837180772,2.3957335231430803,0.9400163244210418,0.15527065527065528,0.5825913064454468,0.3868521302271032,2,1,3
frozenset({'19358975'}),"frozenset({'29237211', '28862528'})",0.04302655411640067,0.012405591059772392,0.007450189672260005,0.17315329626687848,13.95768209935298,1.0,0.006916419837180772,1.1944105291601792,0.9700946983472347,0.15527065527065528,0.16276692511817878,0.3868521302271032,1,2,3
frozenset({'29237211'}),"frozenset({'19358975', '28862528'})",0.021188612829363317,0.013909299067017532,0.007450189672260005,0.35161290322580646,25.278980740271063,1.0,0.007155470919601146,1.5208364044240026,0.9812323963625635,0.26946847960445,0.34246708121197483,0.44361971942617107,1,2,3
frozenset({'28862528'}),"frozenset({'19358975', '29237211'})",0.026485766036704144,0.009534875773213493,0.007450189672260005,0.2812903225806452,29.50120476355648,1.0,0.007197651183341634,1.3781157473532486,0.9923872148365815,0.2607655502392344,0.27437154540860736,0.531326164874552,1,2,3
"frozenset({'25451555', '19358975'})",frozenset({'29237211'}),0.01777109463107891,0.021188612829363317,0.00707426267044872,0.3980769230769231,18.78730459057072,1.0,0.006697717826756812,1.626140323733965,0.9639021633657383,0.2218649517684888,0.3850469203642976,0.3659739454094293,2,1,3
"frozenset({'25451555', '29237211'})",frozenset({'19358975'}),0.01018420423088753,0.04302655411640067,0.00707426267044872,0.6946308724832214,16.14423666380583,1.0,0.006636071455975961,3.133825130475962,0.9477100635309985,0.15333333333333335,0.6809011484798065,0.4295235379096012,2,1,3
"frozenset({'19358975', '29237211'})",frozenset({'25451555'}),0.009534875773213493,0.032466422883701856,0.00707426267044872,0.7419354838709677,22.85239388794567,1.0,0.006764699361452007,3.7491926113256557,0.9654463190045995,0.20254403131115462,0.7332759066634308,0.4799151103565365,2,1,3
frozenset({'25451555'}),"frozenset({'19358975', '29237211'})",0.032466422883701856,0.009534875773213493,0.00707426267044872,0.21789473684210528,22.85239388794567,1.0,0.006764699361452007,1.2664089744487848,0.9883283959376674,0.20254403131115462,0.21036567161468647,0.4799151103565365,1,2,3
frozenset({'19358975'}),"frozenset({'25451555', '29237211'})",0.04302655411640067,0.01018420423088753,0.00707426267044872,0.16441620333598095,16.144236663805835,1.0,0.006636071455975961,1.1845799304879399,0.9802345036086104,0.15333333333333335,0.15581889050906805,0.4295235379096012,1,2,3
frozenset({'29237211'}),"frozenset({'25451555', '19358975'})",0.021188612829363317,0.01777109463107891,0.00707426267044872,0.3338709677419355,18.78730459057072,1.0,0.006697717826756812,1.4745324971639977,0.9672676260359165,0.2218649517684888,0.3218189480914643,0.3659739454094293,1,2,3
"frozenset({'19358975', '29237211', '15704307'})",frozenset({'28862528'}),0.007518540036225693,0.026485766036704144,0.006185707938894775,0.8227272727272728,31.062997067448684,1.0,0.005986573646557708,5.4916187556903875,0.9751389776427725,0.22235872235872234,0.8179043293994498,0.5281378299120235,3,1,4
"frozenset({'19358975', '29237211', '28862528'})",frozenset({'15704307'}),0.007450189672260005,0.09107685998427942,0.006185707938894775,0.8302752293577982,9.1162039347987,1.0,0.005507168057258026,5.3552768790115435,0.8969879487131198,0.06698741672834937,0.8132682917069685,0.4490963388815257,3,1,4
"frozenset({'19358975', '15704307', '28862528'})",frozenset({'29237211'}),0.01127781005433854,0.021188612829363317,0.006185707938894775,0.5484848484848485,25.885830889540564,1.0,0.0059467467880902946,2.167837300445034,0.9723346327354226,0.235370611183355,0.5387107695791051,0.4202101661779081,3,1,4
"frozenset({'29237211', '15704307', '28862528'})",frozenset({'19358975'}),0.007860291856054134,0.04302655411640067,0.006185707938894775,0.7869565217391304,18.290019684359567,1.0,0.0058475066659795585,4.49191617455567,0.952814775441988,0.13837920489296635,0.7773778581033032,0.46536070725558587,3,1,4
"frozenset({'19358975', '29237211'})","frozenset({'15704307', '28862528'})",0.009534875773213493,0.015344656710296983,0.006185707938894775,0.6487455197132617,42.278268713429284,1.0,0.006039398543379486,2.803253477324767,0.985746153737641,0.3308957952468007,0.6432716455757931,0.5259317799011742,2,2,4
"frozenset({'19358975', '15704307'})","frozenset({'29237211', '28862528'})",0.030791838966542497,0.012405591059772392,0.006185707938894775,0.20088790233074363,16.193335840495564,1.0,0.005803716976697484,1.2358646700765905,0.968054375862042,0.16712834718374883,0.19084991729877115,0.34975524593121204,2,2,4
"frozenset({'19358975', '28862528'})","frozenset({'29237211', '15704307'})",0.013909299067017532,0.010765182324595878,0.006185707938894775,0.44471744471744473,41.31072111072111,1.0,0.0060359717984309995,1.7814981008579178,0.9895572566324574,0.33456561922365996,0.4386746752531317,0.5096603096603097,2,2,4
"frozenset({'29237211', '15704307'})","frozenset({'19358975', '28862528'})",0.010765182324595878,0.013909299067017532,0.006185707938894775,0.5746031746031747,41.31072111072111,1.0,0.0060359717984309995,2.318049035775295,0.9864121150719591,0.33456561922365996,0.5686027411126184,0.5096603096603097,2,2,4
"frozenset({'29237211', '28862528'})","frozenset({'19358975', '15704307'})",0.012405591059772392,0.030791838966542497,0.006185707938894775,0.4986225895316805,16.193335840495564,1.0,0.005803716976697484,1.9330910025007972,0.9500319087634961,0.16712834718374883,0.48269377969980615,0.34975524593121204,2,2,4
"frozenset({'15704307', '28862528'})","frozenset({'19358975', '29237211'})",0.015344656710296983,0.009534875773213493,0.006185707938894775,0.40311804008908686,42.278268713429284,1.0,0.006039398543379486,1.6593986596187578,0.9915623708046754,0.3308957952468007,0.39737205752007354,0.5259317799011742,2,2,4
frozenset({'19358975'}),"frozenset({'29237211', '15704307', '28862528'})",0.04302655411640067,0.007860291856054134,0.006185707938894775,0.14376489277204132,18.29001968435957,1.0,0.0058475066659795585,1.1587234624798033,0.9878282174793356,0.13837920489296635,0.13698131402303404,0.46536070725558587,1,3,4
frozenset({'29237211'}),"frozenset({'19358975', '15704307', '28862528'})",0.021188612829363317,0.01127781005433854,0.006185707938894775,0.29193548387096774,25.885830889540564,1.0,0.0059467467880902946,1.3963730245246244,0.9821798561387001,0.235370611183355,0.2838589814921153,0.4202101661779081,1,3,4
frozenset({'15704307'}),"frozenset({'19358975', '29237211', '28862528'})",0.09107685998427942,0.007450189672260005,0.006185707938894775,0.06791744840525328,9.116203934798698,1.0,0.005507168057258026,1.06487328684518,0.9795165060338074,0.06698741672834937,0.060921132726857286,0.4490963388815257,1,3,4
frozenset({'28862528'}),"frozenset({'19358975', '29237211', '15704307'})",0.026485766036704144,0.007518540036225693,0.006185707938894775,0.23354838709677422,31.062997067448684,1.0,0.005986573646557708,1.294904261737248,0.9941378589385578,0.22235872235872234,0.2277421354236669,0.5281378299120235,1,3,4
"frozenset({'25451555', '19358975', '29237211'})",frozenset({'28862528'}),0.00707426267044872,0.026485766036704144,0.006254058302860463,0.8840579710144928,33.37860682561945,1.0,0.006066691036888769,8.39656026793343,0.976951905270796,0.22903629536921155,0.8809036119446421,0.5600935016362787,3,1,4
"frozenset({'25451555', '19358975', '28862528'})",frozenset({'29237211'}),0.011106934144424319,0.021188612829363317,0.006254058302860463,0.5630769230769231,26.57450620347395,1.0,0.006018717775553021,2.2402373297919502,0.9731789847879851,0.24015748031496065,0.5536187230248192,0.4291191066997519,3,1,4
"frozenset({'25451555', '29237211', '28862528'})",frozenset({'19358975'}),0.008509620313728171,0.04302655411640067,0.006254058302860463,0.7349397590361446,17.08107409782099,1.0,0.005887918663921816,3.6103998185608526,0.9495358619271167,0.13811320754716983,0.7230223658723173,0.4401466070796291,3,1,4
"frozenset({'19358975', '29237211', '28862528'})",frozenset({'25451555'}),0.007450189672260005,0.032466422883701856,0.006254058302860463,0.8394495412844037,25.855929502655723,1.0,0.006012177294397082,6.0263519946100885,0.968539958369623,0.18578680203045686,0.8340621322992101,0.5160405601158861,3,1,4
"frozenset({'25451555', '19358975'})","frozenset({'29237211', '28862528'})",0.01777109463107891,0.012405591059772392,0.006254058302860463,0.35192307692307695,28.368102352193265,1.0,0.006033597370182781,1.5238845479196392,0.9822039800342346,0.26142857142857145,0.3437823085973477,0.4280276541640179,2,2,4
"frozenset({'25451555', '29237211'})","frozenset({'19358975', '28862528'})",0.01018420423088753,0.013909299067017532,0.006254058302860463,0.6140939597315436,44.149885394851836,1.0,0.006112403160453463,2.5552611206785105,0.987405827182184,0.3505747126436781,0.6086505633778574,0.5318627046814965,2,2,4
"frozenset({'25451555', '28862528'})","frozenset({'19358975', '29237211'})",0.015925634804005332,0.009534875773213493,0.006254058302860463,0.3927038626609442,41.18604919470211,1.0,0.006102209353394707,1.6309425720483481,0.991510365813737,0.3256227758007117,0.38685762629638704,0.5243089205777839,2,2,4
"frozenset({'19358975', '29237211'})","frozenset({'25451555', '28862528'})",0.009534875773213493,0.015925634804005332,0.006254058302860463,0.6559139784946236,41.18604919470211,1.0,0.006102209353394707,2.8599661238508594,0.9851128625907997,0.3256227758007117,0.6503455087595479,0.5243089205777839,2,2,4
"frozenset({'19358975', '28862528'})","frozenset({'25451555', '29237211'})",0.013909299067017532,0.01018420423088753,0.006254058302860463,0.44963144963144963,44.149885394851836,1.0,0.006112403160453463,1.7984599503483427,0.9911358900907186,0.3505747126436781,0.44396871345046607,0.5318627046814965,2,2,4
"frozenset({'29237211', '28862528'})","frozenset({'25451555', '19358975'})",0.012405591059772392,0.01777109463107891,0.006254058302860463,0.5041322314049588,28.36810235219327,1.0,0.006033597370182781,1.980828292493991,0.9768677621345397,0.26142857142857145,0.49516068414949027,0.4280276541640179,2,2,4
frozenset({'25451555'}),"frozenset({'19358975', '29237211', '28862528'})",0.032466422883701856,0.007450189672260005,0.006254058302860463,0.19263157894736843,25.855929502655723,1.0,0.006012177294397082,1.2293641718531332,0.9935822122471464,0.18578680203045686,0.18657138145435898,0.5160405601158861,1,3,4
frozenset({'19358975'}),"frozenset({'25451555', '29237211', '28862528'})",0.04302655411640067,0.008509620313728171,0.006254058302860463,0.1453534551231136,17.08107409782099,1.0,0.005887918663921816,1.1601174609897922,0.9837845306131531,0.13811320754716983,0.13801831829441014,0.4401466070796291,1,3,4
frozenset({'29237211'}),"frozenset({'25451555', '19358975', '28862528'})",0.021188612829363317,0.011106934144424319,0.006254058302860463,0.29516129032258065,26.57450620347395,1.0,0.006018717775553021,1.4030061803900615,0.98320265018069,0.24015748031496065,0.28724476486484074,0.4291191066997519,1,3,4
frozenset({'28862528'}),"frozenset({'25451555', '19358975', '29237211'})",0.026485766036704144,0.00707426267044872,0.006254058302860463,0.23612903225806453,33.37860682561945,1.0,0.006066691036888769,1.2998605514027064,0.9964319544947591,0.22903629536921155,0.23068670795426538,0.5600935016362787,1,3,4
"frozenset({'25451555', '19358975', '29237211'})",frozenset({'15704307'}),0.00707426267044872,0.09107685998427942,0.005946481665014866,0.8405797101449275,9.229344427223536,1.0,0.005302180034286393,5.7014269691895185,0.8980026490506382,0.06449221645663454,0.8246053127745046,0.45293525844957444,3,1,4
"frozenset({'25451555', '19358975', '15704307'})",frozenset({'29237211'}),0.014353576432794505,0.021188612829363317,0.005946481665014866,0.41428571428571426,19.552281105990783,1.0,0.00564234929126371,1.6711413927303551,0.9626728711161913,0.20092378752886833,0.4016065879583215,0.3474654377880184,3,1,4
"frozenset({'25451555', '29237211', '15704307'})",frozenset({'19358975'}),0.007210963398380096,0.04302655411640067,0.005946481665014866,0.8246445497630331,19.16594453583488,1.0,0.00563621875812308,5.457335056255119,0.9547084891289295,0.13425925925925927,0.8167603803519788,0.48142473715316075,3,1,4
"frozenset({'19358975', '29237211', '15704307'})",frozenset({'25451555'}),0.007518540036225693,0.032466422883701856,0.005946481665014866,0.7909090909090909,24.360832535885166,1.0,0.00570238156473072,4.627334499251861,0.9662150261600028,0.17469879518072287,0.7838928652852569,0.4870334928229665,3,1,4
"frozenset({'25451555', '19358975'})","frozenset({'29237211', '15704307'})",0.01777109463107891,0.010765182324595878,0.005946481665014866,0.33461538461538465,31.08311355311356,1.0,0.005755172591203655,1.4867112866797982,0.9853387387236064,0.2632375189107413,0.3273744479109642,0.44349816849816853,2,2,4
"frozenset({'25451555', '29237211'})","frozenset({'19358975', '15704307'})",0.01018420423088753,0.030791838966542497,0.005946481665014866,0.5838926174496644,18.96257700243577,1.0,0.005632891288334997,2.329226064419115,0.9570109465862311,0.1697560975609756,0.570672844823506,0.38850568719320067,2,2,4
"frozenset({'25451555', '15704307'})","frozenset({'19358975', '29237211'})",0.01978743036806671,0.009534875773213493,0.005946481665014866,0.30051813471502586,31.517781863427853,1.0,0.0057578109745842375,1.4159982887094058,0.9878182640079444,0.2543859649122807,0.2937844572457516,0.4620870243467602,2,2,4
"frozenset({'19358975', '29237211'})","frozenset({'25451555', '15704307'})",0.009534875773213493,0.01978743036806671,0.005946481665014866,0.6236559139784945,31.517781863427853,1.0,0.0057578109745842375,2.6045648278791362,0.9775931077315527,0.2543859649122807,0.6160587022845243,0.4620870243467602,2,2,4
"frozenset({'19358975', '15704307'})","frozenset({'25451555', '29237211'})",0.030791838966542497,0.01018420423088753,0.005946481665014866,0.19311875693673694,18.96257700243577,1.0,0.005632891288334997,1.2267180632571808,0.977359239985085,0.1697560975609756,0.1848167643795829,0.38850568719320067,2,2,4
"frozenset({'29237211', '15704307'})","frozenset({'25451555', '19358975'})",0.010765182324595878,0.01777109463107891,0.005946481665014866,0.5523809523809524,31.08311355311356,1.0,0.005755172591203655,2.1943411715688663,0.9783604190442609,0.2632375189107413,0.5442823509139921,0.44349816849816853,2,2,4
frozenset({'25451555'}),"frozenset({'19358975', '29237211', '15704307'})",0.032466422883701856,0.007518540036225693,0.005946481665014866,0.1831578947368421,24.360832535885166,1.0,0.00570238156473072,1.2150224058834866,0.9911289101307846,0.17469879518072287,0.17696991005456894,0.4870334928229665,1,3,4
frozenset({'19358975'}),"frozenset({'25451555', '29237211', '15704307'})",0.04302655411640067,0.007210963398380096,0.005946481665014866,0.13820492454328834,19.165944535834882,1.0,0.00563621875812308,1.152001287632663,0.9904393118061352,0.13425925925925927,0.13194541470090052,0.48142473715316075,1,3,4
frozenset({'29237211'}),"frozenset({'25451555', '19358975', '15704307'})",0.021188612829363317,0.014353576432794505,0.005946481665014866,0.2806451612903226,19.552281105990783,1.0,0.00564234929126371,1.3701811269319897,0.9693952123131899,0.20092378752886833,0.2701694831842214,0.3474654377880184,1,3,4
frozenset({'15704307'}),"frozenset({'25451555', '19358975', '29237211'})",0.09107685998427942,0.00707426267044872,0.005946481665014866,0.06529080675422139,9.229344427223536,1.0,0.005302180034286393,1.0622830549912703,0.9809959755420831,0.06449221645663454,0.058631317423944104,0.45293525844957444,1,3,4
"frozenset({'29237211', '23093367'})",frozenset({'28862528'}),0.00943235022726496,0.026485766036704144,0.007586890400191381,0.8043478260869565,30.3690603085554,1.0,0.007337067378895788,4.975739418034624,0.9762803686902359,0.2677925211097708,0.7990248451565835,0.5453997194950911,2,1,3
"frozenset({'29237211', '28862528'})",frozenset({'23093367'}),0.012405591059772392,0.03899388264242507,0.007586890400191381,0.6115702479338843,15.683748487987193,1.0,0.0071031482382966984,2.4740795787290755,0.9480002356845044,0.17316692667706704,0.5958092825317706,0.4030682089800885,2,1,3
"frozenset({'23093367', '28862528'})",frozenset({'29237211'}),0.01438775161477735,0.021188612829363317,0.007586890400191381,0.5273159144893111,24.886759635276988,1.0,0.007282033901740817,2.070751728637377,0.9738292036835727,0.271062271062271,0.517083585554685,0.4426902153091717,2,1,3
frozenset({'29237211'}),"frozenset({'23093367', '28862528'})",0.021188612829363317,0.01438775161477735,0.007586890400191381,0.35806451612903223,24.886759635276988,1.0,0.007282033901740817,1.5353758643186886,0.9805954482816325,0.271062271062271,0.3486936826092792,0.4426902153091717,1,2,3
frozenset({'23093367'}),"frozenset({'29237211', '28862528'})",0.03899388264242507,0.012405591059772392,0.007586890400191381,0.1945661700262927,15.683748487987193,1.0,0.0071031482382966984,1.2261645490759518,0.9742286917073546,0.17316692667706704,0.18444877504115684,0.4030682089800885,1,2,3
frozenset({'28862528'}),"frozenset({'29237211', '23093367'})",0.026485766036704144,0.00943235022726496,0.007586890400191381,0.2864516129032258,30.3690603085554,1.0,0.007337067378895788,1.3882277189400896,0.9933822399244011,0.2677925211097708,0.27965708625707403,0.5453997194950911,1,2,3
"frozenset({'19358975', '29237211'})",frozenset({'23093367'}),0.009534875773213493,0.03899388264242507,0.007347664126311473,0.7706093189964157,19.762313131598702,1.0,0.006975862299400684,4.189386042855677,0.9585381784684319,0.17842323651452283,0.7613015392302319,0.47952025984877755,2,1,3
"frozenset({'19358975', '23093367'})",frozenset({'29237211'}),0.024298554389802125,0.021188612829363317,0.007347664126311473,0.30239099859353025,14.271391951363368,1.0,0.006832811465032729,1.4030945489482312,0.9530884209668878,0.19265232974910393,0.28728965503457593,0.3245825960709587,2,1,3
"frozenset({'29237211', '23093367'})",frozenset({'19358975'}),0.00943235022726496,0.04302655411640067,0.007347664126311473,0.7789855072463769,18.104761658090737,1.0,0.006941822598813213,4.32991264039137,0.9537621303721652,0.1628787878787879,0.7690484582364201,0.4748779799933235,2,1,3
frozenset({'19358975'}),"frozenset({'29237211', '23093367'})",0.04302655411640067,0.00943235022726496,0.007347664126311473,0.17077045274027006,18.104761658090734,1.0,0.006941822598813213,1.1945638611722924,0.9872436022011717,0.1628787878787879,0.16287439081017913,0.4748779799933235,1,2,3
frozenset({'29237211'}),"frozenset({'19358975', '23093367'})",0.021188612829363317,0.024298554389802125,0.007347664126311473,0.3467741935483871,14.27139195136337,1.0,0.006832811465032729,1.4936664105637598,0.9500602080445741,0.19265232974910393,0.3305064685610983,0.3245825960709587,1,2,3
frozenset({'23093367'}),"frozenset({'19358975', '29237211'})",0.03899388264242507,0.009534875773213493,0.007347664126311473,0.18843120070113936,19.762313131598702,1.0,0.006975862299400684,1.2204327286638914,0.9879215323034173,0.17842323651452283,0.18061849988668965,0.47952025984877755,1,2,3
"frozenset({'25451555', '29237211'})",frozenset({'23093367'}),0.01018420423088753,0.03899388264242507,0.007347664126311473,0.7214765100671141,18.50229987824174,1.0,0.006950542461725755,3.4503593129223775,0.9556855619318633,0.17565359477124184,0.7101751124137207,0.45495385538412675,2,1,3
"frozenset({'25451555', '23093367'})",frozenset({'29237211'}),0.02019753255186084,0.021188612829363317,0.007347664126311473,0.3637901861252115,17.16913651001583,1.0,0.006919706428961631,1.5385040686644849,0.961169198822203,0.21586345381526104,0.3500179685140119,0.3552821898367993,2,1,3
"frozenset({'29237211', '23093367'})",frozenset({'25451555'}),0.00943235022726496,0.032466422883701856,0.007347664126311473,0.7789855072463769,23.99357360793288,1.0,0.007041429455045907,4.377692906296696,0.9674474768424726,0.21266073194856575,0.7715691754984365,0.5026506483600306,2,1,3
frozenset({'25451555'}),"frozenset({'29237211', '23093367'})",0.032466422883701856,0.00943235022726496,0.007347664126311473,0.22631578947368422,23.993573607932877,1.0,0.007041429455045907,1.2803255337198616,0.9904794997096206,0.21266073194856575,0.21894863949592802,0.5026506483600306,1,2,3
frozenset({'29237211'}),"frozenset({'25451555', '23093367'})",0.021188612829363317,0.02019753255186084,0.007347664126311473,0.3467741935483871,17.16913651001583,1.0,0.006919706428961631,1.4999445180687563,0.9621424157757257,0.21586345381526104,0.3333086737851188,0.3552821898367993,1,2,3
frozenset({'23093367'}),"frozenset({'25451555', '29237211'})",0.03899388264242507,0.01018420423088753,0.007347664126311473,0.18843120070113936,18.50229987824174,1.0,0.006950542461725755,1.2196326381993061,0.9843357372059942,0.17565359477124184,0.18008097792756408,0.45495385538412675,1,2,3
"frozenset({'29237211', '15704307'})",frozenset({'23093367'}),0.010765182324595878,0.03899388264242507,0.007142613034414408,0.6634920634920635,17.01528595078113,1.0,0.006722836778224808,2.855820065732416,0.9514720861184512,0.16760224538893342,0.6498378829957777,0.42333235952867854,2,1,3
"frozenset({'29237211', '23093367'})",frozenset({'15704307'}),0.00943235022726496,0.09107685998427942,0.007142613034414408,0.7572463768115942,8.314366315903962,1.0,0.006283544193443111,3.744220696184163,0.8881031518530043,0.07650073206442166,0.7329217262702684,0.41783519591048757,2,1,3
"frozenset({'15704307', '23093367'})",frozenset({'29237211'}),0.025563036123167356,0.021188612829363317,0.007142613034414408,0.27941176470588236,13.18688330170778,1.0,0.006600967759257587,1.3583504964817,0.9484113433023165,0.180327868852459,0.2638129830333726,0.30825426944971535,2,1,3
frozenset({'29237211'}),"frozenset({'15704307', '23093367'})",0.021188612829363317,0.025563036123167356,0.007142613034414408,0.3370967741935484,13.18688330170778,1.0,0.006600967759257587,1.469953570811767,0.9441727813825966,0.180327868852459,0.31970640443578086,0.30825426944971535,1,2,3
frozenset({'15704307'}),"frozenset({'29237211', '23093367'})",0.09107685998427942,0.00943235022726496,0.007142613034414408,0.07842401500938086,8.314366315903962,1.0,0.006283544193443111,1.074862698145089,0.967877494978919,0.07650073206442166,0.06964861491079845,0.41783519591048757,1,2,3
frozenset({'23093367'}),"frozenset({'29237211', '15704307'})",0.03899388264242507,0.010765182324595878,0.007142613034414408,0.18317265556529358,17.01528595078113,1.0,0.006722836778224808,1.211069664128365,0.9794207327448325,0.16760224538893342,0.17428366871056641,0.42333235952867854,1,2,3
"frozenset({'19358975', '29237211', '23093367'})",frozenset({'28862528'}),0.007347664126311473,0.026485766036704144,0.006356583848808995,0.8651162790697674,32.66344186046511,1.0,0.006161975335843226,7.217433113865812,0.9765601689274485,0.23134328358208955,0.8614465857565282,0.5525581395348838,3,1,4
"frozenset({'19358975', '29237211', '28862528'})",frozenset({'23093367'}),0.007450189672260005,0.03899388264242507,0.006356583848808995,0.8532110091743119,21.880637457887413,1.0,0.0060660720270650816,6.5468541744984785,0.9614605558906167,0.15856777493606136,0.8472548840487034,0.508112954192765,3,1,4
"frozenset({'19358975', '23093367', '28862528'})",frozenset({'29237211'}),0.011687912238132668,0.021188612829363317,0.006356583848808995,0.543859649122807,25.667543859649125,1.0,0.0061089332016116245,2.14585573341255,0.9724056848438742,0.23969072164948454,0.5339854471904771,0.4219298245614035,3,1,4
"frozenset({'29237211', '23093367', '28862528'})",frozenset({'19358975'}),0.007586890400191381,0.04302655411640067,0.006356583848808995,0.8378378378378379,19.472575832385207,1.0,0.00603014609842996,5.901336249615533,0.9558980192377546,0.14362934362934365,0.8305468528309755,0.49278706824378,3,1,4
"frozenset({'19358975', '29237211'})","frozenset({'23093367', '28862528'})",0.009534875773213493,0.01438775161477735,0.006356583848808995,0.6666666666666666,46.33570863024544,1.0,0.006219398424506241,2.956836745155668,0.9878372783106756,0.36186770428015563,0.6618007397133611,0.5542359461599367,2,2,4
"frozenset({'19358975', '23093367'})","frozenset({'29237211', '28862528'})",0.024298554389802125,0.012405591059772392,0.006356583848808995,0.2616033755274262,21.087538212969747,1.0,0.006055145919705473,1.3374849995361942,0.9763013389074063,0.20945945945945948,0.2523280632330271,0.38700003487115114,2,2,4
"frozenset({'19358975', '28862528'})","frozenset({'29237211', '23093367'})",0.013909299067017532,0.00943235022726496,0.006356583848808995,0.457002457002457,48.45053947227861,1.0,0.006225386468593116,1.8242580699434532,0.9931747596911705,0.3742454728370221,0.45183194391405535,0.565457750240359,2,2,4
"frozenset({'29237211', '23093367'})","frozenset({'19358975', '28862528'})",0.00943235022726496,0.013909299067017532,0.006356583848808995,0.673913043478261,48.45053947227861,1.0,0.006225386468593116,3.0240114828611473,0.9886860278119383,0.3742454728370221,0.6693134250092672,0.565457750240359,2,2,4
"frozenset({'29237211', '28862528'})","frozenset({'19358975', '23093367'})",0.012405591059772392,0.024298554389802125,0.006356583848808995,0.5123966942148761,21.087538212969747,1.0,0.006055145919705473,2.001014829132779,0.9645443707456036,0.20945945945945948,0.5002535786137124,0.38700003487115114,2,2,4
"frozenset({'23093367', '28862528'})","frozenset({'19358975', '29237211'})",0.01438775161477735,0.009534875773213493,0.006356583848808995,0.4418052256532066,46.33570863024544,1.0,0.006219398424506241,1.774407733189264,0.9927011095700415,0.36186770428015563,0.43643167165269753,0.5542359461599367,2,2,4
frozenset({'19358975'}),"frozenset({'29237211', '23093367', '28862528'})",0.04302655411640067,0.007586890400191381,0.006356583848808995,0.14773629864972201,19.472575832385207,1.0,0.00603014609842996,1.164443713873401,0.9912978566047126,0.14362934362934365,0.14122083524878665,0.49278706824378,1,3,4
frozenset({'29237211'}),"frozenset({'19358975', '23093367', '28862528'})",0.021188612829363317,0.011687912238132668,0.006356583848808995,0.3,25.667543859649122,1.0,0.0061089332016116245,1.4118744110883819,0.9818442093502322,0.23969072164948454,0.2917217054531623,0.4219298245614035,1,3,4
frozenset({'23093367'}),"frozenset({'19358975', '29237211', '28862528'})",0.03899388264242507,0.007450189672260005,0.006356583848808995,0.16301489921121823,21.880637457887413,1.0,0.0060660720270650816,1.185863176527698,0.9930191651753622,0.15856777493606136,0.15673239561407074,0.508112954192765,1,3,4
frozenset({'28862528'}),"frozenset({'19358975', '29237211', '23093367'})",0.026485766036704144,0.007347664126311473,0.006356583848808995,0.24000000000000002,32.66344186046512,1.0,0.006161975335843226,1.3061214945706427,0.9957581502024386,0.23134328358208955,0.23437444054258766,0.5525581395348838,1,3,4
"frozenset({'25451555', '29237211', '23093367'})",frozenset({'28862528'}),0.007347664126311473,0.026485766036704144,0.0065274597587232155,0.8883720930232558,33.54149137284321,1.0,0.006332851245757446,8.721065012587859,0.9773675480633176,0.2390488110137672,0.8853351054536786,0.5674118529632408,3,1,4
"frozenset({'25451555', '29237211', '28862528'})",frozenset({'23093367'}),0.008509620313728171,0.03899388264242507,0.0065274597587232155,0.7670682730923695,19.67150283869923,1.0,0.006195636622878102,4.125698676242003,0.9573113995797369,0.15929941618015012,0.7576168114849154,0.4672326466250629,3,1,4
"frozenset({'25451555', '23093367', '28862528'})",frozenset({'29237211'}),0.011858788148046888,0.021188612829363317,0.0065274597587232155,0.5504322766570606,25.977740076229438,1.0,0.006276188488028808,2.1772278932577627,0.9730446346214645,0.24613402061855671,0.540700354291479,0.42924839639304646,3,1,4
"frozenset({'29237211', '23093367', '28862528'})",frozenset({'25451555'}),0.007586890400191381,0.032466422883701856,0.0065274597587232155,0.8603603603603605,26.50000474158369,1.0,0.0062811405666183045,6.928788842574785,0.9696205626338582,0.19469928644240572,0.8556746319276786,0.5307064959696539,3,1,4
"frozenset({'25451555', '29237211'})","frozenset({'23093367', '28862528'})",0.01018420423088753,0.01438775161477735,0.0065274597587232155,0.6409395973154363,44.54758564619235,1.0,0.006380931957855041,2.744976168399966,0.9876101174761155,0.36174242424242425,0.6356981122415736,0.5473106537646065,2,2,4
"frozenset({'25451555', '23093367'})","frozenset({'29237211', '28862528'})",0.02019753255186084,0.012405591059772392,0.0065274597587232155,0.32318104906937395,26.051241533936505,1.0,0.006276897429468389,1.4591707392091864,0.9814367134955085,0.25032765399737883,0.31467923997574054,0.42467592398372284,2,2,4
"frozenset({'25451555', '28862528'})","frozenset({'29237211', '23093367'})",0.015925634804005332,0.00943235022726496,0.0065274597587232155,0.40987124463519314,43.45377713503763,1.0,0.006377243593660317,1.6785619083421617,0.9927979788521314,0.34664246823956446,0.40425194028878336,0.5509501150712198,2,2,4
"frozenset({'29237211', '23093367'})","frozenset({'25451555', '28862528'})",0.00943235022726496,0.015925634804005332,0.0065274597587232155,0.6920289855072465,43.45377713503763,1.0,0.006377243593660317,3.1953473505187597,0.9862900742124244,0.34664246823956446,0.6870449781186851,0.5509501150712198,2,2,4
"frozenset({'29237211', '28862528'})","frozenset({'25451555', '23093367'})",0.012405591059772392,0.02019753255186084,0.0065274597587232155,0.5261707988980717,26.05124153393651,1.0,0.006276897429468389,2.067838928393457,0.9736933551081814,0.25032765399737883,0.5164033396078297,0.42467592398372284,2,2,4
"frozenset({'23093367', '28862528'})","frozenset({'25451555', '29237211'})",0.01438775161477735,0.01018420423088753,0.0065274597587232155,0.45368171021377673,44.54758564619235,1.0,0.006380931957855041,1.8117932609512883,0.991822185591565,0.36174242424242425,0.448060647120993,0.5473106537646065,2,2,4
frozenset({'25451555'}),"frozenset({'29237211', '23093367', '28862528'})",0.032466422883701856,0.007586890400191381,0.0065274597587232155,0.20105263157894737,26.50000474158369,1.0,0.0062811405666183045,1.2421507959417895,0.9945537606698671,0.19469928644240572,0.19494476575059674,0.5307064959696539,1,3,4
frozenset({'29237211'}),"frozenset({'25451555', '23093367', '28862528'})",0.021188612829363317,0.011858788148046888,0.0065274597587232155,0.3080645161290323,25.977740076229438,1.0,0.006276188488028808,1.4280828702755501,0.9823194918279748,0.24613402061855671,0.2997605245366125,0.42924839639304646,1,3,4
frozenset({'23093367'}),"frozenset({'25451555', '29237211', '28862528'})",0.03899388264242507,0.008509620313728171,0.0065274597587232155,0.16739702015775637,19.671502838699233,1.0,0.006195636622878102,1.1908321297074065,0.9876784610457798,0.15929941618015012,0.1602510756526992,0.4672326466250629,1,3,4
frozenset({'28862528'}),"frozenset({'25451555', '29237211', '23093367'})",0.026485766036704144,0.007347664126311473,0.0065274597587232155,0.24645161290322584,33.54149137284321,1.0,0.006332851245757446,1.3173040416131996,0.9965814014269158,0.2390488110137672,0.24087380861947572,0.5674118529632408,1,3,4
"frozenset({'25451555', '19358975', '29237211'})",frozenset({'23093367'}),0.00707426267044872,0.03899388264242507,0.0062198831208776185,0.8792270531400965,22.547820159449923,1.0,0.005944030152524453,7.957130651720714,0.9624584990283346,0.15608919382504285,0.8743265576789603,0.5193681277970421,3,1,4
"frozenset({'25451555', '19358975', '23093367'})",frozenset({'29237211'}),0.015207955982365606,0.021188612829363317,0.0062198831208776185,0.40898876404494383,19.30229068503081,1.0,0.005897647629641274,1.6561637539579215,0.962835436357091,0.20611551528878821,0.3961949731056563,0.351268575570859,3,1,4
"frozenset({'25451555', '29237211', '23093367'})",frozenset({'19358975'}),0.007347664126311473,0.04302655411640067,0.0062198831208776185,0.8465116279069766,19.67416739013983,1.0,0.005903738452717742,6.2348269959082945,0.9561977477180948,0.14086687306501547,0.839610625819086,0.49553540092727705,3,1,4
"frozenset({'19358975', '29237211', '23093367'})",frozenset({'25451555'}),0.007347664126311473,0.032466422883701856,0.0062198831208776185,0.8465116279069766,26.073449204406362,1.0,0.005981330750145384,6.303627850909211,0.9687649677321233,0.18514750762970497,0.8413611933236567,0.5190452876376989,3,1,4
"frozenset({'25451555', '19358975'})","frozenset({'29237211', '23093367'})",0.01777109463107891,0.00943235022726496,0.0062198831208776185,0.35000000000000003,37.10634057971015,1.0,0.006052259932395414,1.5239502304195927,0.990655459845815,0.2964169381107492,0.34381059168535455,0.5047101449275363,2,2,4
"frozenset({'25451555', '29237211'})","frozenset({'19358975', '23093367'})",0.01018420423088753,0.024298554389802125,0.0062198831208776185,0.6107382550335569,25.134756794004094,1.0,0.005972421680456545,2.506543368895163,0.9700940912486677,0.22007255139056833,0.6010442059732718,0.4333578757586913,2,2,4
"frozenset({'25451555', '23093367'})","frozenset({'19358975', '29237211'})",0.02019753255186084,0.009534875773213493,0.0062198831208776185,0.3079526226734348,32.29749710411246,1.0,0.006027302157070189,1.4312099961321045,0.989013480415643,0.26453488372093026,0.30129051452789235,0.4801411858886887,2,2,4
"frozenset({'19358975', '29237211'})","frozenset({'25451555', '23093367'})",0.009534875773213493,0.02019753255186084,0.0062198831208776185,0.6523297491039426,32.29749710411246,1.0,0.006027302157070189,2.81819472595908,0.9783664510218922,0.26453488372093026,0.6451629155399534,0.4801411858886887,2,2,4
"frozenset({'19358975', '23093367'})","frozenset({'25451555', '29237211'})",0.024298554389802125,0.01018420423088753,0.0062198831208776185,0.2559774964838256,25.134756794004097,1.0,0.005972421680456545,1.3303573360904328,0.9841273262639287,0.22007255139056833,0.24832225683158585,0.4333578757586913,2,2,4
"frozenset({'29237211', '23093367'})","frozenset({'25451555', '19358975'})",0.00943235022726496,0.01777109463107891,0.0062198831208776185,0.6594202898550725,37.10634057971015,1.0,0.006052259932395414,2.8839912540619386,0.98231597624387,0.2964169381107492,0.6532583104780375,0.5047101449275363,2,2,4
frozenset({'25451555'}),"frozenset({'19358975', '29237211', '23093367'})",0.032466422883701856,0.007347664126311473,0.0062198831208776185,0.19157894736842104,26.073449204406362,1.0,0.005981330750145384,1.2278902592187553,0.9939156954098142,0.18514750762970497,0.18559497276552256,0.5190452876376989,1,3,4
frozenset({'19358975'}),"frozenset({'25451555', '29237211', '23093367'})",0.04302655411640067,0.007347664126311473,0.0062198831208776185,0.14455917394757745,19.67416739013983,1.0,0.005903738452717742,1.1603985987604213,0.9918477173137554,0.14086687306501547,0.13822715654066184,0.49553540092727705,1,3,4
frozenset({'29237211'}),"frozenset({'25451555', '19358975', '23093367'})",0.021188612829363317,0.015207955982365606,0.0062198831208776185,0.29354838709677417,19.30229068503081,1.0,0.005897647629641274,1.3939978705272449,0.9687184781978958,0.20611551528878821,0.2826387893822428,0.351268575570859,1,3,4
frozenset({'23093367'}),"frozenset({'25451555', '19358975', '29237211'})",0.03899388264242507,0.00707426267044872,0.0062198831208776185,0.15950920245398773,22.547820159449927,1.0,0.005944030152524453,1.18136419842859,0.9944263595579385,0.15608919382504285,0.15352098757507177,0.5193681277970421,1,3,4
"frozenset({'19358975', '29237211', '15704307'})",frozenset({'23093367'}),0.007518540036225693,0.03899388264242507,0.006185707938894775,0.8227272727272728,21.098880567285477,1.0,0.005892530871079816,5.4210601491965775,0.9598205699277131,0.15338983050847457,0.8155342363894996,0.49068002549597645,3,1,4
"frozenset({'19358975', '29237211', '23093367'})",frozenset({'15704307'}),0.007347664126311473,0.09107685998427942,0.006185707938894775,0.8418604651162791,9.24340678040054,1.0,0.005516505762051192,5.74760220892294,0.8984160388760369,0.06706187476843276,0.8260144032849843,0.4548889567607662,3,1,4
"frozenset({'19358975', '15704307', '23093367'})",frozenset({'29237211'}),0.01927480263832405,0.021188612829363317,0.006185707938894775,0.32092198581560283,15.14596488217799,1.0,0.005777301608428936,1.44138282601629,0.9523318220839301,0.18045862412761715,0.3062217878897509,0.30642873484328526,3,1,4
"frozenset({'29237211', '15704307', '23093367'})",frozenset({'19358975'}),0.007142613034414408,0.04302655411640067,0.006185707938894775,0.8660287081339714,20.12777285838613,1.0,0.005878385912637034,7.143123221059728,0.9571539848912561,0.14063714063714064,0.8600052149385092,0.5048968004530063,3,1,4
"frozenset({'19358975', '29237211'})","frozenset({'15704307', '23093367'})",0.009534875773213493,0.025563036123167356,0.006185707938894775,0.6487455197132617,25.378265577980947,1.0,0.005941967565074205,2.774162376751391,0.9698435416762777,0.21394799054373523,0.6395308333858152,0.44536206466946504,2,2,4
"frozenset({'19358975', '15704307'})","frozenset({'29237211', '23093367'})",0.030791838966542497,0.00943235022726496,0.006185707938894775,0.20088790233074363,21.297756920651775,1.0,0.005895268529620802,1.239585350618381,0.9833250863016154,0.1817269076305221,0.19327862377436222,0.4283425018900095,2,2,4
"frozenset({'19358975', '23093367'})","frozenset({'29237211', '15704307'})",0.024298554389802125,0.010765182324595878,0.006185707938894775,0.2545710267229255,23.64762797758579,1.0,0.005924129570664446,1.3270678403154952,0.9815630230960513,0.21420118343195266,0.24645902069161618,0.41458710066305005,2,2,4
"frozenset({'29237211', '15704307'})","frozenset({'19358975', '23093367'})",0.010765182324595878,0.024298554389802125,0.006185707938894775,0.5746031746031747,23.64762797758579,1.0,0.005924129570664446,2.293626532591137,0.968134606142205,0.21420118343195266,0.5640092291440804,0.41458710066305005,2,2,4
"frozenset({'29237211', '23093367'})","frozenset({'19358975', '15704307'})",0.00943235022726496,0.030791838966542497,0.006185707938894775,0.6557971014492754,21.29775692065177,1.0,0.005895268529620802,2.8158047625814135,0.9621217680701678,0.1817269076305221,0.6448617413789579,0.4283425018900095,2,2,4
"frozenset({'15704307', '23093367'})","frozenset({'19358975', '29237211'})",0.025563036123167356,0.009534875773213493,0.006185707938894775,0.24197860962566844,25.378265577980944,1.0,0.005941967565074205,1.3066453490681416,0.9857961464897372,0.21394799054373523,0.2346813917692597,0.44536206466946504,2,2,4
frozenset({'19358975'}),"frozenset({'29237211', '15704307', '23093367'})",0.04302655411640067,0.007142613034414408,0.006185707938894775,0.14376489277204132,20.12777285838613,1.0,0.005878385912637034,1.1595616421054473,0.9930446957024774,0.14063714063714064,0.1376051400042235,0.5048968004530063,1,3,4
frozenset({'29237211'}),"frozenset({'19358975', '15704307', '23093367'})",0.021188612829363317,0.01927480263832405,0.006185707938894775,0.29193548387096774,15.14596488217799,1.0,0.005777301608428936,1.3850788664333467,0.9541938583967928,0.18045862412761715,0.2780194512857925,0.30642873484328526,1,3,4
frozenset({'15704307'}),"frozenset({'19358975', '29237211', '23093367'})",0.09107685998427942,0.007347664126311473,0.006185707938894775,0.06791744840525328,9.24340678040054,1.0,0.005516505762051192,1.0649832830528905,0.9811773298689039,0.06706187476843276,0.06101812496681527,0.4548889567607662,1,3,4
frozenset({'23093367'}),"frozenset({'19358975', '29237211', '15704307'})",0.03899388264242507,0.007518540036225693,0.006185707938894775,0.1586327782646801,21.098880567285477,1.0,0.005892530871079816,1.179605568561111,0.9912570829043641,0.15338983050847457,0.1522590036432218,0.49068002549597645,1,3,4
"frozenset({'25451555', '29237211', '15704307'})",frozenset({'23093367'}),0.007210963398380096,0.03899388264242507,0.005980656846997711,0.8293838862559243,21.269589742098685,1.0,0.005699473386502454,5.632563632290235,0.9599063683304647,0.14868309260832627,0.8224609493504481,0.4913790596923793,3,1,4
"frozenset({'25451555', '29237211', '23093367'})",frozenset({'15704307'}),0.007347664126311473,0.09107685998427942,0.005980656846997711,0.813953488372093,8.936995505912126,1.0,0.005311454670154128,4.885461877584499,0.8946793755717531,0.06469500924214418,0.7953110626882168,0.4398097648239452,3,1,4
"frozenset({'25451555', '15704307', '23093367'})",frozenset({'29237211'}),0.015310481528314138,0.021188612829363317,0.005980656846997711,0.39062500000000006,18.43560987903226,1.0,0.005656248981663144,1.606254584074891,0.9604622913268318,0.19596864501679734,0.37743368335602817,0.33644153225806456,3,1,4
"frozenset({'29237211', '15704307', '23093367'})",frozenset({'25451555'}),0.007142613034414408,0.032466422883701856,0.005980656846997711,0.8373205741626796,25.790355074288595,1.0,0.005748761751727772,5.947485812273721,0.9681408705572275,0.17784552845528456,0.8318617258512299,0.5107655502392345,3,1,4
"frozenset({'25451555', '29237211'})","frozenset({'15704307', '23093367'})",0.01018420423088753,0.025563036123167356,0.005980656846997711,0.587248322147651,22.97255769299788,1.0,0.005720317666357819,2.360831018173139,0.9663109089922609,0.2009184845005741,0.5764203399979804,0.41060277069949397,2,2,4
"frozenset({'25451555', '15704307'})","frozenset({'29237211', '23093367'})",0.01978743036806671,0.00943235022726496,0.005980656846997711,0.3022452504317789,32.043472003203924,1.0,0.0057940148736684875,1.419650171332707,0.9883492882544554,0.2573529411764706,0.29560111343399287,0.46815161072313594,2,2,4
"frozenset({'25451555', '23093367'})","frozenset({'29237211', '15704307'})",0.02019753255186084,0.010765182324595878,0.005980656846997711,0.2961082910321489,27.506110171084792,1.0,0.005763226726569969,1.4053792722263554,0.9835088943146147,0.2393980848153215,0.2884483073271509,0.4258319232938522,2,2,4
"frozenset({'29237211', '15704307'})","frozenset({'25451555', '23093367'})",0.010765182324595878,0.02019753255186084,0.005980656846997711,0.5555555555555556,27.506110171084792,1.0,0.005763226726569969,2.2045555517583133,0.9741311407448353,0.2393980848153215,0.5463938301747859,0.4258319232938522,2,2,4
"frozenset({'29237211', '23093367'})","frozenset({'25451555', '15704307'})",0.00943235022726496,0.01978743036806671,0.005980656846997711,0.6340579710144929,32.04347200320393,1.0,0.0057940148736684875,2.678600685330829,0.9780173981616108,0.2573529411764706,0.6266707443642381,0.46815161072313594,2,2,4
"frozenset({'15704307', '23093367'})","frozenset({'25451555', '29237211'})",0.025563036123167356,0.01018420423088753,0.005980656846997711,0.23395721925133692,22.97255769299788,1.0,0.005720317666357819,1.2921155588748625,0.9815614932537037,0.2009184845005741,0.22607541320006108,0.41060277069949397,2,2,4
frozenset({'25451555'}),"frozenset({'29237211', '15704307', '23093367'})",0.032466422883701856,0.007142613034414408,0.005980656846997711,0.1842105263157895,25.790355074288595,1.0,0.005748761751727772,1.2170509904739437,0.993480575445183,0.17784552845528456,0.1783417393131735,0.5107655502392345,1,3,4
frozenset({'29237211'}),"frozenset({'25451555', '15704307', '23093367'})",0.021188612829363317,0.015310481528314138,0.005980656846997711,0.28225806451612906,18.43560987903226,1.0,0.005656248981663144,1.3719269695560565,0.966230229391432,0.19596864501679734,0.271098227390638,0.33644153225806456,1,3,4
frozenset({'15704307'}),"frozenset({'25451555', '29237211', '23093367'})",0.09107685998427942,0.007347664126311473,0.005980656846997711,0.06566604127579738,8.936995505912126,1.0,0.005311454670154128,1.0624170582744497,0.9770964484455233,0.06469500924214418,0.05875005280489937,0.4398097648239452,1,3,4
frozenset({'23093367'}),"frozenset({'25451555', '29237211', '15704307'})",0.03899388264242507,0.007210963398380096,0.005980656846997711,0.15337423312883436,21.269589742098685,1.0,0.005699473386502454,1.172642122942493,0.9916529160739688,0.14868309260832627,0.14722490311816944,0.4913790596923793,1,3,4
"frozenset({'29237211', '15704307', '23093367'})",frozenset({'28862528'}),0.007142613034414408,0.026485766036704144,0.005946481665014866,0.8325358851674641,31.43333230436796,1.0,0.005757304087294653,5.813270711380825,0.9751517690831027,0.2148148148148148,0.8279797983530565,0.5285260070998611,3,1,4
"frozenset({'29237211', '15704307', '28862528'})",frozenset({'23093367'}),0.007860291856054134,0.03899388264242507,0.005946481665014866,0.7565217391304347,19.401036466867353,1.0,0.005639978366844682,3.9469894105757533,0.9559705697080845,0.14536340852130325,0.7466423402807841,0.4545097740349807,3,1,4
"frozenset({'29237211', '23093367', '28862528'})",frozenset({'15704307'}),0.007586890400191381,0.09107685998427942,0.005946481665014866,0.7837837837837838,8.605740074032756,1.0,0.005255491510320562,4.203769522572707,0.8905550324118219,0.06413564319941024,0.7621182620430628,0.4245372952690026,3,1,4
"frozenset({'15704307', '23093367', '28862528'})",frozenset({'29237211'}),0.011175284508390008,0.021188612829363317,0.005946481665014866,0.5321100917431192,25.113021604024855,1.0,0.005709692888308609,2.091969435325478,0.9710315748326155,0.2250970245795601,0.5219815437483122,0.4063776265167209,3,1,4
"frozenset({'29237211', '15704307'})","frozenset({'23093367', '28862528'})",0.010765182324595878,0.01438775161477735,0.005946481665014866,0.5523809523809524,38.39244429363194,1.0,0.00579159489564079,2.2018997038393273,0.984552091051828,0.3096085409252669,0.5458467076150849,0.48284130754439547,2,2,4
"frozenset({'29237211', '23093367'})","frozenset({'15704307', '28862528'})",0.00943235022726496,0.015344656710296983,0.005946481665014866,0.6304347826086957,41.08497143410477,1.0,0.005801745488806194,2.6643615171368435,0.9849505987044429,0.3157894736842105,0.6246755578895268,0.5089813111261741,2,2,4
"frozenset({'29237211', '28862528'})","frozenset({'15704307', '23093367'})",0.012405591059772392,0.025563036123167356,0.005946481665014866,0.4793388429752066,18.751248508419145,1.0,0.005629357092624662,1.8715376607793133,0.9585617427288846,0.18569903948772676,0.46568000155359035,0.3559795819154108,2,2,4
"frozenset({'15704307', '23093367'})","frozenset({'29237211', '28862528'})",0.025563036123167356,0.012405591059772392,0.005946481665014866,0.23262032085561496,18.751248508419145,1.0,0.005629357092624662,1.2869697175736765,0.9715048308273176,0.18569903948772676,0.22298094015351058,0.3559795819154108,2,2,4
"frozenset({'15704307', '28862528'})","frozenset({'29237211', '23093367'})",0.015344656710296983,0.00943235022726496,0.005946481665014866,0.38752783964365256,41.08497143410478,1.0,0.005801745488806194,1.617326817265302,0.990864678031663,0.3157894736842105,0.3816957776716549,0.5089813111261741,2,2,4
"frozenset({'23093367', '28862528'})","frozenset({'29237211', '15704307'})",0.01438775161477735,0.010765182324595878,0.005946481665014866,0.41330166270783847,38.39244429363195,1.0,0.00579159489564079,1.6861046892362153,0.9881707637859295,0.3096085409252669,0.40691701625419957,0.48284130754439547,2,2,4
frozenset({'29237211'}),"frozenset({'15704307', '23093367', '28862528'})",0.021188612829363317,0.011175284508390008,0.005946481665014866,0.2806451612903226,25.11302160402486,1.0,0.005709692888308609,1.3745993802798167,0.9809653149752767,0.2250970245795601,0.2725153129368953,0.4063776265167209,1,3,4
frozenset({'15704307'}),"frozenset({'29237211', '23093367', '28862528'})",0.09107685998427942,0.007586890400191381,0.005946481665014866,0.06529080675422139,8.605740074032758,1.0,0.005255491510320562,1.0617346194634645,0.9723577826066663,0.06413564319941024,0.05814505652519963,0.4245372952690026,1,3,4
frozenset({'23093367'}),"frozenset({'29237211', '15704307', '28862528'})",0.03899388264242507,0.007860291856054134,0.005946481665014866,0.15249780893952672,19.401036466867353,1.0,0.005639978366844682,1.1706632957520602,0.9869410245090826,0.14536340852130325,0.14578341729115396,0.4545097740349807,1,3,4
frozenset({'28862528'}),"frozenset({'29237211', '15704307', '23093367'})",0.026485766036704144,0.007142613034414408,0.005946481665014866,0.22451612903225807,31.43333230436796,1.0,0.005757304087294653,1.2803069465862376,0.994527458941315,0.2148148148148148,0.2189373004134966,0.5285260070998611,1,3,4
"frozenset({'29237211', '15704307'})",frozenset({'17131869'}),0.010765182324595878,0.05488534226444756,0.008031167765968353,0.746031746031746,13.59254976378264,1.0,0.007440317049543728,3.721388964833738,0.9365120084206688,0.13938315539739024,0.7312831285711416,0.4461790112475044,2,1,3
"frozenset({'29237211', '17131869'})",frozenset({'15704307'}),0.00926147431735074,0.09107685998427942,0.008031167765968353,0.8671586715867159,9.521174442513656,1.0,0.007187661766319,6.842171415118343,0.9033371742273563,0.08700481303221029,0.8538475669009962,0.4776693920785362,2,1,3
"frozenset({'15704307', '17131869'})",frozenset({'29237211'}),0.0422747001127781,0.021188612829363317,0.008031167765968353,0.18997574777687956,8.965936057579473,1.0,0.007135425512801257,1.2083729400499776,0.9276843252895696,0.14488286066584463,0.17244091881216692,0.28450400292069783,2,1,3
frozenset({'29237211'}),"frozenset({'15704307', '17131869'})",0.021188612829363317,0.0422747001127781,0.008031167765968353,0.3790322580645161,8.965936057579473,1.0,0.007135425512801257,1.542310872545656,0.9076996449814915,0.14488286066584463,0.3516222845855626,0.28450400292069783,1,2,3
frozenset({'15704307'}),"frozenset({'29237211', '17131869'})",0.09107685998427942,0.00926147431735074,0.008031167765968353,0.08818011257035646,9.521174442513654,1.0,0.007187661766319,1.0865506876313828,0.9846497473624253,0.08700481303221029,0.079656373712356,0.4776693920785362,1,2,3
frozenset({'17131869'}),"frozenset({'29237211', '15704307'})",0.05488534226444756,0.010765182324595878,0.008031167765968353,0.14632627646326277,13.59254976378264,1.0,0.007440317049543728,1.1587973137758563,0.98023057659536,0.13938315539739024,0.13703631505532826,0.4461790112475044,1,2,3
"frozenset({'19358975', '29237211'})",frozenset({'17131869'}),0.009534875773213493,0.05488534226444756,0.007655240764157069,0.8028673835125447,14.628083754022772,1.0,0.0071319158438952574,4.794308900149437,0.9406069161154215,0.13485851896447923,0.7914193639110675,0.47117217245365717,2,1,3
"frozenset({'19358975', '17131869'})",frozenset({'29237211'}),0.030620963056628276,0.021188612829363317,0.007655240764157069,0.25,11.798790322580645,1.0,0.007006425033487935,1.305081849560849,0.9441565309360127,0.17337461300309598,0.23376453336126532,0.3056451612903226,2,1,3
"frozenset({'29237211', '17131869'})",frozenset({'19358975'}),0.00926147431735074,0.04302655411640067,0.007655240764157069,0.8265682656826568,19.210654505274203,1.0,0.007256751438243923,5.517868166690541,0.9568069962548662,0.17151607963246554,0.8187705886058217,0.502243624501376,2,1,3
frozenset({'19358975'}),"frozenset({'29237211', '17131869'})",0.04302655411640067,0.00926147431735074,0.007655240764157069,0.17791898332009531,19.210654505274203,1.0,0.007256751438243923,1.2051592307579282,0.9905662031793647,0.17151607963246554,0.17023412800722001,0.502243624501376,1,2,3
frozenset({'29237211'}),"frozenset({'19358975', '17131869'})",0.021188612829363317,0.030620963056628276,0.007655240764157069,0.36129032258064514,11.798790322580645,1.0,0.007006425033487935,1.5177146538002284,0.9350581334450614,0.17337461300309598,0.34111461762849493,0.3056451612903226,1,2,3
frozenset({'17131869'}),"frozenset({'19358975', '29237211'})",0.05488534226444756,0.009534875773213493,0.007655240764157069,0.13947696139476962,14.628083754022772,1.0,0.0071319158438952574,1.15100361035327,0.9857410827285172,0.13485851896447923,0.13119299452668395,0.47117217245365717,1,2,3
"frozenset({'29237211', '17131869'})",frozenset({'28862528'}),0.00926147431735074,0.026485766036704144,0.00741601449027716,0.8007380073800737,30.232767527675275,1.0,0.007170717248352864,4.885599211186168,0.9759621544374907,0.2617611580217129,0.7953168164694354,0.5403690036900368,2,1,3
"frozenset({'28862528', '17131869'})",frozenset({'29237211'}),0.01414852534089744,0.021188612829363317,0.00741601449027716,0.5241545893719807,24.73756038647343,1.0,0.007116226864722449,2.0569944887748406,0.9733470675336381,0.26560587515299877,0.5138538263193857,0.4370772946859903,2,1,3
"frozenset({'29237211', '28862528'})",frozenset({'17131869'}),0.012405591059772392,0.05488534226444756,0.00741601449027716,0.5977961432506887,10.891726617470987,1.0,0.006735129378968782,2.349839868205518,0.9195953158622748,0.12385844748858446,0.5744390868797109,0.3664572248009359,2,1,3
frozenset({'17131869'}),"frozenset({'29237211', '28862528'})",0.05488534226444756,0.012405591059772392,0.00741601449027716,0.13511830635118305,10.891726617470985,1.0,0.006735129378968782,1.1418838162404648,0.9609280577757374,0.12385844748858446,0.12425416160779179,0.3664572248009359,1,2,3
frozenset({'29237211'}),"frozenset({'28862528', '17131869'})",0.021188612829363317,0.01414852534089744,0.00741601449027716,0.35,24.737560386473426,1.0,0.007116226864722449,1.5166945763986193,0.9803478529779985,0.26560587515299877,0.3406714736367733,0.4370772946859903,1,2,3
frozenset({'28862528'}),"frozenset({'29237211', '17131869'})",0.026485766036704144,0.00926147431735074,0.00741601449027716,0.27999999999999997,30.232767527675275,1.0,0.007170717248352864,1.3760257301147907,0.9932297569733503,0.2617611580217129,0.2732694032424974,0.5403690036900368,1,2,3
"frozenset({'29237211', '23093367'})",frozenset({'17131869'}),0.00943235022726496,0.05488534226444756,0.007313488944328628,0.7753623188405797,14.126946956160774,1.0,0.006795791173747051,4.207284605403427,0.9380614207477603,0.12829736211031176,0.7623170063856157,0.4543063150865414,2,1,3
"frozenset({'29237211', '17131869'})",frozenset({'23093367'}),0.00926147431735074,0.03899388264242507,0.007313488944328628,0.7896678966789668,20.25107127495464,1.0,0.00695234810170202,4.568993996559698,0.9595063396014739,0.17863105175292152,0.7811334397127755,0.48861133659539924,2,1,3
"frozenset({'23093367', '17131869'})",frozenset({'29237211'}),0.024298554389802125,0.021188612829363317,0.007313488944328628,0.3009845288326301,14.205013384147724,1.0,0.006798636283049884,1.4002714210831442,0.9527528356547783,0.19158460161145924,0.2858527390165005,0.32307290957760537,2,1,3
frozenset({'29237211'}),"frozenset({'23093367', '17131869'})",0.021188612829363317,0.024298554389802125,0.007313488944328628,0.34516129032258064,14.205013384147724,1.0,0.006798636283049884,1.4899874292569526,0.9497256889753823,0.19158460161145924,0.32885339811310094,0.32307290957760537,1,2,3
frozenset({'23093367'}),"frozenset({'29237211', '17131869'})",0.03899388264242507,0.00926147431735074,0.007313488944328628,0.18755477651183172,20.251071274954644,1.0,0.00695234810170202,1.2194527052900785,0.9891923465521597,0.17863105175292152,0.17995999708564014,0.48861133659539924,1,2,3
frozenset({'17131869'}),"frozenset({'29237211', '23093367'})",0.05488534226444756,0.00943235022726496,0.007313488944328628,0.13325031133250312,14.126946956160776,1.0,0.006795791173747051,1.1428531936314745,0.9831752044973361,0.12829736211031176,0.12499697636364926,0.4543063150865414,1,2,3
"frozenset({'25451555', '29237211'})",frozenset({'17131869'}),0.01018420423088753,0.05488534226444756,0.0069033867605345,0.6778523489932886,12.350334734677844,1.0,0.006344423225631203,2.9337934167207775,0.9284864301090192,0.11868390129259695,0.6591443711405756,0.401815340125536,2,1,3
"frozenset({'25451555', '17131869'})",frozenset({'29237211'}),0.018215371996855884,0.021188612829363317,0.0069033867605345,0.37898686679174487,17.886346305150397,1.0,0.0065174282957502945,1.5761524754137444,0.9616074702708366,0.21240799158780233,0.3655436161165199,0.35239665920232405,2,1,3
"frozenset({'29237211', '17131869'})",frozenset({'25451555'}),0.00926147431735074,0.032466422883701856,0.0069033867605345,0.7453874538745388,22.958718197708293,1.0,0.006602699818820847,3.800023179688649,0.9653844446190049,0.19823356231599606,0.7368437104949623,0.4790095164109536,2,1,3
frozenset({'25451555'}),"frozenset({'29237211', '17131869'})",0.032466422883701856,0.00926147431735074,0.0069033867605345,0.21263157894736842,22.958718197708293,1.0,0.006602699818820847,1.2582909082867872,0.98853784922839,0.19823356231599606,0.20527121875056734,0.4790095164109536,1,2,3
frozenset({'29237211'}),"frozenset({'25451555', '17131869'})",0.021188612829363317,0.018215371996855884,0.0069033867605345,0.3258064516129032,17.886346305150397,1.0,0.0065174282957502945,1.4562355726362426,0.964528452426263,0.21240799158780233,0.3132979177334016,0.35239665920232405,1,2,3
frozenset({'17131869'}),"frozenset({'25451555', '29237211'})",0.05488534226444756,0.01018420423088753,0.0069033867605345,0.12577833125778332,12.350334734677844,1.0,0.006344423225631203,1.1322251908868908,0.972401101979661,0.11868390129259695,0.11678347377460889,0.401815340125536,1,2,3
"frozenset({'19358975', '29237211', '15704307'})",frozenset({'17131869'}),0.007518540036225693,0.05488534226444756,0.00673251085062028,0.8954545454545454,16.315003396354577,1.0,0.00631985320740308,9.040227160948758,0.9458178940783352,0.12093308778391651,0.8893833105964727,0.5090597758405977,3,1,4
"frozenset({'19358975', '29237211', '17131869'})",frozenset({'15704307'}),0.007655240764157069,0.09107685998427942,0.00673251085062028,0.8794642857142857,9.656286853390512,1.0,0.006035295559397198,7.540695680130422,0.9033559318419052,0.07317979197622586,0.8673862409492298,0.47669274323237737,3,1,4
"frozenset({'19358975', '15704307', '17131869'})",frozenset({'29237211'}),0.025665561669115888,0.021188612829363317,0.00673251085062028,0.2623169107856192,12.380088913706457,1.0,0.006188693201365236,1.3268724761103756,0.9434390284288886,0.1678023850085179,0.24634807187242078,0.2900294231347451,3,1,4
"frozenset({'29237211', '15704307', '17131869'})",frozenset({'19358975'}),0.008031167765968353,0.04302655411640067,0.00673251085062028,0.8382978723404255,19.483267706555356,1.0,0.00638695737611995,5.9181252574380485,0.9563545513719365,0.15188897455666922,0.8310275709789726,0.49738563196052255,3,1,4
"frozenset({'19358975', '29237211'})","frozenset({'15704307', '17131869'})",0.009534875773213493,0.0422747001127781,0.00673251085062028,0.7060931899641577,16.702500268020387,1.0,0.006329426836695086,3.258601934982133,0.9491790283274023,0.14935557240333588,0.6931199269034121,0.4326747275608986,2,2,4
"frozenset({'19358975', '15704307'})","frozenset({'29237211', '17131869'})",0.030791838966542497,0.00926147431735074,0.00673251085062028,0.21864594894561598,23.608114804788446,1.0,0.006447333024847647,1.2679764369887314,0.9880660542839346,0.20205128205128206,0.21134181138660466,0.47279160915915486,2,2,4
"frozenset({'19358975', '17131869'})","frozenset({'29237211', '15704307'})",0.030620963056628276,0.010765182324595878,0.00673251085062028,0.21986607142857142,20.423813066893423,1.0,0.006402870600360961,1.2680320409687582,0.9810791343088331,0.1942800788954635,0.21137639453020896,0.4226314484126984,2,2,4
"frozenset({'29237211', '15704307'})","frozenset({'19358975', '17131869'})",0.010765182324595878,0.030620963056628276,0.00673251085062028,0.6253968253968254,20.423813066893423,1.0,0.006402870600360961,2.5877491240437465,0.9613870532947575,0.1942800788954635,0.6135637760598099,0.4226314484126984,2,2,4
"frozenset({'29237211', '17131869'})","frozenset({'19358975', '15704307'})",0.00926147431735074,0.030791838966542497,0.00673251085062028,0.7269372693726938,23.60811480478845,1.0,0.006447333024847647,3.5493974545955003,0.9665937667986336,0.20205128205128206,0.7182620394610153,0.47279160915915486,2,2,4
"frozenset({'15704307', '17131869'})","frozenset({'19358975', '29237211'})",0.0422747001127781,0.009534875773213493,0.00673251085062028,0.15925626515763947,16.702500268020387,1.0,0.006329426836695086,1.178082075642822,0.9816266985078779,0.14935557240333588,0.15116270701737936,0.4326747275608986,2,2,4
frozenset({'19358975'}),"frozenset({'29237211', '15704307', '17131869'})",0.04302655411640067,0.008031167765968353,0.00673251085062028,0.15647339158061954,19.483267706555356,1.0,0.00638695737611995,1.1759781165561638,0.9913273054825309,0.15188897455666922,0.14964404020672875,0.49738563196052255,1,3,4
frozenset({'29237211'}),"frozenset({'19358975', '15704307', '17131869'})",0.021188612829363317,0.025665561669115888,0.00673251085062028,0.317741935483871,12.380088913706457,1.0,0.006188693201365236,1.4281024864424305,0.9391238678994314,0.1678023850085179,0.2997701429040179,0.2900294231347451,1,3,4
frozenset({'15704307'}),"frozenset({'19358975', '29237211', '17131869'})",0.09107685998427942,0.007655240764157069,0.00673251085062028,0.07392120075046904,9.656286853390512,1.0,0.006035295559397198,1.0715554227566944,0.9862665886935404,0.07317979197622586,0.0667771551868125,0.47669274323237737,1,3,4
frozenset({'17131869'}),"frozenset({'19358975', '29237211', '15704307'})",0.05488534226444756,0.007518540036225693,0.00673251085062028,0.12266500622665007,16.31500339635458,1.0,0.00631985320740308,1.131245723706048,0.9932199407676344,0.12093308778391651,0.11601875786639604,0.5090597758405977,1,3,4
"frozenset({'19358975', '29237211', '17131869'})",frozenset({'28862528'}),0.007655240764157069,0.026485766036704144,0.0065274597587232155,0.8526785714285715,32.19384216589862,1.0,0.006324704842889111,6.608096618417527,0.9764128345366185,0.23638613861386143,0.8486704935256417,0.5495650921658987,3,1,4
"frozenset({'19358975', '29237211', '28862528'})",frozenset({'17131869'}),0.007450189672260005,0.05488534226444756,0.0065274597587232155,0.8761467889908258,15.963219920710182,1.0,0.006118553548626173,7.630925755050021,0.9443918955338474,0.11696264543784446,0.868954300945961,0.497537902590058,3,1,4
"frozenset({'28862528', '19358975', '17131869'})",frozenset({'29237211'}),0.011824612966064045,0.021188612829363317,0.0065274597587232155,0.5520231213872833,26.052820249860154,1.0,0.006276912612728215,2.184959612651873,0.9731232453309167,0.2464516129032258,0.5423256364970949,0.4300438187581578,3,1,4
"frozenset({'28862528', '29237211', '17131869'})",frozenset({'19358975'}),0.00741601449027716,0.04302655411640067,0.0065274597587232155,0.8801843317972351,20.456770240443923,1.0,0.006208374209929294,7.987047606028507,0.9582226208871752,0.14863813229571987,0.8747972906477715,0.5159460181623189,3,1,4
"frozenset({'19358975', '29237211'})","frozenset({'28862528', '17131869'})",0.009534875773213493,0.01414852534089744,0.0065274597587232155,0.6845878136200717,48.38580679791526,1.0,0.006392555327223596,3.1255972889760186,0.9887604908047278,0.38047808764940233,0.6800611507032592,0.5729702353124513,2,2,4
"frozenset({'19358975', '17131869'})","frozenset({'29237211', '28862528'})",0.030620963056628276,0.012405591059772392,0.0065274597587232155,0.21316964285714288,17.183352395710354,1.0,0.006147588613186287,1.2551554473907007,0.9715540592297676,0.17883895131086144,0.2032859339623108,0.3696702208776073,2,2,4
"frozenset({'19358975', '28862528'})","frozenset({'29237211', '17131869'})",0.013909299067017532,0.00926147431735074,0.0065274597587232155,0.4692874692874693,50.67092486649682,1.0,0.006398639142641682,1.8668082405223996,0.9940919385808387,0.39219712525667355,0.46432634145638624,0.5870422586289745,2,2,4
"frozenset({'29237211', '17131869'})","frozenset({'19358975', '28862528'})",0.00926147431735074,0.013909299067017532,0.0065274597587232155,0.7047970479704797,50.67092486649682,1.0,0.006398639142641682,3.340382249410478,0.9894283820562786,0.39219712525667355,0.7006330637230265,0.5870422586289745,2,2,4
"frozenset({'29237211', '28862528'})","frozenset({'19358975', '17131869'})",0.012405591059772392,0.030620963056628276,0.0065274597587232155,0.5261707988980717,17.183352395710354,1.0,0.006147588613186287,2.045840641921186,0.9536345383781699,0.17883895131086144,0.5112033755175913,0.3696702208776073,2,2,4
"frozenset({'28862528', '17131869'})","frozenset({'19358975', '29237211'})",0.01414852534089744,0.009534875773213493,0.0065274597587232155,0.4613526570048309,48.38580679791526,1.0,0.006392555327223596,1.8388007239008504,0.9933877541686351,0.38047808764940233,0.4561672795741618,0.5729702353124513,2,2,4
frozenset({'19358975'}),"frozenset({'28862528', '29237211', '17131869'})",0.04302655411640067,0.00741601449027716,0.0065274597587232155,0.1517077045274027,20.45677024044392,1.0,0.006208374209929294,1.170096664566237,0.9938796443485151,0.14863813229571987,0.14536975424102502,0.5159460181623189,1,3,4
frozenset({'29237211'}),"frozenset({'28862528', '19358975', '17131869'})",0.021188612829363317,0.011824612966064045,0.0065274597587232155,0.3080645161290323,26.052820249860154,1.0,0.006276912612728215,1.428132260981446,0.9824328284188212,0.2464516129032258,0.2997847417067825,0.4300438187581578,1,3,4
frozenset({'17131869'}),"frozenset({'19358975', '29237211', '28862528'})",0.05488534226444756,0.007450189672260005,0.0065274597587232155,0.11892901618929017,15.96321992071018,1.0,0.006118553548626173,1.1265264985062549,0.9917907728074318,0.11696264543784446,0.11231559903297936,0.497537902590058,1,3,4
frozenset({'28862528'}),"frozenset({'19358975', '29237211', '17131869'})",0.026485766036704144,0.007655240764157069,0.0065274597587232155,0.24645161290322584,32.19384216589862,1.0,0.006324704842889111,1.3168958705612643,0.9952994269620091,0.23638613861386143,0.2406385179309602,0.5495650921658987,1,3,4
"frozenset({'29237211', '15704307', '17131869'})",frozenset({'28862528'}),0.008031167765968353,0.026485766036704144,0.006459109394757527,0.8042553191489362,30.365567604667127,1.0,0.006246397764306569,4.973387934377708,0.9748975284701874,0.23020706455542023,0.7989298214427095,0.5240631434454359,3,1,4
"frozenset({'28862528', '29237211', '17131869'})",frozenset({'15704307'}),0.00741601449027716,0.09107685998427942,0.006459109394757527,0.870967741935484,9.562997034436847,1.0,0.005783682081385167,7.044154335121841,0.9021204099017073,0.07018195321203119,0.8580383176708601,0.4709435332566726,3,1,4
"frozenset({'28862528', '15704307', '17131869'})",frozenset({'29237211'}),0.011995488875978264,0.021188612829363317,0.006459109394757527,0.5384615384615384,25.41277915632754,1.0,0.006204941625265489,2.1207580055363793,0.9723130898848642,0.2416879795396419,0.5284704820684709,0.4216501240694789,3,1,4
"frozenset({'29237211', '15704307', '28862528'})",frozenset({'17131869'}),0.007860291856054134,0.05488534226444756,0.006459109394757527,0.8217391304347825,14.971923222697491,1.0,0.006027694585939546,5.301862714126267,0.9406017176676127,0.11475409836065575,0.8113870437769723,0.4697114083058097,3,1,4
"frozenset({'29237211', '17131869'})","frozenset({'15704307', '28862528'})",0.00926147431735074,0.015344656710296983,0.006459109394757527,0.6974169741697417,45.45015162846506,1.0,0.006316995250726548,3.254165829652555,0.9871402472299332,0.3559322033898305,0.6927015854914901,0.5591761930982339,2,2,4
"frozenset({'15704307', '17131869'})","frozenset({'29237211', '28862528'})",0.0422747001127781,0.012405591059772392,0.006459109394757527,0.15278900565885206,12.316140756428844,1.0,0.005934666752983889,1.1657006525372726,0.9593624965449117,0.13394755492558472,0.14214683004303652,0.3367250813418228,2,2,4
"frozenset({'28862528', '17131869'})","frozenset({'29237211', '15704307'})",0.01414852534089744,0.010765182324595878,0.006459109394757527,0.45652173913043476,42.40724637681159,1.0,0.006306797939838601,1.8201920645227436,0.9904322806531007,0.35,0.45060742792426073,0.5282608695652175,2,2,4
"frozenset({'29237211', '15704307'})","frozenset({'28862528', '17131869'})",0.010765182324595878,0.01414852534089744,0.006459109394757527,0.6000000000000001,42.4072463768116,1.0,0.006306797939838601,2.464628686647757,0.9870448421198094,0.35,0.5942593683918607,0.5282608695652175,2,2,4
"frozenset({'29237211', '28862528'})","frozenset({'15704307', '17131869'})",0.012405591059772392,0.0422747001127781,0.006459109394757527,0.5206611570247934,12.316140756428846,1.0,0.005934666752983889,1.9980131256267906,0.9303472421335249,0.13394755492558472,0.49950278745726806,0.3367250813418228,2,2,4
"frozenset({'15704307', '28862528'})","frozenset({'29237211', '17131869'})",0.015344656710296983,0.00926147431735074,0.006459109394757527,0.4209354120267261,45.450151628465065,1.0,0.006316995250726548,1.710929223198114,0.9932387813131947,0.3559322033898305,0.4155222866958962,0.5591761930982339,2,2,4
frozenset({'17131869'}),"frozenset({'29237211', '15704307', '28862528'})",0.05488534226444756,0.007860291856054134,0.006459109394757527,0.11768368617683686,14.971923222697493,1.0,0.006027694585939546,1.124471680507535,0.9874022225857336,0.11475409836065575,0.11069347735938903,0.4697114083058097,1,3,4
frozenset({'29237211'}),"frozenset({'28862528', '15704307', '17131869'})",0.021188612829363317,0.011995488875978264,0.006459109394757527,0.3048387096774194,25.412779156327545,1.0,0.006204941625265489,1.4212593895519572,0.9814451809843032,0.2416879795396419,0.2963986677229667,0.4216501240694789,1,3,4
frozenset({'15704307'}),"frozenset({'28862528', '29237211', '17131869'})",0.09107685998427942,0.00741601449027716,0.006459109394757527,0.07091932457786117,9.562997034436847,1.0,0.005783682081385167,1.068350695227549,0.9851551054739505,0.07018195321203119,0.06397777015813233,0.4709435332566726,1,3,4
frozenset({'28862528'}),"frozenset({'29237211', '15704307', '17131869'})",0.026485766036704144,0.008031167765968353,0.006459109394757527,0.2438709677419355,30.365567604667127,1.0,0.006246397764306569,1.3119041723231648,0.9933783494128927,0.23020706455542023,0.23774920371724576,0.5240631434454359,1,3,4
"frozenset({'19358975', '29237211', '23093367'})",frozenset({'17131869'}),0.007347664126311473,0.05488534226444756,0.0065274597587232155,0.8883720930232558,16.185962524254975,1.0,0.006124180698306407,8.466652142214324,0.9451628090917711,0.11717791411042945,0.8818895611626646,0.503650554606273,3,1,4
"frozenset({'19358975', '29237211', '17131869'})",frozenset({'23093367'}),0.007655240764157069,0.03899388264242507,0.0065274597587232155,0.8526785714285715,21.866983066232628,1.0,0.006228952198766166,6.523193039033239,0.9616304671400471,0.16269165247018738,0.8467008420544605,0.5100377957931639,3,1,4
"frozenset({'19358975', '23093367', '17131869'})",frozenset({'29237211'}),0.020026656641946618,0.021188612829363317,0.0065274597587232155,0.32593856655290104,15.382723219200706,1.0,0.006103122684870411,1.4521100579290966,0.954099426229134,0.18817733990147784,0.311346963999317,0.3170015413409667,3,1,4
"frozenset({'29237211', '23093367', '17131869'})",frozenset({'19358975'}),0.007313488944328628,0.04302655411640067,0.0065274597587232155,0.8925233644859814,20.74354739334734,1.0,0.0062127855308803616,8.904013800830015,0.9588044434935473,0.14898595943837756,0.8876910995009035,0.522115534506692,3,1,4
"frozenset({'19358975', '29237211'})","frozenset({'23093367', '17131869'})",0.009534875773213493,0.024298554389802125,0.0065274597587232155,0.6845878136200717,28.17401408486205,1.0,0.006295776061147781,3.093417083241423,0.97379127900654,0.2390488110137672,0.6767328901694192,0.47661176897599933,2,2,4
"frozenset({'19358975', '23093367'})","frozenset({'29237211', '17131869'})",0.024298554389802125,0.00926147431735074,0.0065274597587232155,0.2686357243319269,29.005719297699308,1.0,0.006302419321293313,1.3546444072314685,0.9895691402059398,0.2414664981036663,0.2617988937453091,0.4867163861512033,2,2,4
"frozenset({'19358975', '17131869'})","frozenset({'29237211', '23093367'})",0.030620963056628276,0.00943235022726496,0.0065274597587232155,0.21316964285714288,22.599843911749485,1.0,0.006238632110876956,1.2589342045338592,0.9859424129914549,0.19469928644240572,0.2056773130806575,0.4525993141821947,2,2,4
"frozenset({'29237211', '23093367'})","frozenset({'19358975', '17131869'})",0.00943235022726496,0.030620963056628276,0.0065274597587232155,0.6920289855072465,22.599843911749485,1.0,0.006238632110876956,3.1476307552514196,0.9648527357082153,0.19469928644240572,0.6823007278310431,0.4525993141821947,2,2,4
"frozenset({'29237211', '17131869'})","frozenset({'19358975', '23093367'})",0.00926147431735074,0.024298554389802125,0.0065274597587232155,0.7047970479704797,29.005719297699308,1.0,0.006302419321293313,3.3051886470045453,0.9745498086540042,0.2414664981036663,0.6974454087798321,0.4867163861512033,2,2,4
"frozenset({'23093367', '17131869'})","frozenset({'19358975', '29237211'})",0.024298554389802125,0.009534875773213493,0.0065274597587232155,0.2686357243319269,28.17401408486205,1.0,0.006295776061147781,1.354270583317779,0.9885260542265337,0.2390488110137672,0.26159512558403536,0.47661176897599933,2,2,4
frozenset({'19358975'}),"frozenset({'29237211', '23093367', '17131869'})",0.04302655411640067,0.007313488944328628,0.0065274597587232155,0.1517077045274027,20.743547393347338,1.0,0.0062127855308803616,1.1702175256733054,0.9945858392313787,0.14898595943837756,0.14545802121307985,0.522115534506692,1,3,4
frozenset({'29237211'}),"frozenset({'19358975', '23093367', '17131869'})",0.021188612829363317,0.020026656641946618,0.0065274597587232155,0.3080645161290323,15.382723219200708,1.0,0.006103122684870411,1.4162784915664175,0.9552320466157054,0.18817733990147784,0.2939241780802655,0.3170015413409667,1,3,4
frozenset({'23093367'}),"frozenset({'19358975', '29237211', '17131869'})",0.03899388264242507,0.007655240764157069,0.0065274597587232155,0.16739702015775637,21.86698306623263,1.0,0.006228952198766166,1.1918582845137862,0.9929894692157023,0.16269165247018738,0.16097407469215513,0.5100377957931639,1,3,4
frozenset({'17131869'}),"frozenset({'19358975', '29237211', '23093367'})",0.05488534226444756,0.007347664126311473,0.0065274597587232155,0.11892901618929017,16.185962524254975,1.0,0.006124180698306407,1.126642863189501,0.9927029091621616,0.11717791411042945,0.1124072830239902,0.503650554606273,1,3,4
"frozenset({'29237211', '15704307', '23093367'})",frozenset({'17131869'}),0.007142613034414408,0.05488534226444756,0.006390759030791839,0.8947368421052632,16.301926984335058,1.0,0.0059987342697355,8.978589248487749,0.9454102582792722,0.11486486486486486,0.8886239282893548,0.5055875991348233,3,1,4
"frozenset({'29237211', '15704307', '17131869'})",frozenset({'23093367'}),0.008031167765968353,0.03899388264242507,0.006390759030791839,0.7957446808510639,20.406910697969305,1.0,0.006077592617444042,4.704925782896462,0.9586964443827053,0.1572750210260723,0.787456796101813,0.47981800212579484,3,1,4
"frozenset({'29237211', '23093367', '17131869'})",frozenset({'15704307'}),0.007313488944328628,0.09107685998427942,0.006390759030791839,0.8738317757009346,9.594443372902457,1.0,0.005724669422212645,7.204057480124603,0.9023724964279725,0.06946508172362556,0.8611893363206892,0.4720003156178219,3,1,4
"frozenset({'15704307', '23093367', '17131869'})",frozenset({'29237211'}),0.020402583643757903,0.021188612829363317,0.006390759030791839,0.3132328308207705,14.783073972010591,1.0,0.005958456585245552,1.4252448735143175,0.9517737130627248,0.1815533980582524,0.29836618353572036,0.30742286702328847,3,1,4
"frozenset({'29237211', '15704307'})","frozenset({'23093367', '17131869'})",0.010765182324595878,0.024298554389802125,0.006390759030791839,0.5936507936507937,24.431527247561004,1.0,0.00612918066256151,2.4011402763063465,0.9695061909489587,0.22288438617401668,0.5835312039585244,0.42833031946956,2,2,4
"frozenset({'29237211', '23093367'})","frozenset({'15704307', '17131869'})",0.00943235022726496,0.0422747001127781,0.006390759030791839,0.677536231884058,16.026990849765095,1.0,0.005992009253575519,2.970024525492958,0.9465332889314868,0.14102564102564105,0.6633024436611269,0.4143542113341066,2,2,4
"frozenset({'29237211', '17131869'})","frozenset({'15704307', '23093367'})",0.00926147431735074,0.025563036123167356,0.006390759030791839,0.6900369003690037,26.993542435424352,1.0,0.006154007628263615,3.1437192525074003,0.9719558468437391,0.22475961538461536,0.6819054375792591,0.47001845018450183,2,2,4
"frozenset({'15704307', '23093367'})","frozenset({'29237211', '17131869'})",0.025563036123167356,0.00926147431735074,0.006390759030791839,0.25,26.993542435424356,1.0,0.006154007628263615,1.3209847009101991,0.9882159015186055,0.22475961538461536,0.2429889617109348,0.47001845018450183,2,2,4
"frozenset({'15704307', '17131869'})","frozenset({'29237211', '23093367'})",0.0422747001127781,0.00943235022726496,0.006390759030791839,0.15117219078415522,16.026990849765095,1.0,0.005992009253575519,1.1669830312084508,0.9789918419811284,0.14102564102564105,0.14308951093790465,0.4143542113341066,2,2,4
"frozenset({'23093367', '17131869'})","frozenset({'29237211', '15704307'})",0.024298554389802125,0.010765182324595878,0.006390759030791839,0.2630098452883263,24.431527247561007,1.0,0.00612918066256151,1.3422632736015503,0.982953632336552,0.22288438617401668,0.25498967328756017,0.42833031946956,2,2,4
frozenset({'29237211'}),"frozenset({'15704307', '23093367', '17131869'})",0.021188612829363317,0.020402583643757903,0.006390759030791839,0.3016129032258064,14.78307397201059,1.0,0.005958456585245552,1.4026568086394227,0.9525380297905082,0.1815533980582524,0.28706723281085406,0.30742286702328847,1,3,4
frozenset({'15704307'}),"frozenset({'29237211', '23093367', '17131869'})",0.09107685998427942,0.007313488944328628,0.006390759030791839,0.0701688555347092,9.594443372902457,1.0,0.005724669422212645,1.0675986892507523,0.9855321816718046,0.06946508172362556,0.06331844534034929,0.4720003156178219,1,3,4
frozenset({'23093367'}),"frozenset({'29237211', '15704307', '17131869'})",0.03899388264242507,0.008031167765968353,0.006390759030791839,0.16389132340052584,20.406910697969305,1.0,0.006077592617444042,1.1864113601457338,0.9895847437643103,0.1572750210260723,0.1571220290092602,0.47981800212579484,1,3,4
frozenset({'17131869'}),"frozenset({'29237211', '15704307', '23093367'})",0.05488534226444756,0.007142613034414408,0.006390759030791839,0.11643835616438356,16.301926984335058,1.0,0.0059987342697355,1.123699058116089,0.9931679198528082,0.11486486486486486,0.11008201637498373,0.5055875991348233,1,3,4
"frozenset({'29237211', '23093367', '17131869'})",frozenset({'28862528'}),0.007313488944328628,0.026485766036704144,0.006254058302860463,0.8551401869158879,32.28678323786554,1.0,0.006060354945768952,6.720388582843399,0.9761667589422155,0.22704714640198514,0.8511990805780312,0.5456346095869762,3,1,4
"frozenset({'28862528', '29237211', '17131869'})",frozenset({'23093367'}),0.00741601449027716,0.03899388264242507,0.006254058302860463,0.8433179723502305,21.626930051656526,1.0,0.005964879104152072,6.133480219605704,0.9608873064647345,0.15574468085106385,0.8369604263492211,0.501851799496763,3,1,4
"frozenset({'28862528', '23093367', '17131869'})",frozenset({'29237211'}),0.011551211510201291,0.021188612829363317,0.006254058302860463,0.5414201183431954,25.552409811032643,1.0,0.006009304154460723,2.1344403152495177,0.9720936067481984,0.23612903225806453,0.5314931071834168,0.418290704332888,3,1,4
"frozenset({'29237211', '23093367', '28862528'})",frozenset({'17131869'}),0.007586890400191381,0.05488534226444756,0.006254058302860463,0.8243243243243245,15.01902494025782,1.0,0.005837649226523108,5.379883436340841,0.9405536590419104,0.11124620060790276,0.814122366807234,0.4691360102319007,3,1,4
"frozenset({'29237211', '17131869'})","frozenset({'23093367', '28862528'})",0.00926147431735074,0.01438775161477735,0.006254058302860463,0.6752767527675277,46.93414029152168,1.0,0.006120806510795781,3.0352377194590385,0.9878424254076683,0.35952848722986247,0.6705365139643076,0.5549780438421962,2,2,4
"frozenset({'23093367', '17131869'})","frozenset({'29237211', '28862528'})",0.024298554389802125,0.012405591059772392,0.006254058302860463,0.25738396624472576,20.74741662888959,1.0,0.005952620373756941,1.3298856529479202,0.9755045792541127,0.2053872053872054,0.24805565216578723,0.38075809882484224,2,2,4
"frozenset({'28862528', '17131869'})","frozenset({'29237211', '23093367'})",0.01414852534089744,0.00943235022726496,0.006254058302860463,0.4420289855072464,46.8630802352447,1.0,0.006120604456645785,1.7753030606316549,0.9927065745962161,0.3609467455621302,0.43671589252811926,0.552536231884058,2,2,4
"frozenset({'29237211', '23093367'})","frozenset({'28862528', '17131869'})",0.00943235022726496,0.01414852534089744,0.006254058302860463,0.6630434782608696,46.8630802352447,1.0,0.006120604456645785,2.925752763504434,0.9879802158832861,0.3609467455621302,0.6582076201127086,0.552536231884058,2,2,4
"frozenset({'29237211', '28862528'})","frozenset({'23093367', '17131869'})",0.012405591059772392,0.024298554389802125,0.006254058302860463,0.5041322314049588,20.747416628889592,1.0,0.005952620373756941,1.967664581980566,0.9637572059555995,0.2053872053872054,0.4917833002851313,0.38075809882484224,2,2,4
"frozenset({'23093367', '28862528'})","frozenset({'29237211', '17131869'})",0.01438775161477735,0.00926147431735074,0.006254058302860463,0.4346793349168646,46.93414029152168,1.0,0.006120806510795781,1.7525248710604846,0.9929803021001493,0.35952848722986247,0.4293946884788677,0.5549780438421962,2,2,4
frozenset({'17131869'}),"frozenset({'29237211', '23093367', '28862528'})",0.05488534226444756,0.007586890400191381,0.006254058302860463,0.11394769613947697,15.01902494025782,1.0,0.005837649226523108,1.1200389697943027,0.987623854815333,0.11124620060790276,0.10717392254338082,0.4691360102319007,1,3,4
frozenset({'29237211'}),"frozenset({'28862528', '23093367', '17131869'})",0.021188612829363317,0.011551211510201291,0.006254058302860463,0.29516129032258065,25.552409811032643,1.0,0.006009304154460723,1.4023758555232841,0.9816648646338516,0.23612903225806453,0.28692440328212954,0.418290704332888,1,3,4
frozenset({'23093367'}),"frozenset({'28862528', '29237211', '17131869'})",0.03899388264242507,0.00741601449027716,0.006254058302860463,0.16038562664329536,21.626930051656526,1.0,0.005964879104152072,1.18219032094634,0.9924612705889669,0.15574468085106385,0.15411251278093466,0.501851799496763,1,3,4
frozenset({'28862528'}),"frozenset({'29237211', '23093367', '17131869'})",0.026485766036704144,0.007313488944328628,0.006254058302860463,0.23612903225806453,32.28678323786554,1.0,0.006060354945768952,1.2995473751151103,0.9953912745557304,0.22704714640198514,0.23050131211151673,0.5456346095869762,1,3,4
"frozenset({'25451555', '19358975', '29237211'})",frozenset({'17131869'}),0.00707426267044872,0.05488534226444756,0.006254058302860463,0.8840579710144928,16.10736008085621,1.0,0.00586578497492428,8.151613922969142,0.9445989209465246,0.11226993865030675,0.8773249065216082,0.4990028335769849,3,1,4
"frozenset({'25451555', '19358975', '17131869'})",frozenset({'29237211'}),0.015139605618399919,0.021188612829363317,0.006254058302860463,0.41309255079006774,19.495969562368018,1.0,0.005933271061022934,1.6677440173715081,0.9632911958866024,0.20795454545454545,0.4003875957078375,0.3541269205563242,3,1,4
"frozenset({'25451555', '29237211', '17131869'})",frozenset({'19358975'}),0.0069033867605345,0.04302655411640067,0.006254058302860463,0.905940594059406,21.055383417611022,1.0,0.005957029358821882,10.17413874044669,0.9591274356655586,0.1431924882629108,0.9017115821288578,0.5256470245912598,3,1,4
"frozenset({'19358975', '29237211', '17131869'})",frozenset({'25451555'}),0.007655240764157069,0.032466422883701856,0.006254058302860463,0.8169642857142858,25.163359962406016,1.0,0.006005520018934786,5.286037104245144,0.9676674060662379,0.1846619576185671,0.8108223646033598,0.5047979323308271,3,1,4
"frozenset({'25451555', '19358975'})","frozenset({'29237211', '17131869'})",0.01777109463107891,0.00926147431735074,0.006254058302860463,0.35192307692307695,37.99860204371275,1.0,0.006089471766343516,1.5287360040207054,0.9912997235722926,0.3009868421052632,0.3458648207604744,0.5135999148453023,2,2,4
"frozenset({'25451555', '29237211'})","frozenset({'19358975', '17131869'})",0.01018420423088753,0.030620963056628276,0.006254058302860463,0.6140939597315436,20.054691245206136,1.0,0.005942208161345298,2.5119561131228236,0.9599122981290052,0.18100890207715137,0.6019038729315951,0.4091675155800575,2,2,4
"frozenset({'25451555', '17131869'})","frozenset({'19358975', '29237211'})",0.018215371996855884,0.009534875773213493,0.006254058302860463,0.3433395872420263,36.00881599386713,1.0,0.00608037699370757,1.5083368891796491,0.9902671067468306,0.29093799682034976,0.33701813754361093,0.49962678286832496,2,2,4
"frozenset({'19358975', '29237211'})","frozenset({'25451555', '17131869'})",0.009534875773213493,0.018215371996855884,0.006254058302860463,0.6559139784946236,36.00881599386713,1.0,0.00608037699370757,2.8533115751341374,0.981588345960353,0.29093799682034976,0.6495300377586738,0.49962678286832496,2,2,4
"frozenset({'19358975', '17131869'})","frozenset({'25451555', '29237211'})",0.030620963056628276,0.01018420423088753,0.006254058302860463,0.20424107142857145,20.054691245206136,1.0,0.005942208161345298,1.2438638892133587,0.9801494761399746,0.18100890207715137,0.19605351624733036,0.4091675155800575,2,2,4
"frozenset({'29237211', '17131869'})","frozenset({'25451555', '19358975'})",0.00926147431735074,0.01777109463107891,0.006254058302860463,0.6752767527675277,37.99860204371275,1.0,0.006089471766343516,3.024818560852019,0.9827852830352278,0.3009868421052632,0.6694016583532455,0.5135999148453023,2,2,4
frozenset({'25451555'}),"frozenset({'19358975', '29237211', '17131869'})",0.032466422883701856,0.007655240764157069,0.006254058302860463,0.19263157894736843,25.163359962406016,1.0,0.006005520018934786,1.2291101972282281,0.9924820200609429,0.1846619576185671,0.18640330032644375,0.5047979323308271,1,3,4
frozenset({'19358975'}),"frozenset({'25451555', '29237211', '17131869'})",0.04302655411640067,0.0069033867605345,0.006254058302860463,0.1453534551231136,21.055383417611022,1.0,0.005957029358821882,1.1619968736695976,0.995331910328029,0.1431924882629108,0.13941248667736078,0.5256470245912598,1,3,4
frozenset({'29237211'}),"frozenset({'25451555', '19358975', '17131869'})",0.021188612829363317,0.015139605618399919,0.006254058302860463,0.29516129032258065,19.495969562368018,1.0,0.005933271061022934,1.3972847700608515,0.9692442890632349,0.20795454545454545,0.2843262723342713,0.3541269205563242,1,3,4
frozenset({'17131869'}),"frozenset({'25451555', '19358975', '29237211'})",0.05488534226444756,0.00707426267044872,0.006254058302860463,0.11394769613947697,16.10736008085621,1.0,0.00586578497492428,1.1206175222426278,0.9923839106555894,0.11226993865030675,0.10763487081769242,0.4990028335769849,1,3,4
"frozenset({'25451555', '29237211', '17131869'})",frozenset({'28862528'}),0.0069033867605345,0.026485766036704144,0.0062198831208776185,0.9009900990099009,34.01789843500479,1.0,0.006037041634277221,9.832493763029278,0.977350740384568,0.22893081761006293,0.8982964012893601,0.5679144043436601,3,1,4
"frozenset({'25451555', '28862528', '17131869'})",frozenset({'29237211'}),0.011175284508390008,0.021188612829363317,0.0062198831208776185,0.5565749235474006,26.26764328696853,1.0,0.005983094344171361,2.2073884386537803,0.9728016850779,0.2379084967320261,0.5469759728333679,0.4250616553220874,3,1,4
"frozenset({'25451555', '29237211', '28862528'})",frozenset({'17131869'}),0.008509620313728171,0.05488534226444756,0.0062198831208776185,0.7309236947791165,13.317284080281274,1.0,0.005752829697418152,3.5124410414351126,0.9328477946980634,0.10878661087866108,0.7152977122737924,0.4221243629561834,3,1,4
"frozenset({'28862528', '29237211', '17131869'})",frozenset({'25451555'}),0.00741601449027716,0.032466422883701856,0.0062198831208776185,0.8387096774193549,25.83314091680815,1.0,0.005979111658324619,5.99870817812105,0.968472238407509,0.1847715736040609,0.8332974416646443,0.5151443123938879,3,1,4
"frozenset({'25451555', '17131869'})","frozenset({'29237211', '28862528'})",0.018215371996855884,0.012405591059772392,0.0062198831208776185,0.3414634146341463,27.52496136531613,1.0,0.005993910664882995,1.4996803987610863,0.9815486135974858,0.2549019607843137,0.33319125806663974,0.42142041255123297,2,2,4
"frozenset({'25451555', '29237211'})","frozenset({'28862528', '17131869'})",0.01018420423088753,0.01414852534089744,0.0062198831208776185,0.6107382550335569,43.16621275492007,1.0,0.006075791649240031,2.5326184435207972,0.9868843651600963,0.3433962264150943,0.6051517343410722,0.5251758908018026,2,2,4
"frozenset({'25451555', '28862528'})","frozenset({'29237211', '17131869'})",0.015925634804005332,0.00926147431735074,0.0062198831208776185,0.39055793991416304,42.1701692982595,1.0,0.006072388263152816,1.6256484259440651,0.9920861565938837,0.32792792792792796,0.3848608444231916,0.5310723278906608,2,2,4
"frozenset({'29237211', '17131869'})","frozenset({'25451555', '28862528'})",0.00926147431735074,0.015925634804005332,0.0062198831208776185,0.6715867158671587,42.1701692982595,1.0,0.006072388263152816,2.9964511569451076,0.9854129313253149,0.32792792792792796,0.666271883764158,0.5310723278906608,2,2,4
"frozenset({'28862528', '17131869'})","frozenset({'25451555', '29237211'})",0.01414852534089744,0.01018420423088753,0.0062198831208776185,0.43961352657004826,43.166212754920075,1.0,0.006075791649240031,1.7663092217603988,0.9908528397452722,0.3433962264150943,0.4338477160848732,0.5251758908018026,2,2,4
"frozenset({'29237211', '28862528'})","frozenset({'25451555', '17131869'})",0.012405591059772392,0.018215371996855884,0.0062198831208776185,0.5013774104683196,27.524961365316138,1.0,0.005993910664882995,1.9689934804703944,0.9757743986237307,0.2549019607843137,0.4921263021342767,0.42142041255123297,2,2,4
frozenset({'25451555'}),"frozenset({'28862528', '29237211', '17131869'})",0.032466422883701856,0.00741601449027716,0.0062198831208776185,0.19157894736842104,25.833140916808148,1.0,0.005979111658324619,1.2278057112424956,0.9935469496770757,0.1847715736040609,0.1855388919896491,0.5151443123938879,1,3,4
frozenset({'17131869'}),"frozenset({'25451555', '29237211', '28862528'})",0.05488534226444756,0.008509620313728171,0.0062198831208776185,0.1133250311332503,13.317284080281274,1.0,0.005752829697418152,1.1182117624832533,0.9786215953635949,0.10878661087866108,0.10571500537674194,0.4221243629561834,1,3,4
frozenset({'29237211'}),"frozenset({'25451555', '28862528', '17131869'})",0.021188612829363317,0.011175284508390008,0.0062198831208776185,0.29354838709677417,26.26764328696853,1.0,0.005983094344171361,1.3997062182757949,0.982753533607205,0.2379084967320261,0.28556436561964155,0.4250616553220874,1,3,4
frozenset({'28862528'}),"frozenset({'25451555', '29237211', '17131869'})",0.026485766036704144,0.0069033867605345,0.0062198831208776185,0.23483870967741935,34.01789843500479,1.0,0.006037041634277221,1.2978918638458445,0.9970102915409382,0.22893081761006293,0.22951978677418242,0.5679144043436601,1,3,4
"frozenset({'25451555', '29237211', '15704307'})",frozenset({'17131869'}),0.007210963398380096,0.05488534226444756,0.006185707938894775,0.8578199052132702,15.629307749966065,1.0,0.005789931744718279,6.647306426073389,0.9428162531737051,0.1106356968215159,0.849563125888465,0.48526113567014695,3,1,4
"frozenset({'25451555', '29237211', '17131869'})",frozenset({'15704307'}),0.0069033867605345,0.09107685998427942,0.006185707938894775,0.8960396039603961,9.838279493990674,1.0,0.005556969149488246,8.742974965865505,0.9046010222296835,0.06738644825018617,0.8856224564402598,0.48197852618282466,3,1,4
"frozenset({'25451555', '15704307', '17131869'})",frozenset({'29237211'}),0.01541300707426267,0.021188612829363317,0.006185707938894775,0.40133037694013307,18.940851870395537,1.0,0.005859127699461985,1.6349775393109525,0.9620318681550489,0.20337078651685392,0.38837080268304996,0.34663293040555043,3,1,4
"frozenset({'29237211', '15704307', '17131869'})",frozenset({'25451555'}),0.008031167765968353,0.032466422883701856,0.006185707938894775,0.7702127659574468,23.723363941769318,1.0,0.005924964649954892,4.210562789302409,0.9656023766841921,0.1802788844621514,0.7625020573162675,0.48036954087346023,3,1,4
"frozenset({'25451555', '29237211'})","frozenset({'15704307', '17131869'})",0.01018420423088753,0.0422747001127781,0.006185707938894775,0.6073825503355704,14.367518840233732,1.0,0.005755173759146718,2.4393345244990776,0.9399714209575447,0.13367799113737078,0.5900521269400916,0.37685214824781754,2,2,4
"frozenset({'25451555', '15704307'})","frozenset({'29237211', '17131869'})",0.01978743036806671,0.00926147431735074,0.006185707938894775,0.3126079447322971,33.75358328712821,1.0,0.006002447160734559,1.4413005185182262,0.9899623264595848,0.27055306427503734,0.3061821687068556,0.49025231184954343,2,2,4
"frozenset({'25451555', '17131869'})","frozenset({'29237211', '15704307'})",0.018215371996855884,0.010765182324595878,0.006185707938894775,0.33958724202626644,31.544959647398677,1.0,0.005989616138238283,1.4979038574459955,0.9862643871803511,0.27136431784107945,0.33240041072792725,0.45709520831472056,2,2,4
"frozenset({'29237211', '15704307'})","frozenset({'25451555', '17131869'})",0.010765182324595878,0.018215371996855884,0.006185707938894775,0.5746031746031747,31.544959647398674,1.0,0.005989616138238283,2.3079265509029137,0.9788365686076532,0.27136431784107945,0.5667106478718844,0.45709520831472056,2,2,4
"frozenset({'29237211', '17131869'})","frozenset({'25451555', '15704307'})",0.00926147431735074,0.01978743036806671,0.006185707938894775,0.6678966789667897,33.75358328712821,1.0,0.006002447160734559,2.9515289596694885,0.9794446170235878,0.27055306427503734,0.6611925501445937,0.49025231184954343,2,2,4
"frozenset({'15704307', '17131869'})","frozenset({'25451555', '29237211'})",0.0422747001127781,0.01018420423088753,0.006185707938894775,0.1463217461600647,14.367518840233734,1.0,0.005755173759146718,1.159471722884841,0.9714670377245707,0.13367799113737078,0.13753825965506516,0.37685214824781754,2,2,4
frozenset({'25451555'}),"frozenset({'29237211', '15704307', '17131869'})",0.032466422883701856,0.008031167765968353,0.006185707938894775,0.19052631578947368,23.723363941769318,1.0,0.005924964649954892,1.2254491425517946,0.9899888589465353,0.1802788844621514,0.1839726633471987,0.48036954087346023,1,3,4
frozenset({'29237211'}),"frozenset({'25451555', '15704307', '17131869'})",0.021188612829363317,0.01541300707426267,0.006185707938894775,0.29193548387096774,18.940851870395537,1.0,0.005859127699461985,1.3905328829475108,0.9677084641439532,0.20337078651685392,0.2808512389291352,0.34663293040555043,1,3,4
frozenset({'15704307'}),"frozenset({'25451555', '29237211', '17131869'})",0.09107685998427942,0.0069033867605345,0.006185707938894775,0.06791744840525328,9.838279493990674,1.0,0.005556969149488246,1.0654599332863026,0.988374233154323,0.06738644825018617,0.06143819325462391,0.48197852618282466,1,3,4
frozenset({'17131869'}),"frozenset({'25451555', '29237211', '15704307'})",0.05488534226444756,0.007210963398380096,0.006185707938894775,0.11270236612702367,15.629307749966065,1.0,0.005789931744718279,1.118890661601545,0.9903746937152822,0.1106356968215159,0.10625762255569156,0.48526113567014695,1,3,4
"frozenset({'25451555', '29237211', '23093367'})",frozenset({'17131869'}),0.007347664126311473,0.05488534226444756,0.0061173575749290865,0.8325581395348837,15.169043412783456,1.0,0.005714078514512278,5.644434761476214,0.9409903458855671,0.10901339829476249,0.8228343417439968,0.472007587824727,3,1,4
"frozenset({'25451555', '29237211', '17131869'})",frozenset({'23093367'}),0.0069033867605345,0.03899388264242507,0.0061173575749290865,0.8861386138613861,22.725067467307642,1.0,0.005848167721753533,8.440140682879571,0.9626412148199357,0.15378006872852232,0.8815185625959466,0.5215092718737255,3,1,4
"frozenset({'25451555', '23093367', '17131869'})",frozenset({'29237211'}),0.015173780800382761,0.021188612829363317,0.0061173575749290865,0.40315315315315314,19.026878087765184,1.0,0.005795846208392149,1.639970776995331,0.9620405630366774,0.2022598870056497,0.3902330370592652,0.345931415286254,3,1,4
"frozenset({'29237211', '23093367', '17131869'})",frozenset({'25451555'}),0.007313488944328628,0.032466422883701856,0.0061173575749290865,0.8364485981308412,25.763497294638466,1.0,0.005879914750107235,5.915776728653939,0.9682668024255815,0.1817258883248731,0.8309604899122794,0.5124348253812101,3,1,4
"frozenset({'25451555', '29237211'})","frozenset({'23093367', '17131869'})",0.01018420423088753,0.024298554389802125,0.0061173575749290865,0.6006711409395973,24.720447616080953,1.0,0.005869896134508013,2.4433531999314195,0.9694204337377471,0.21566265060240963,0.5907263837139599,0.4262146140703612,2,2,4
"frozenset({'25451555', '23093367'})","frozenset({'29237211', '17131869'})",0.02019753255186084,0.00926147431735074,0.0061173575749290865,0.30287648054145516,32.70283652075099,1.0,0.005930298645926172,1.4211807492195285,0.9894051555652552,0.26207906295754024,0.2963597342919462,0.4816965428537534,2,2,4
"frozenset({'25451555', '17131869'})","frozenset({'29237211', '23093367'})",0.018215371996855884,0.00943235022726496,0.0061173575749290865,0.33583489681050654,35.60458302743562,1.0,0.005945543806734827,1.4914479020589484,0.989945962049755,0.2841269841269841,0.32951060602284743,0.49219281072409393,2,2,4
"frozenset({'29237211', '23093367'})","frozenset({'25451555', '17131869'})",0.00943235022726496,0.018215371996855884,0.0061173575749290865,0.6485507246376813,35.60458302743563,1.0,0.005945543806734827,2.7935315188543077,0.981168452570825,0.2841269841269841,0.6420301710395152,0.49219281072409393,2,2,4
"frozenset({'29237211', '17131869'})","frozenset({'25451555', '23093367'})",0.00926147431735074,0.02019753255186084,0.0061173575749290865,0.6605166051660517,32.702836520751,1.0,0.005930298645926172,2.8861572682439753,0.9784838154555318,0.26207906295754024,0.6535185344877517,0.4816965428537534,2,2,4
"frozenset({'23093367', '17131869'})","frozenset({'25451555', '29237211'})",0.024298554389802125,0.01018420423088753,0.0061173575749290865,0.2517580872011252,24.720447616080953,1.0,0.005869896134508013,1.3228553210372913,0.9834439237249165,0.21566265060240963,0.24405943409150033,0.4262146140703612,2,2,4
frozenset({'25451555'}),"frozenset({'29237211', '23093367', '17131869'})",0.032466422883701856,0.007313488944328628,0.0061173575749290865,0.18842105263157893,25.763497294638466,1.0,0.005879914750107235,1.2231545856068584,0.993438797995686,0.1817258883248731,0.18244185014124115,0.5124348253812101,1,3,4
frozenset({'29237211'}),"frozenset({'25451555', '23093367', '17131869'})",0.021188612829363317,0.015173780800382761,0.0061173575749290865,0.2887096774193548,19.026878087765184,1.0,0.005795846208392149,1.3845629385572849,0.9679523377335963,0.2022598870056497,0.2777504206186536,0.345931415286254,1,3,4
frozenset({'23093367'}),"frozenset({'25451555', '29237211', '17131869'})",0.03899388264242507,0.0069033867605345,0.0061173575749290865,0.15687992988606486,22.725067467307642,1.0,0.005848167721753533,1.1778827813994075,0.9947863108624649,0.15378006872852232,0.15101908628638783,0.5215092718737255,1,3,4
frozenset({'17131869'}),"frozenset({'25451555', '29237211', '23093367'})",0.05488534226444756,0.007347664126311473,0.0061173575749290865,0.11145703611457036,15.169043412783457,1.0,0.005714078514512278,1.117168641494845,0.9883205780723985,0.10901339829476249,0.10487999496482969,0.472007587824727,1,3,4
frozenset({'15704307'}),frozenset({'156534'}),0.09107685998427942,0.019889955914015243,0.0065274597587232155,0.07166979362101314,3.6033158610729648,1.0,0.004715945028848959,1.0557773918711193,0.7948723147755163,0.0625,0.052830636742719955,0.19992424388954438,1,1,2
frozenset({'156534'}),frozenset({'15704307'}),0.019889955914015243,0.09107685998427942,0.0065274597587232155,0.3281786941580756,3.6033158610729643,1.0,0.004715945028848959,1.3529239577727605,0.7371395126667468,0.0625,0.2608601582854358,0.19992424388954438,1,1,2
frozenset({'25074849'}),frozenset({'15704307'}),0.018215371996855884,0.09107685998427942,0.006322408666826151,0.3470919324577861,3.810978249773838,1.0,0.004663409781906943,1.392115039162009,0.7512851197061723,0.061400597411218054,0.2816685605221566,0.20825515947467166,1,1,2
frozenset({'15704307'}),frozenset({'25074849'}),0.09107685998427942,0.018215371996855884,0.006322408666826151,0.06941838649155722,3.8109782497738385,1.0,0.004663409781906943,1.0550225942049916,0.811509960855727,0.061400597411218054,0.05215300080511891,0.20825515947467166,1,1,2
frozenset({'25074849'}),frozenset({'20898019'}),0.018215371996855884,0.04692252486244489,0.005262978025357985,0.2889305816135085,6.15760943087609,1.0,0.004408266779956833,1.3403437842963508,0.8531395678952071,0.08789954337899546,0.2539227534635998,0.20054686400413224,1,1,2
frozenset({'20898019'}),frozenset({'25074849'}),0.04692252486244489,0.018215371996855884,0.005262978025357985,0.11216314639475601,6.157609430876089,1.0,0.004408266779956833,1.1058164842069869,0.8788365428318097,0.08789954337899546,0.09569081824898898,0.20054686400413224,1,1,2
frozenset({'25074849'}),frozenset({'23093367'}),0.018215371996855884,0.03899388264242507,0.005228802843375141,0.2870544090056285,7.361524155927866,1.0,0.004518514765441626,1.3479375277673353,0.8801915828059618,0.10059171597633135,0.2581258556868313,0.21057365498484754,1,1,2
frozenset({'23093367'}),frozenset({'25074849'}),0.03899388264242507,0.018215371996855884,0.005228802843375141,0.1340929009640666,7.3615241559278655,1.0,0.004518514765441626,1.1338221260643597,0.8992227521639286,0.10059171597633135,0.11802744274260486,0.21057365498484754,1,1,2
frozenset({'20299683'}),frozenset({'25074849'}),0.034482758620689655,0.018215371996855884,0.005604729845186425,0.16253716551040634,8.923076923076923,1.0,0.004976613569432774,1.172332177106713,0.9196428571428571,0.11901306240928881,0.14699944305207463,0.235114736601357,1,1,2
frozenset({'25074849'}),frozenset({'20299683'}),0.018215371996855884,0.034482758620689655,0.005604729845186425,0.30769230769230765,8.923076923076922,1.0,0.004976613569432774,1.3946360153256705,0.9044051099972152,0.11901306240928881,0.2829670329670329,0.235114736601357,1,1,2
frozenset({'25074849'}),frozenset({'22554204'}),0.018215371996855884,0.039028057824407915,0.005673080209152114,0.31144465290806755,7.980019254591038,1.0,0.004962169617565721,1.3956350004893476,0.8909153741113157,0.11000662690523526,0.28348027983722623,0.22840183608625794,1,1,2
frozenset({'22554204'}),frozenset({'25074849'}),0.039028057824407915,0.018215371996855884,0.005673080209152114,0.14535901926444833,7.980019254591037,1.0,0.004962169617565721,1.1487684889135148,0.9102107780315757,0.11000662690523526,0.12950258502843995,0.22840183608625794,1,1,2
frozenset({'9516'}),frozenset({'9517'}),0.027271795222309558,0.012952393971497899,0.008612145859676703,0.31578947368421056,24.380780447160117,1.0,0.008258910823647336,1.4426080395801186,0.9858705453864083,0.2724324324324324,0.3068110168781139,0.490348562699625,1,1,2
frozenset({'9517'}),frozenset({'9516'}),0.012952393971497899,0.027271795222309558,0.008612145859676703,0.6649076517150395,24.380780447160117,1.0,0.008258910823647336,2.9028660599271228,0.9715682201140272,0.2724324324324324,0.6555128692279019,0.490348562699625,1,1,2
frozenset({'20701984'}),frozenset({'18465566'}),0.02204299237893442,0.029356481323263045,0.005604729845186425,0.2542635658914728,8.661241212515002,1.0,0.004957625151105407,1.3015905811777448,0.9044805651963423,0.12238805970149251,0.23170925292410344,0.22259161996552684,1,1,2
frozenset({'18465566'}),frozenset({'20701984'}),0.029356481323263045,0.02204299237893442,0.005604729845186425,0.1909196740395809,8.661241212515002,1.0,0.004957625151105407,1.2087267187719357,0.9112955374149191,0.12238805970149251,0.1726831346824216,0.22259161996552684,1,1,2
frozenset({'17210471'}),frozenset({'17210470'}),0.01161956187416698,0.012747342879600833,0.009124773589419363,0.7852941176470587,61.604533985175834,1.0,0.00897665505009862,4.59816306056076,0.9953327591228437,0.5986547085201793,0.7825218490885691,0.750555906008516,1,1,2
frozenset({'17210470'}),frozenset({'17210471'}),0.012747342879600833,0.01161956187416698,0.009124773589419363,0.7158176943699732,61.60453398517584,1.0,0.00897665505009862,3.477980220952224,0.9964697703749571,0.5986547085201793,0.7124768007662179,0.750555906008516,1,1,2
frozenset({'18659623'}),frozenset({'20575446'}),0.044154335121834525,0.026759167492566897,0.0069033867605345,0.1563467492260062,5.8427359247792685,1.0,0.005721853511486401,1.153602895045508,0.867135077768208,0.10784837159636945,0.13315058041653793,0.2071644346385459,1,1,2
frozenset({'20575446'}),frozenset({'18659623'}),0.026759167492566897,0.044154335121834525,0.0069033867605345,0.25798212005108556,5.8427359247792685,1.0,0.005721853511486401,1.2881706636826222,0.8516363856344902,0.10784837159636945,0.22370534573330525,0.2071644346385459,1,1,2
frozenset({'18465566'}),frozenset({'20575446'}),0.029356481323263045,0.026759167492566897,0.005775605755100646,0.19674039580908032,7.352261458198594,1.0,0.004990050754379038,1.2116143117737463,0.8901181640262854,0.11473183978275628,0.1746548466103483,0.20628846099521703,1,1,2
frozenset({'20575446'}),frozenset({'18465566'}),0.026759167492566897,0.029356481323263045,0.005775605755100646,0.21583652618135377,7.352261458198595,1.0,0.004990050754379038,1.2378076142082817,0.8877426818833681,0.11473183978275628,0.1921200124143579,0.20628846099521703,1,1,2
frozenset({'9615347'}),frozenset({'20575446'}),0.028331225863777725,0.026759167492566897,0.0050579269334609205,0.17852834740651385,6.671670464191574,1.0,0.004299806915302349,1.1847527902329837,0.8748994756574244,0.10109289617486339,0.15594205960608196,0.18377247510811007,1,1,2
frozenset({'20575446'}),frozenset({'9615347'}),0.026759167492566897,0.028331225863777725,0.0050579269334609205,0.18901660280970625,6.671670464191574,1.0,0.004299806915302349,1.1981364569270267,0.8734862663070404,0.10109289617486339,0.16537052668875965,0.18377247510811007,1,1,2
frozenset({'15704307'}),frozenset({'20575446'}),0.09107685998427942,0.026759167492566897,0.007347664126311473,0.08067542213883677,3.0148704051143076,1.0,0.004910523175295076,1.0586476810744119,0.7352775552889577,0.06650170120630992,0.0553986771263608,0.17763017594809016,1,1,2
frozenset({'20575446'}),frozenset({'15704307'}),0.026759167492566897,0.09107685998427942,0.007347664126311473,0.27458492975734355,3.0148704051143076,1.0,0.004910523175295076,1.2529697511132205,0.6866859281011699,0.06650170120630992,0.2018961358711697,0.17763017594809016,1,1,2
frozenset({'22554204'}),frozenset({'20575446'}),0.039028057824407915,0.026759167492566897,0.0061173575749290865,0.15674255691768826,5.857527404812869,1.0,0.005072999238696169,1.1541443725062186,0.862959119671166,0.10252004581901489,0.13355727080442714,0.19267523759038946,1,1,2
frozenset({'20575446'}),frozenset({'22554204'}),0.026759167492566897,0.039028057824407915,0.0061173575749290865,0.22860791826309068,5.857527404812869,1.0,0.005072999238696169,1.2457632958998157,0.8520804651321553,0.10252004581901489,0.19727928789417462,0.19267523759038946,1,1,2
frozenset({'19351043'}),frozenset({'20575446'}),0.051501999248145997,0.026759167492566897,0.006083182392946243,0.11811546118115462,4.414018530806852,1.0,0.00470503176886305,1.1035921253489103,0.815446179232794,0.08428030303030302,0.09386812661077903,0.1727231201180358,1,1,2
frozenset({'20575446'}),frozenset({'19351043'}),0.026759167492566897,0.051501999248145997,0.006083182392946243,0.227330779054917,4.414018530806852,1.0,0.00470503176886305,1.227560222460664,0.7947149820362023,0.08428030303030302,0.18537601520234656,0.1727231201180358,1,1,2
frozenset({'20575446'}),frozenset({'17131869'}),0.026759167492566897,0.05488534226444756,0.005433853935272205,0.20306513409961685,3.699806281998063,1.0,0.003965167868730992,1.185937142639323,0.7497790416170311,0.07130044843049327,0.15678498965427187,0.1510344350448271,1,1,2
frozenset({'17131869'}),frozenset({'20575446'}),0.05488534226444756,0.026759167492566897,0.005433853935272205,0.09900373599003735,3.699806281998063,1.0,0.003965167868730992,1.0801829834187544,0.7720921188634898,0.07130044843049327,0.07423092628711578,0.1510344350448271,1,1,2
frozenset({'20898019'}),frozenset({'20575446'}),0.04692252486244489,0.026759167492566897,0.006356583848808995,0.13546977421704298,5.062555636481347,1.0,0.005100976146840698,1.1257452932036274,0.8419790914811319,0.09441624365482233,0.11169959489307166,0.18650883346867475,1,1,2
frozenset({'20575446'}),frozenset({'20898019'}),0.026759167492566897,0.04692252486244489,0.006356583848808995,0.23754789272030652,5.062555636481346,1.0,0.005100976146840698,1.2500161859844316,0.8245351816569214,0.09441624365482233,0.20001035889590107,0.18650883346867475,1,1,2
frozenset({'22504701'}),frozenset({'20701984'}),0.018386247906770105,0.02204299237893442,0.0065274597587232155,0.3550185873605948,16.105734705051724,1.0,0.006122171836237083,1.516256109798655,0.9554779694766385,0.19254032258064518,0.3404808109015363,0.3255713091841733,1,1,2
frozenset({'20701984'}),frozenset({'22504701'}),0.02204299237893442,0.018386247906770105,0.0065274597587232155,0.2961240310077519,16.105734705051727,1.0,0.006122171836237083,1.3945834143174742,0.9590506610734374,0.19254032258064518,0.28293998786052393,0.3255713091841733,1,1,2
frozenset({'22504701'}),frozenset({'13436373'}),0.018386247906770105,0.01910392672840983,0.0050579269334609205,0.2750929368029739,14.399811133795742,1.0,0.004706677400639606,1.3531335574874757,0.9479845231855816,0.15595363540569018,0.2609746506791102,0.2699257170598054,1,1,2
frozenset({'13436373'}),frozenset({'22504701'}),0.01910392672840983,0.018386247906770105,0.0050579269334609205,0.2647584973166368,14.399811133795742,1.0,0.004706677400639606,1.335090237031911,0.9486781220632521,0.15595363540569018,0.25098695783804303,0.2699257170598054,1,1,2
frozenset({'20299683'}),frozenset({'15704307'}),0.034482758620689655,0.09107685998427942,0.013909299067017532,0.40336967294350845,4.428893058161351,1.0,0.010768717688249276,1.5234276549432926,0.8018603018603019,0.1245791245791246,0.3435855015791849,0.27804506161246717,1,1,2
frozenset({'15704307'}),frozenset({'20299683'}),0.09107685998427942,0.034482758620689655,0.013909299067017532,0.1527204502814259,4.428893058161351,1.0,0.010768717688249276,1.139549799945023,0.8517881353646131,0.1245791245791246,0.12246046636290538,0.27804506161246717,1,1,2
frozenset({'20299683'}),frozenset({'20898019'}),0.034482758620689655,0.04692252486244489,0.009637401319162025,0.27948463825569875,5.956300072833213,1.0,0.008019383220457029,1.3227719015320403,0.8618287740628167,0.13428571428571429,0.24401176133103847,0.24243714796980131,1,1,2
frozenset({'20898019'}),frozenset({'20299683'}),0.04692252486244489,0.034482758620689655,0.009637401319162025,0.20538965768390388,5.956300072833213,1.0,0.008019383220457029,1.2150826511583805,0.8730775432021907,0.13428571428571429,0.17701071688690043,0.24243714796980131,1,1,2
frozenset({'20299683'}),frozenset({'19358975'}),0.034482758620689655,0.04302655411640067,0.008885547315539455,0.25768087215064417,5.988880063542493,1.0,0.007401873035663569,1.2891671654159569,0.8627747252747252,0.12948207171314738,0.22430540675666022,0.23209698889502026,1,1,2
frozenset({'19358975'}),frozenset({'20299683'}),0.04302655411640067,0.034482758620689655,0.008885547315539455,0.20651310563939634,5.988880063542494,1.0,0.007401873035663569,1.2168030099064582,0.8704775208364238,0.12948207171314738,0.17817428798366047,0.23209698889502026,1,1,2
frozenset({'20299683'}),frozenset({'23093367'}),0.034482758620689655,0.03899388264242507,0.008783021769590922,0.25470763131813673,6.531989482909727,1.0,0.007438405126748679,1.2894350696991927,0.877153974430239,0.1357633386159535,0.22446657183499286,0.23997432398509816,1,1,2
frozenset({'23093367'}),frozenset({'20299683'}),0.03899388264242507,0.034482758620689655,0.008783021769590922,0.22524101665205956,6.531989482909728,1.0,0.007438405126748679,1.2462162583866436,0.8812714824183183,0.1357633386159535,0.1975710529610617,0.23997432398509816,1,1,2
frozenset({'20299683'}),frozenset({'22554204'}),0.034482758620689655,0.039028057824407915,0.008202043675882575,0.23785926660059467,6.0945709281961475,1.0,0.006856248578489198,1.2608851621003543,0.8657738095238093,0.12558869701726846,0.2069063622461681,0.22400844240712747,1,1,2
frozenset({'22554204'}),frozenset({'20299683'}),0.039028057824407915,0.034482758620689655,0.008202043675882575,0.21015761821366027,6.094570928196148,1.0,0.006856248578489198,1.22241761602569,0.8698688312765982,0.12558869701726846,0.181948961721291,0.22400844240712747,1,1,2
frozenset({'20299683'}),frozenset({'17131869'}),0.034482758620689655,0.05488534226444756,0.010628481596664503,0.3082259663032706,5.615815691158158,1.0,0.008735883587545621,1.3662187530876397,0.8512861736334404,0.1349826388888889,0.26805279334659193,0.2509373916198794,1,1,2
frozenset({'17131869'}),frozenset({'20299683'}),0.05488534226444756,0.034482758620689655,0.010628481596664503,0.1936488169364882,5.615815691158158,1.0,0.008735883587545621,1.1973904939422182,0.8696632427225442,0.1349826388888889,0.16485056039850562,0.2509373916198794,1,1,2
frozenset({'20299683'}),frozenset({'18659623'}),0.034482758620689655,0.044154335121834525,0.00580978093708349,0.16848364717542122,3.8157894736842106,1.0,0.004287217657020231,1.1495211869631334,0.7642857142857143,0.07977475363679025,0.13007258035682362,0.15003129727192113,1,1,2
frozenset({'18659623'}),frozenset({'20299683'}),0.044154335121834525,0.034482758620689655,0.00580978093708349,0.13157894736842105,3.81578947368421,1.0,0.004287217657020231,1.1118077324973876,0.7720190210590296,0.07977475363679025,0.10056390977443608,0.15003129727192113,1,1,2
frozenset({'20299683'}),frozenset({'19351043'}),0.034482758620689655,0.051501999248145997,0.006971737124500188,0.20218037661050547,3.9256801592568022,1.0,0.00519580611594343,1.188862711501392,0.7718837535014006,0.08823529411764706,0.15885998414642938,0.16877432898209416,1,1,2
frozenset({'19351043'}),frozenset({'20299683'}),0.051501999248145997,0.034482758620689655,0.006971737124500188,0.1353682813536828,3.925680159256802,1.0,0.00519580611594343,1.116680339799402,0.7857339411948393,0.08823529411764706,0.10448857711631433,0.16877432898209416,1,1,2
"frozenset({'20299683', '20898019'})",frozenset({'15704307'}),0.009637401319162025,0.09107685998427942,0.005878131301049178,0.6099290780141843,6.696861070083695,1.0,0.005000387050491549,2.3301484134948467,0.8589543992161124,0.06198198198198198,0.5708427865759155,0.3372347078626268,2,1,3
"frozenset({'20299683', '15704307'})",frozenset({'20898019'}),0.013909299067017532,0.04692252486244489,0.005878131301049178,0.42260442260442255,9.006429723108527,1.0,0.005225471869757866,1.650649073961638,0.9015075496364213,0.10696517412935323,0.3941777111957834,0.2739387735746075,2,1,3
"frozenset({'15704307', '20898019'})",frozenset({'20299683'}),0.015959809985988175,0.034482758620689655,0.005878131301049178,0.3683083511777302,10.680942184154176,1.0,0.005327793025670275,1.5284628872004677,0.921075490533396,0.13190184049079756,0.3457479351483634,0.2693870794540782,2,1,3
frozenset({'20299683'}),"frozenset({'15704307', '20898019'})",0.034482758620689655,0.015959809985988175,0.005878131301049178,0.17046580773042616,10.680942184154176,1.0,0.005327793025670275,1.1862563341984922,0.9387458471760797,0.13190184049079756,0.15701187747447387,0.2693870794540782,1,2,3
frozenset({'20898019'}),"frozenset({'20299683', '15704307'})",0.04692252486244489,0.013909299067017532,0.005878131301049178,0.12527312454479242,9.006429723108528,1.0,0.005225471869757866,1.127312683081586,0.9327344677714179,0.10696517412935323,0.11293466754367405,0.2739387735746075,1,2,3
frozenset({'15704307'}),"frozenset({'20299683', '20898019'})",0.09107685998427942,0.009637401319162025,0.005878131301049178,0.06454033771106941,6.6968610700836955,1.0,0.005000387050491549,1.0586908646146944,0.9359166617116754,0.06198198198198198,0.05543720700381663,0.3372347078626268,1,2,3
"frozenset({'20299683', '19358975'})",frozenset({'15704307'}),0.008885547315539455,0.09107685998427942,0.007108437852431564,0.8,8.783789868667919,1.0,0.006299170103690487,4.544615700078604,0.8940984793627806,0.07655502392344497,0.7799593923898331,0.43902439024390244,2,1,3
"frozenset({'20299683', '15704307'})",frozenset({'19358975'}),0.013909299067017532,0.04302655411640067,0.007108437852431564,0.5110565110565111,11.877700214475434,1.0,0.006509968643403333,1.9572270978624369,0.9287265530442386,0.14266117969821673,0.4890730865661228,0.3381334977840141,2,1,3
"frozenset({'19358975', '15704307'})",frozenset({'20299683'}),0.030791838966542497,0.034482758620689655,0.007108437852431564,0.23085460599334073,6.694783573806881,1.0,0.006046650301861133,1.255311738070359,0.8776545717153086,0.12220916568742655,0.20338512763596003,0.21849965185692805,2,1,3
frozenset({'20299683'}),"frozenset({'19358975', '15704307'})",0.034482758620689655,0.030791838966542497,0.007108437852431564,0.20614469772051536,6.694783573806881,1.0,0.006046650301861133,1.2208876834990745,0.8810096153846153,0.12220916568742655,0.18092383638928067,0.21849965185692805,1,2,3
frozenset({'19358975'}),"frozenset({'20299683', '15704307'})",0.04302655411640067,0.013909299067017532,0.007108437852431564,0.16521048451151707,11.877700214475432,1.0,0.006509968643403333,1.1812447121547336,0.9569843568865959,0.14266117969821673,0.1534353638071498,0.3381334977840141,1,2,3
frozenset({'15704307'}),"frozenset({'20299683', '19358975'})",0.09107685998427942,0.008885547315539455,0.007108437852431564,0.07804878048780488,8.783789868667919,1.0,0.006299170103690487,1.0750183216947853,0.9749492404872913,0.07655502392344497,0.0697832959502658,0.43902439024390244,1,2,3
"frozenset({'20299683', '19358975'})",frozenset({'17131869'}),0.008885547315539455,0.05488534226444756,0.007142613034414408,0.8038461538461539,14.6459167544784,1.0,0.006654926728794082,4.818231588455759,0.9400746616722836,0.12613156306578152,0.7924549740622784,0.46699157007376185,2,1,3
"frozenset({'20299683', '17131869'})",frozenset({'19358975'}),0.010628481596664503,0.04302655411640067,0.007142613034414408,0.6720257234726688,15.618859963887022,1.0,0.006685306095820354,2.9178308006843072,0.9460296997793588,0.15356355620867007,0.6572796476870852,0.419015244579861,2,1,3
"frozenset({'19358975', '17131869'})",frozenset({'20299683'}),0.030620963056628276,0.034482758620689655,0.007142613034414408,0.23325892857142858,6.764508928571429,1.0,0.00608671775659964,1.2592481052050395,0.8790881342580527,0.1232311320754717,0.20587531887755103,0.2201973532847232,2,1,3
frozenset({'20299683'}),"frozenset({'19358975', '17131869'})",0.034482758620689655,0.030620963056628276,0.007142613034414408,0.20713577799801783,6.764508928571428,1.0,0.00608671775659964,1.2226293103448276,0.8826042378673957,0.1232311320754717,0.18209060461836768,0.2201973532847232,1,2,3
frozenset({'19358975'}),"frozenset({'20299683', '17131869'})",0.04302655411640067,0.010628481596664503,0.007142613034414408,0.16600476568705322,15.618859963887022,1.0,0.006685306095820354,1.186303563495047,0.9780572747879593,0.15356355620867007,0.15704543864486578,0.419015244579861,1,2,3
frozenset({'17131869'}),"frozenset({'20299683', '19358975'})",0.05488534226444756,0.008885547315539455,0.007142613034414408,0.13013698630136986,14.6459167544784,1.0,0.006654926728794082,1.1393914180467026,0.9858291543358486,0.12613156306578152,0.12233848336831087,0.46699157007376185,1,2,3
"frozenset({'20299683', '19358975', '15704307'})",frozenset({'17131869'}),0.007108437852431564,0.05488534226444756,0.006254058302860463,0.8798076923076924,16.02992084969825,1.0,0.005863909258364202,7.863353952359803,0.9443293667743838,0.11220110361741265,0.8728278027342393,0.4968776942235847,3,1,4
"frozenset({'20299683', '19358975', '17131869'})",frozenset({'15704307'}),0.007142613034414408,0.09107685998427942,0.006254058302860463,0.875598086124402,9.613836997405677,1.0,0.005603531535603213,7.306343702434069,0.9024289591153304,0.06800445930880714,0.8631326364147288,0.47213300178640366,3,1,4
"frozenset({'20299683', '15704307', '17131869'})",frozenset({'19358975'}),0.008953897679505144,0.04302655411640067,0.006254058302860463,0.6984732824427481,16.233539886860406,1.0,0.005868802939800521,3.1737600357152282,0.9468773843153062,0.13677130044843053,0.6849163173186648,0.42191336878293084,3,1,4
"frozenset({'19358975', '15704307', '17131869'})",frozenset({'20299683'}),0.025665561669115888,0.034482758620689655,0.006254058302860463,0.2436750998668442,7.066577896138482,1.0,0.0053690389349599155,1.2765905779504614,0.8811027862910724,0.1160431198478123,0.21666349629066006,0.21252139532489883,3,1,4
"frozenset({'20299683', '19358975'})","frozenset({'15704307', '17131869'})",0.008885547315539455,0.0422747001127781,0.006254058302860463,0.7038461538461539,16.649347055531376,1.0,0.005878424454758132,3.233877635982828,0.9483643205821243,0.13926940639269408,0.6907737049561914,0.4258923574404577,2,2,4
"frozenset({'20299683', '15704307'})","frozenset({'19358975', '17131869'})",0.013909299067017532,0.030620963056628276,0.006254058302860463,0.44963144963144963,14.683778847841348,1.0,0.005828142169985725,1.7613270894462154,0.9450425185624555,0.16339285714285717,0.43224628407071564,0.32693626053001057,2,2,4
"frozenset({'20299683', '17131869'})","frozenset({'19358975', '15704307'})",0.010628481596664503,0.030791838966542497,0.006254058302860463,0.5884244372990354,19.10975300755502,1.0,0.005926787809077109,2.354872953760979,0.9578512037902168,0.17784256559766767,0.5753486410369208,0.395766047728319,2,2,4
"frozenset({'19358975', '15704307'})","frozenset({'20299683', '17131869'})",0.030791838966542497,0.010628481596664503,0.006254058302860463,0.20310765815760268,19.10975300755502,1.0,0.005926787809077109,1.2415372396676954,0.9777782915982643,0.17784256559766767,0.1945469148652716,0.395766047728319,2,2,4
"frozenset({'19358975', '17131869'})","frozenset({'20299683', '15704307'})",0.030620963056628276,0.013909299067017532,0.006254058302860463,0.20424107142857145,14.68377884784135,1.0,0.005828142169985725,1.239182704117745,0.9613346317856898,0.16339285714285717,0.19301649653675154,0.32693626053001057,2,2,4
"frozenset({'15704307', '17131869'})","frozenset({'20299683', '19358975'})",0.0422747001127781,0.008885547315539455,0.006254058302860463,0.14793856103476155,16.649347055531376,1.0,0.005878424454758132,1.1631959942795804,0.9814271217956818,0.13926940639269408,0.14029965292362878,0.4258923574404577,2,2,4
frozenset({'20299683'}),"frozenset({'19358975', '15704307', '17131869'})",0.034482758620689655,0.025665561669115888,0.006254058302860463,0.18136769078295342,7.066577896138482,1.0,0.0053690389349599155,1.190197879268598,0.8891491022638564,0.1160431198478123,0.1598035776920379,0.21252139532489883,1,3,4
frozenset({'19358975'}),"frozenset({'20299683', '15704307', '17131869'})",0.04302655411640067,0.008953897679505144,0.006254058302860463,0.1453534551231136,16.233539886860406,1.0,0.005868802939800521,1.1595976234400587,0.9805905745218043,0.13677130044843053,0.13763189938816606,0.42191336878293084,1,3,4
frozenset({'15704307'}),"frozenset({'20299683', '19358975', '17131869'})",0.09107685998427942,0.007142613034414408,0.006254058302860463,0.06866791744840525,9.613836997405675,1.0,0.005603531535603213,1.0660616181560376,0.9857635027905918,0.06800445930880714,0.06196791726758179,0.47213300178640366,1,3,4
frozenset({'17131869'}),"frozenset({'20299683', '19358975', '15704307'})",0.05488534226444756,0.007108437852431564,0.006254058302860463,0.11394769613947697,16.02992084969825,1.0,0.005863909258364202,1.120578952079406,0.9920665735995724,0.11220110361741265,0.1076041557407922,0.4968776942235847,1,3,4
"frozenset({'20299683', '15704307'})",frozenset({'23093367'}),0.013909299067017532,0.03899388264242507,0.006561634940706059,0.47174447174447176,12.097909717541619,1.0,0.0060192573652483854,1.8192069291373627,0.9302806442203277,0.1415929203539823,0.45030992132699105,0.3200089580457679,2,1,3
"frozenset({'20299683', '23093367'})",frozenset({'15704307'}),0.008783021769590922,0.09107685998427942,0.006561634940706059,0.7470817120622568,8.202760966849418,1.0,0.005761704896758149,3.593742261292926,0.885870447467016,0.07032967032967033,0.7217385312322792,0.40956337010242294,2,1,3
"frozenset({'15704307', '23093367'})",frozenset({'20299683'}),0.025563036123167356,0.034482758620689655,0.006561634940706059,0.25668449197860965,7.44385026737968,1.0,0.005680150936458909,1.29893326717936,0.8883703632261307,0.12268370607028754,0.23013750954927426,0.22348595262954268,2,1,3
frozenset({'20299683'}),"frozenset({'15704307', '23093367'})",0.034482758620689655,0.025563036123167356,0.006561634940706059,0.19028741328047571,7.443850267379679,1.0,0.005680150936458909,1.2034356138943991,0.8965773809523809,0.12268370607028754,0.16904569845333708,0.22348595262954268,1,2,3
frozenset({'15704307'}),"frozenset({'20299683', '23093367'})",0.09107685998427942,0.008783021769590922,0.006561634940706059,0.07204502814258912,8.202760966849418,1.0,0.005761704896758149,1.0681735733861868,0.966077096493207,0.07032967032967033,0.06382256131844918,0.40956337010242294,1,2,3
frozenset({'23093367'}),"frozenset({'20299683', '15704307'})",0.03899388264242507,0.013909299067017532,0.006561634940706059,0.16827344434706398,12.097909717541619,1.0,0.0060192573652483854,1.18559482588465,0.9545632186462779,0.1415929203539823,0.15654152821236011,0.3200089580457679,1,2,3
"frozenset({'20299683', '19358975'})",frozenset({'23093367'}),0.008885547315539455,0.03899388264242507,0.0061173575749290865,0.6884615384615385,17.65562933998517,1.0,0.005770875585693226,3.0847109939872777,0.9518182671027141,0.146481178396072,0.6758205219389429,0.42267073417380163,2,1,3
"frozenset({'20299683', '23093367'})",frozenset({'19358975'}),0.008783021769590922,0.04302655411640067,0.0061173575749290865,0.6964980544747083,16.1876327021322,1.0,0.0057394544134542575,3.1531048152831422,0.9465379076975705,0.13388182498130144,0.6828522809793742,0.4193371924478386,2,1,3
"frozenset({'19358975', '23093367'})",frozenset({'20299683'}),0.024298554389802125,0.034482758620689655,0.0061173575749290865,0.2517580872011252,7.300984528832631,1.0,0.005279476389073841,1.2903811252268602,0.884524846148578,0.11615833874107724,0.2250351617440225,0.21458072843703435,2,1,3
frozenset({'20299683'}),"frozenset({'19358975', '23093367'})",0.034482758620689655,0.024298554389802125,0.0061173575749290865,0.1774033696729435,7.300984528832631,1.0,0.005279476389073841,1.1861238055670962,0.893854748603352,0.11615833874107724,0.15691768826619965,0.21458072843703435,1,2,3
frozenset({'19358975'}),"frozenset({'20299683', '23093367'})",0.04302655411640067,0.008783021769590922,0.0061173575749290865,0.14217633042096903,16.1876327021322,1.0,0.0057394544134542575,1.1555020144371158,0.9804080235290457,0.13388182498130144,0.13457528632078247,0.4193371924478386,1,2,3
frozenset({'23093367'}),"frozenset({'20299683', '19358975'})",0.03899388264242507,0.008885547315539455,0.0061173575749290865,0.15687992988606486,17.655629339985172,1.0,0.005770875585693226,1.1755317988700305,0.98163874695042,0.146481178396072,0.14932118300734953,0.42267073417380163,1,2,3
"frozenset({'20299683', '23093367'})",frozenset({'17131869'}),0.008783021769590922,0.05488534226444756,0.006254058302860463,0.7120622568093387,12.973632438666288,1.0,0.005771999146920372,3.2823576626761772,0.9310984428000509,0.10892857142857143,0.6953409400288577,0.4130049764744078,2,1,3
"frozenset({'20299683', '17131869'})",frozenset({'23093367'}),0.010628481596664503,0.03899388264242507,0.006254058302860463,0.5884244372990354,15.090173058551335,1.0,0.005839612538812953,2.334944550767233,0.943762469681097,0.14420803782505912,0.5717243051140496,0.37440503197116537,2,1,3
"frozenset({'23093367', '17131869'})",frozenset({'20299683'}),0.024298554389802125,0.034482758620689655,0.006254058302860463,0.25738396624472576,7.464135021097047,1.0,0.0054161771170052175,1.3001567398119123,0.8875932359105395,0.11906310995445676,0.23086196503918022,0.21937582851383958,2,1,3
frozenset({'20299683'}),"frozenset({'23093367', '17131869'})",0.034482758620689655,0.024298554389802125,0.006254058302860463,0.18136769078295342,7.4641350210970465,1.0,0.0054161771170052175,1.1918677465141523,0.8969555035128806,0.11906310995445676,0.16098073555166373,0.21937582851383958,1,2,3
frozenset({'23093367'}),"frozenset({'20299683', '17131869'})",0.03899388264242507,0.010628481596664503,0.006254058302860463,0.16038562664329536,15.090173058551336,1.0,0.005839612538812953,1.1783641988499016,0.9716189010408165,0.14420803782505912,0.15136593510222682,0.37440503197116537,1,2,3
frozenset({'17131869'}),"frozenset({'20299683', '23093367'})",0.05488534226444756,0.008783021769590922,0.006254058302860463,0.11394769613947697,12.973632438666288,1.0,0.005771999146920372,1.118689014081544,0.9765170578547343,0.10892857142857143,0.10609652243612039,0.4130049764744078,1,2,3
"frozenset({'20299683', '19358975', '15704307'})",frozenset({'23093367'}),0.007108437852431564,0.03899388264242507,0.005297153207340829,0.7451923076923077,19.110492651520257,1.0,0.005019967615952141,3.771495705856143,0.954457426527492,0.12981574539363483,0.7348532046722837,0.4405190285174948,3,1,4
"frozenset({'20299683', '19358975', '23093367'})",frozenset({'15704307'}),0.0061173575749290865,0.09107685998427942,0.005297153207340829,0.8659217877094972,9.507593782426866,1.0,0.0047400034880152415,6.779051752617251,0.9003285481985309,0.05764224618817404,0.8524867435015641,0.46204156927688744,3,1,4
"frozenset({'20299683', '15704307', '23093367'})",frozenset({'19358975'}),0.006561634940706059,0.04302655411640067,0.005297153207340829,0.8072916666666666,18.762638171829494,1.0,0.005014828666472474,4.965916259720299,0.9529555373810256,0.11959876543209878,0.7986272929909768,0.46520262443738414,3,1,4
"frozenset({'19358975', '15704307', '23093367'})",frozenset({'20299683'}),0.01927480263832405,0.034482758620689655,0.005297153207340829,0.274822695035461,7.969858156028368,1.0,0.004632504840502069,1.3314223084056993,0.8917148808406409,0.10930888575458392,0.2489235055724417,0.2142200690241725,3,1,4
"frozenset({'20299683', '19358975'})","frozenset({'15704307', '23093367'})",0.008885547315539455,0.025563036123167356,0.005297153207340829,0.5961538461538463,23.320932743726864,1.0,0.005070011640339581,2.4128915295997766,0.9657008490252282,0.18171160609613132,0.5855594883845157,0.40168654874537235,2,2,4
"frozenset({'20299683', '15704307'})","frozenset({'19358975', '23093367'})",0.013909299067017532,0.024298554389802125,0.005297153207340829,0.3808353808353808,15.673170293423459,1.0,0.00495917734743688,1.575835271283137,0.9494022185105436,0.16095534787123572,0.365415904680353,0.29941909688745133,2,2,4
"frozenset({'20299683', '23093367'})","frozenset({'19358975', '15704307'})",0.008783021769590922,0.030791838966542497,0.005297153207340829,0.6031128404669261,19.58677561032489,1.0,0.005026707815371948,2.442024484172536,0.9573536019503427,0.15453639082751744,0.5905036962236504,0.3875719585242511,2,2,4
"frozenset({'19358975', '15704307'})","frozenset({'20299683', '23093367'})",0.030791838966542497,0.008783021769590922,0.005297153207340829,0.17203107658157601,19.58677561032489,1.0,0.005026707815371948,1.1971668865758693,0.9790932253514718,0.15453639082751744,0.16469457081276706,0.3875719585242511,2,2,4
"frozenset({'19358975', '23093367'})","frozenset({'20299683', '15704307'})",0.024298554389802125,0.013909299067017532,0.005297153207340829,0.2180028129395218,15.673170293423459,1.0,0.00495917734743688,1.2609900869844435,0.9595114400316367,0.16095534787123572,0.20697235424632104,0.29941909688745133,2,2,4
"frozenset({'15704307', '23093367'})","frozenset({'20299683', '19358975'})",0.025563036123167356,0.008885547315539455,0.005297153207340829,0.2072192513368984,23.320932743726864,1.0,0.005070011640339581,1.2501747227790498,0.9822288192256389,0.18171160609613132,0.20011180695041494,0.40168654874537235,2,2,4
frozenset({'20299683'}),"frozenset({'19358975', '15704307', '23093367'})",0.034482758620689655,0.01927480263832405,0.005297153207340829,0.15361744301288405,7.969858156028368,1.0,0.004632504840502069,1.1587256722926593,0.9057603686635944,0.10930888575458392,0.13698295989127784,0.2142200690241725,1,3,4
frozenset({'19358975'}),"frozenset({'20299683', '15704307', '23093367'})",0.04302655411640067,0.006561634940706059,0.005297153207340829,0.12311358220810167,18.762638171829494,1.0,0.005014828666472474,1.1329156717478723,0.9892673564791455,0.11959876543209878,0.11732176989202459,0.46520262443738414,1,3,4
frozenset({'15704307'}),"frozenset({'20299683', '19358975', '23093367'})",0.09107685998427942,0.0061173575749290865,0.005297153207340829,0.058161350844277676,9.507593782426866,1.0,0.0047400034880152415,1.0552578653636708,0.9844846908824513,0.05764224618817404,0.05236432456689392,0.46204156927688744,1,3,4
frozenset({'23093367'}),"frozenset({'20299683', '19358975', '15704307'})",0.03899388264242507,0.007108437852431564,0.005297153207340829,0.13584574934268184,19.110492651520257,1.0,0.005019967615952141,1.1489749213086975,0.9861255907860323,0.12981574539363483,0.12965898432231485,0.4405190285174948,1,3,4
"frozenset({'20299683', '19358975', '23093367'})",frozenset({'17131869'}),0.0061173575749290865,0.05488534226444756,0.005331328389323673,0.8715083798882681,15.878709031077593,1.0,0.004995575125069679,7.355457553681037,0.9427899714159255,0.09576427255985266,0.8640465269900782,0.48432206042981274,3,1,4
"frozenset({'20299683', '19358975', '17131869'})",frozenset({'23093367'}),0.007142613034414408,0.03899388264242507,0.005331328389323673,0.7464114832535885,19.14175846755763,1.0,0.005052810174899462,3.7896278967496824,0.9545763652795871,0.13065326633165827,0.7361218496260048,0.441566828392789,3,1,4
"frozenset({'20299683', '23093367', '17131869'})",frozenset({'19358975'}),0.006254058302860463,0.04302655411640067,0.005331328389323673,0.8524590163934426,19.81239339053894,1.0,0.005062237811308522,6.486153355433282,0.9555023094382747,0.1213063763608087,0.8458254152806415,0.4881834398885402,3,1,4
"frozenset({'19358975', '23093367', '17131869'})",frozenset({'20299683'}),0.020026656641946618,0.034482758620689655,0.005331328389323673,0.26621160409556316,7.720136518771332,1.0,0.004640754022359996,1.3157979149959904,0.8882574385800193,0.108408617095205,0.24000487567040468,0.21041006369297482,3,1,4
"frozenset({'20299683', '19358975'})","frozenset({'23093367', '17131869'})",0.008885547315539455,0.024298554389802125,0.005331328389323673,0.6,24.69282700421941,1.0,0.005115422434593877,2.439253614025495,0.9681045481190304,0.1914110429447853,0.5900385288966725,0.40970464135021095,2,2,4
"frozenset({'20299683', '23093367'})","frozenset({'19358975', '17131869'})",0.008783021769590922,0.030620963056628276,0.005331328389323673,0.6070038910505837,19.823148276820458,1.0,0.005062383804191467,2.466637747469768,0.9579677780960362,0.156469408224674,0.5945898415664068,0.39055551695386326,2,2,4
"frozenset({'20299683', '17131869'})","frozenset({'19358975', '23093367'})",0.010628481596664503,0.024298554389802125,0.005331328389323673,0.5016077170418006,20.643520968157706,1.0,0.00507307165116611,1.9576977392565906,0.9617809220140827,0.18013856812933027,0.4891959162297768,0.3605084998711113,2,2,4
"frozenset({'19358975', '23093367'})","frozenset({'20299683', '17131869'})",0.024298554389802125,0.010628481596664503,0.005331328389323673,0.21940928270042195,20.643520968157706,1.0,0.00507307165116611,1.2674651343869756,0.9752559612016705,0.18013856812933027,0.21102366221406035,0.3605084998711113,2,2,4
"frozenset({'19358975', '17131869'})","frozenset({'20299683', '23093367'})",0.030620963056628276,0.008783021769590922,0.005331328389323673,0.17410714285714285,19.823148276820458,1.0,0.005062383804191467,1.2001762331006034,0.9795486492472215,0.156469408224674,0.1667890327935063,0.39055551695386326,2,2,4
"frozenset({'23093367', '17131869'})","frozenset({'20299683', '19358975'})",0.024298554389802125,0.008885547315539455,0.005331328389323673,0.21940928270042195,24.692827004219414,1.0,0.005115422434593877,1.2696979745200927,0.9833975481611208,0.1914110429447853,0.2124111244818126,0.40970464135021095,2,2,4
frozenset({'20299683'}),"frozenset({'19358975', '23093367', '17131869'})",0.034482758620689655,0.020026656641946618,0.005331328389323673,0.15460852329038652,7.720136518771331,1.0,0.004640754022359996,1.159194728544286,0.9015567765567764,0.108408617095205,0.13733217088055796,0.21041006369297482,1,3,4
frozenset({'19358975'}),"frozenset({'20299683', '23093367', '17131869'})",0.04302655411640067,0.006254058302860463,0.005331328389323673,0.12390786338363781,19.81239339053894,1.0,0.005062237811308522,1.1342938718011775,0.9922182756176756,0.1213063763608087,0.11839424962062817,0.4881834398885402,1,3,4
frozenset({'23093367'}),"frozenset({'20299683', '19358975', '17131869'})",0.03899388264242507,0.007142613034414408,0.005331328389323673,0.13672217353198948,19.14175846755763,1.0,0.005052810174899462,1.1501018056119117,0.9862145293066346,0.13065326633165827,0.1305117554632915,0.441566828392789,1,3,4
frozenset({'17131869'}),"frozenset({'20299683', '19358975', '23093367'})",0.05488534226444756,0.0061173575749290865,0.005331328389323673,0.09713574097135741,15.878709031077593,1.0,0.004995575125069679,1.100810706023906,0.9914380021232307,0.09576427255985266,0.09157860245385081,0.48432206042981274,1,3,4
"frozenset({'20299683', '15704307', '23093367'})",frozenset({'17131869'}),0.006561634940706059,0.05488534226444756,0.005536379481220738,0.84375,15.372956880448319,1.0,0.005176241901685728,6.048733809507536,0.9411260309124013,0.09902200488997556,0.8346761435545109,0.47231086550435863,3,1,4
"frozenset({'20299683', '15704307', '17131869'})",frozenset({'23093367'}),0.008953897679505144,0.03899388264242507,0.005536379481220738,0.6183206106870229,15.8568618661814,1.0,0.005187232245913832,2.5178360274768465,0.945400841834052,0.13053988718775184,0.6028335486953406,0.3801506646774291,3,1,4
"frozenset({'20299683', '23093367', '17131869'})",frozenset({'15704307'}),0.006254058302860463,0.09107685998427942,0.005536379481220738,0.8852459016393442,9.719767477624334,1.0,0.0049667794888375956,7.920615934422707,0.902762811645816,0.06031273268801191,0.8737471923548222,0.4730169470673269,3,1,4
"frozenset({'15704307', '23093367', '17131869'})",frozenset({'20299683'}),0.020402583643757903,0.034482758620689655,0.005536379481220738,0.271356783919598,7.869346733668342,1.0,0.004832842114194603,1.3250891795481572,0.8911055033543172,0.11218836565096954,0.24533381191672649,0.21595589443749968,3,1,4
"frozenset({'20299683', '15704307'})","frozenset({'23093367', '17131869'})",0.013909299067017532,0.024298554389802125,0.005536379481220738,0.39803439803439805,16.380990887320003,1.0,0.005198403621316789,1.620859136176941,0.9521980391703828,0.1694560669456067,0.38304324066145434,0.31294124965011044,2,2,4
"frozenset({'20299683', '23093367'})","frozenset({'15704307', '17131869'})",0.008783021769590922,0.0422747001127781,0.005536379481220738,0.6303501945525293,14.91081410089051,1.0,0.00516507986982728,2.5908989691685904,0.9412011710602709,0.12162162162162164,0.6140335798887225,0.38065609970148695,2,2,4
"frozenset({'20299683', '17131869'})","frozenset({'15704307', '23093367'})",0.010628481596664503,0.025563036123167356,0.005536379481220738,0.5209003215434084,20.37709132176694,1.0,0.005264683222230783,2.0338919178905703,0.9611407492697072,0.1806020066889632,0.5083317893130036,0.3687389308251801,2,2,4
"frozenset({'15704307', '23093367'})","frozenset({'20299683', '17131869'})",0.025563036123167356,0.010628481596664503,0.005536379481220738,0.21657754010695188,20.37709132176694,1.0,0.005264683222230783,1.262883781170128,0.9758715214589143,0.1806020066889632,0.2081614991733858,0.3687389308251801,2,2,4
"frozenset({'15704307', '17131869'})","frozenset({'20299683', '23093367'})",0.0422747001127781,0.008783021769590922,0.005536379481220738,0.13096200485044465,14.91081410089051,1.0,0.00516507986982728,1.1405910716939685,0.9741150001938375,0.12162162162162164,0.12326159232963939,0.38065609970148695,2,2,4
"frozenset({'23093367', '17131869'})","frozenset({'20299683', '15704307'})",0.024298554389802125,0.013909299067017532,0.005536379481220738,0.2278481012658228,16.380990887320003,1.0,0.005198403621316789,1.277068284814846,0.9623370305506908,0.1694560669456067,0.21695651525401125,0.31294124965011044,2,2,4
frozenset({'20299683'}),"frozenset({'15704307', '23093367', '17131869'})",0.034482758620689655,0.020402583643757903,0.005536379481220738,0.1605550049554014,7.869346733668342,1.0,0.004832842114194603,1.1669584334161136,0.9041005291005291,0.11218836565096954,0.14307144850683784,0.21595589443749968,1,3,4
frozenset({'15704307'}),"frozenset({'20299683', '23093367', '17131869'})",0.09107685998427942,0.006254058302860463,0.005536379481220738,0.06078799249530957,9.719767477624334,1.0,0.0049667794888375956,1.0580634976519685,0.9870107172897066,0.06031273268801191,0.05487713901937042,0.4730169470673269,1,3,4
frozenset({'23093367'}),"frozenset({'20299683', '15704307', '17131869'})",0.03899388264242507,0.008953897679505144,0.005536379481220738,0.14198071866783524,15.856861866181399,1.0,0.005187232245913832,1.1550394307943663,0.9749530231986373,0.13053988718775184,0.13422869095277518,0.3801506646774291,1,3,4
frozenset({'17131869'}),"frozenset({'20299683', '15704307', '23093367'})",0.05488534226444756,0.006561634940706059,0.005536379481220738,0.10087173100871731,15.372956880448319,1.0,0.005176241901685728,1.1048905916102674,0.9892457997683092,0.09902200488997556,0.0949330118354975,0.47231086550435863,1,3,4
"frozenset({'20299683', '15704307'})",frozenset({'17131869'}),0.013909299067017532,0.05488534226444756,0.008953897679505144,0.6437346437346437,11.728716942913705,1.0,0.008190481039553325,2.6528390737818612,0.9276420325121949,0.14962878355225584,0.6230453592594254,0.403436437683013,2,1,3
"frozenset({'20299683', '17131869'})",frozenset({'15704307'}),0.010628481596664503,0.09107685998427942,0.008953897679505144,0.842443729903537,9.249810874561874,1.0,0.00798588894928024,5.768879521324268,0.901470948858917,0.09653647752394989,0.8266561129759136,0.47037758727822254,2,1,3
"frozenset({'15704307', '17131869'})",frozenset({'20299683'}),0.0422747001127781,0.034482758620689655,0.008953897679505144,0.211802748585287,6.142279708973323,1.0,0.007496149399754175,1.2249690539345712,0.8741483581139831,0.13205645161290325,0.18365284674904725,0.2357328906454681,2,1,3
frozenset({'20299683'}),"frozenset({'15704307', '17131869'})",0.034482758620689655,0.0422747001127781,0.008953897679505144,0.25966303270564917,6.142279708973323,1.0,0.007496149399754175,1.2936343073443197,0.8670937840785168,0.13205645161290325,0.2269840137025407,0.2357328906454681,1,2,3
frozenset({'15704307'}),"frozenset({'20299683', '17131869'})",0.09107685998427942,0.010628481596664503,0.008953897679505144,0.09831144465290807,9.249810874561874,1.0,0.00798588894928024,1.0972430697232165,0.9812597371584316,0.09653647752394989,0.08862491129494794,0.47037758727822254,1,2,3
frozenset({'17131869'}),"frozenset({'20299683', '15704307'})",0.05488534226444756,0.013909299067017532,0.008953897679505144,0.16313823163138233,11.728716942913707,1.0,0.008190481039553325,1.1783196917398584,0.9678605390022372,0.14962878355225584,0.15133388077098073,0.403436437683013,1,2,3
frozenset({'3217221'}),frozenset({'15704307'}),0.028809678411537542,0.09107685998427942,0.009193123953385052,0.3190984578884935,3.5036172518856317,1.0,0.006569228906505331,1.3348818937861542,0.7357782294639688,0.08305032417412782,0.2508700547554222,0.21001827209621673,1,1,2
frozenset({'15704307'}),frozenset({'3217221'}),0.09107685998427942,0.028809678411537542,0.009193123953385052,0.10093808630393997,3.5036172518856317,1.0,0.006569228906505331,1.0802262967584526,0.7861838518915275,0.08305032417412782,0.07426804642619422,0.21001827209621673,1,1,2
frozenset({'3217221'}),frozenset({'17131869'}),0.028809678411537542,0.05488534226444756,0.006561634940706059,0.2277580071174377,4.149705508258621,1.0,0.004980405880560155,1.2238581512612452,0.7815348106833697,0.08506867523260966,0.18291184401603128,0.17365484415647725,1,1,2
frozenset({'17131869'}),frozenset({'3217221'}),0.05488534226444756,0.028809678411537542,0.006561634940706059,0.11955168119551682,4.149705508258621,1.0,0.004980405880560155,1.1030634062737417,0.8030973151328874,0.08506867523260966,0.0934338005300168,0.17365484415647725,1,1,2
frozenset({'19358975'}),frozenset({'3217221'}),0.04302655411640067,0.028809678411537542,0.005741430573117802,0.1334392374900715,4.631750330008282,1.0,0.004501849385867682,1.1207411685425062,0.8193528268388993,0.08686659772492246,0.10773332142293554,0.16636374685891475,1,1,2
frozenset({'3217221'}),frozenset({'19358975'}),0.028809678411537542,0.04302655411640067,0.005741430573117802,0.199288256227758,4.631750330008282,1.0,0.004501849385867682,1.1951535035257397,0.8073586409016419,0.08686659772492246,0.1632873960960084,0.16636374685891475,1,1,2
frozenset({'3217221'}),frozenset({'23093367'}),0.028809678411537542,0.03899388264242507,0.005502204299237893,0.19098457888493475,4.897808731596911,1.0,0.004378803080292391,1.187871197848146,0.8194347122307661,0.08831596269884806,0.15815788629986047,0.1660444366817312,1,1,2
frozenset({'23093367'}),frozenset({'3217221'}),0.03899388264242507,0.028809678411537542,0.005502204299237893,0.1411042944785276,4.897808731596911,1.0,0.004378803080292391,1.1307430172779955,0.8281186220545488,0.08831596269884806,0.11562575694053755,0.1660444366817312,1,1,2
"frozenset({'3217221', '15704307'})",frozenset({'17131869'}),0.009193123953385052,0.05488534226444756,0.005604729845186425,0.6096654275092936,11.107982611674622,1.0,0.0051001620905253954,2.421293742198701,0.9184177805147256,0.09585037989479835,0.5869976522997448,0.3558912442652321,2,1,3
"frozenset({'3217221', '17131869'})",frozenset({'15704307'}),0.006561634940706059,0.09107685998427942,0.005604729845186425,0.8541666666666666,9.378525641025641,1.0,0.005007116738423784,6.232615817250654,0.899274140837318,0.06089862606758261,0.8395537236175866,0.4578525641025641,2,1,3
"frozenset({'15704307', '17131869'})",frozenset({'3217221'}),0.0422747001127781,0.028809678411537542,0.005604729845186425,0.13257881972514146,4.6018847496765884,1.0,0.004386809329993098,1.119629476053055,0.8172465848088398,0.08559498956158663,0.10684737996964475,0.16356105873564308,2,1,3
frozenset({'3217221'}),"frozenset({'15704307', '17131869'})",0.028809678411537542,0.0422747001127781,0.005604729845186425,0.1945432977461447,4.601884749676589,1.0,0.004386809329993098,1.1890462854269928,0.8059159086734791,0.08559498956158663,0.15898984568048602,0.16356105873564308,1,2,3
frozenset({'15704307'}),"frozenset({'3217221', '17131869'})",0.09107685998427942,0.006561634940706059,0.005604729845186425,0.061538461538461535,9.378525641025641,1.0,0.005007116738423784,1.0585818644074443,0.9828921642352232,0.06089862606758261,0.05533994712845034,0.4578525641025641,1,2,3
frozenset({'17131869'}),"frozenset({'3217221', '15704307'})",0.05488534226444756,0.009193123953385052,0.005604729845186425,0.1021170610211706,11.10798261167462,1.0,0.0051001620905253954,1.1034922627814587,0.9628193199306789,0.09585037989479835,0.0937861245357503,0.3558912442652321,1,2,3
frozenset({'6120349'}),frozenset({'3217221'}),0.015105430436417074,0.028809678411537542,0.01120945969037285,0.7420814479638008,25.75806079343864,1.0,0.010774277097231824,3.7654922994921076,0.9759188763510523,0.3427377220480668,0.734430475363107,0.5655840217280451,1,1,2
frozenset({'3217221'}),frozenset({'6120349'}),0.028809678411537542,0.015105430436417074,0.01120945969037285,0.3890865954922894,25.758060793438645,1.0,0.010774277097231824,1.612167227460389,0.9896898478978458,0.3427377220480668,0.3797169530760915,0.5655840217280451,1,1,2
frozenset({'6120349'}),frozenset({'15704307'}),0.015105430436417074,0.09107685998427942,0.005741430573117802,0.38009049773755654,4.173293829005119,1.0,0.004365675400257971,1.4662190798793742,0.7720431626621987,0.057162300102075535,0.3179736822942789,0.221564948681161,1,1,2
frozenset({'15704307'}),frozenset({'6120349'}),0.09107685998427942,0.015105430436417074,0.005741430573117802,0.06303939962476549,4.17329382900512,1.0,0.004365675400257971,1.051159001957128,0.8365736165123291,0.057162300102075535,0.04866913745863017,0.221564948681161,1,1,2
frozenset({'472331'}),frozenset({'5805'}),0.045179590581319845,0.02036840846177506,0.0054680291172550495,0.12102874432677761,5.941983368701073,1.0,0.004547792762158962,1.11452062307533,0.8710601667919396,0.09101251422070535,0.1027532561571896,0.1947425600828519,1,1,2
frozenset({'5805'}),frozenset({'472331'}),0.02036840846177506,0.045179590581319845,0.0054680291172550495,0.2684563758389262,5.941983368701074,1.0,0.004547792762158962,1.3052132202145261,0.848998778998779,0.09101251422070535,0.23384165551461464,0.1947425600828519,1,1,2
frozenset({'1238684'}),frozenset({'15704307'}),0.022179693106865794,0.09107685998427942,0.005980656846997711,0.2696456086286595,2.960637956504017,1.0,0.003960600043409408,1.244496029262031,0.6772562960595956,0.055750238929595415,0.19646187975948282,0.16765582495222844,1,1,2
frozenset({'15704307'}),frozenset({'1238684'}),0.09107685998427942,0.022179693106865794,0.005980656846997711,0.06566604127579738,2.960637956504017,1.0,0.003960600043409408,1.0465426176185553,0.7285929140794535,0.055750238929595415,0.044472739891343045,0.16765582495222844,1,1,2
frozenset({'7202841'}),frozenset({'9674335'}),0.011892963330029732,0.011380335600287072,0.007552715218208537,0.6350574712643678,55.803053053053056,1.0,0.0074173693042308905,2.7089735685913396,0.9939002527945828,0.4804347826086956,0.6308564942846608,0.6493605674640157,1,1,2
frozenset({'9674335'}),frozenset({'7202841'}),0.011380335600287072,0.011892963330029732,0.007552715218208537,0.6636636636636637,55.803053053053056,1.0,0.0074173693042308905,2.9378539572419653,0.9933848869278821,0.4804347826086956,0.6596154830858943,0.6493605674640157,1,1,2
frozenset({'3217221'}),frozenset({'9674335'}),0.028809678411537542,0.011380335600287072,0.007450189672260005,0.2586002372479241,22.723428054388908,1.0,0.007122325863400362,1.333450203342333,0.9843514028129219,0.22755741127348644,0.2500657336183458,0.45662744595128935,1,1,2
frozenset({'9674335'}),frozenset({'3217221'}),0.011380335600287072,0.028809678411537542,0.007450189672260005,0.6546546546546547,22.723428054388908,1.0,0.007122325863400362,2.812229365990939,0.966997309359016,0.22755741127348644,0.6444102276673183,0.45662744595128935,1,1,2
frozenset({'6120349'}),frozenset({'9674335'}),0.015105430436417074,0.011380335600287072,0.0071767882163972525,0.47511312217194573,41.74860380742734,1.0,0.0070048833486440355,1.8834909123477293,0.9910168390892914,0.37168141592920345,0.4690709716493814,0.5528718764012882,1,1,2
frozenset({'9674335'}),frozenset({'6120349'}),0.011380335600287072,0.015105430436417074,0.0071767882163972525,0.6306306306306306,41.74860380742734,1.0,0.0070048833486440355,2.6664218834526268,0.9872827117572692,0.37168141592920345,0.624965574200454,0.5528718764012882,1,1,2
frozenset({'16164271'}),frozenset({'9674335'}),0.01431940125081166,0.011380335600287072,0.006800861214585968,0.4749403341288783,41.73342077160693,1.0,0.006637901622756561,1.8828710881067259,0.9902177136288194,0.35985533453887886,0.4688961945846622,0.5362689658632379,1,1,2
frozenset({'9674335'}),frozenset({'16164271'}),0.011380335600287072,0.01431940125081166,0.006800861214585968,0.5975975975975976,41.73342077160693,1.0,0.006637901622756561,2.449489846145371,0.9872738971405701,0.35985533453887886,0.5917517267631683,0.5362689658632379,1,1,2
frozenset({'9674335'}),frozenset({'13490570'}),0.011380335600287072,0.011722087420115513,0.007791941492088446,0.6846846846846847,58.40979171591416,1.0,0.007658540203311628,3.1342528084676338,0.9941938424254774,0.5089285714285714,0.6809446904543385,0.6747038583773277,1,1,2
frozenset({'13490570'}),frozenset({'9674335'}),0.011722087420115513,0.011380335600287072,0.007791941492088446,0.6647230320699709,58.40979171591417,1.0,0.007658540203311628,2.948665607731318,0.9945376400056786,0.5089285714285714,0.6608635454023581,0.6747038583773277,1,1,2
"frozenset({'7202841', '9674335'})",frozenset({'13490570'}),0.007552715218208537,0.011722087420115513,0.0061173575749290865,0.8099547511312217,69.09646056224688,1.0,0.006028823986882009,5.200224254289393,0.9930275328193053,0.4649350649350649,0.8077006007625244,0.6659103201720249,2,1,3
"frozenset({'7202841', '13490570'})",frozenset({'9674335'}),0.007108437852431564,0.011380335600287072,0.0061173575749290865,0.8605769230769231,75.61964368214369,1.0,0.006036461166574632,7.090789317073805,0.9938405768536678,0.4944751381215469,0.858971976844367,0.6990572303072303,2,1,3
"frozenset({'9674335', '13490570'})",frozenset({'7202841'}),0.007791941492088446,0.011892963330029732,0.0061173575749290865,0.7850877192982456,66.01279239766082,1.0,0.006024688300493942,4.597722537974556,0.9925855898518099,0.4508816120906801,0.7825010118073519,0.6497277676950999,2,1,3
frozenset({'7202841'}),"frozenset({'9674335', '13490570'})",0.011892963330029732,0.007791941492088446,0.0061173575749290865,0.514367816091954,66.01279239766082,1.0,0.006024688300493942,2.0431266530222087,0.9967051993970739,0.4508816120906801,0.5105540821364195,0.6497277676950999,1,2,3
frozenset({'9674335'}),"frozenset({'7202841', '13490570'})",0.011380335600287072,0.007108437852431564,0.0061173575749290865,0.5375375375375375,75.61964368214367,1.0,0.006036461166574632,2.146966819448963,0.9981350345454097,0.4944751381215469,0.5342266163868064,0.6990572303072303,1,2,3
frozenset({'13490570'}),"frozenset({'7202841', '9674335'})",0.011722087420115513,0.007552715218208537,0.0061173575749290865,0.521865889212828,69.09646056224688,1.0,0.006028823986882009,2.0756671870741124,0.997216942840882,0.4649350649350649,0.5182271964275674,0.6659103201720249,1,2,3
"frozenset({'7202841', '3217221'})",frozenset({'9674335'}),0.008236218857865418,0.011380335600287072,0.005843956119066334,0.7095435684647303,62.34821128182124,1.0,0.005750225184386413,3.4036762731475836,0.9921324676266822,0.42431761786600497,0.706200026163111,0.6115285409891219,2,1,3
"frozenset({'7202841', '9674335'})",frozenset({'3217221'}),0.007552715218208537,0.028809678411537542,0.005843956119066334,0.7737556561085973,26.857490217548833,1.0,0.005626364822495821,4.292661221421004,0.9700932772703108,0.19148936170212763,0.7670442766343045,0.48830131559878265,2,1,3
"frozenset({'3217221', '9674335'})",frozenset({'7202841'}),0.007450189672260005,0.011892963330029732,0.005843956119066334,0.7844036697247706,65.9552752293578,1.0,0.00575535128649238,4.583134765830925,0.9922305160346033,0.4329113924050633,0.7818087289391109,0.6378914900347991,2,1,3
frozenset({'7202841'}),"frozenset({'3217221', '9674335'})",0.011892963330029732,0.007450189672260005,0.005843956119066334,0.49137931034482757,65.9552752293578,1.0,0.00575535128649238,1.951453864373184,0.9966918298755917,0.4329113924050633,0.48756154667217566,0.6378914900347991,1,2,3
frozenset({'3217221'}),"frozenset({'7202841', '9674335'})",0.028809678411537542,0.007552715218208537,0.005843956119066334,0.20284697508896796,26.85749021754883,1.0,0.005626364822495821,1.2449896742128723,0.9913262288665573,0.19148936170212763,0.196780486848426,0.48830131559878265,1,2,3
frozenset({'9674335'}),"frozenset({'7202841', '3217221'})",0.011380335600287072,0.008236218857865418,0.005843956119066334,0.5135135135135135,62.34821128182124,1.0,0.005750225184386413,2.0386255501254986,0.995287756171402,0.42431761786600497,0.5094734293218097,0.6115285409891219,1,2,3
"frozenset({'3217221', '9674335'})",frozenset({'13490570'}),0.007450189672260005,0.011722087420115513,0.005878131301049178,0.7889908256880733,67.30804825206621,1.0,0.005790799526414504,4.6835779335307555,0.9925375285562945,0.4421593830334189,0.7864880195884472,0.6452242758177975,2,1,3
"frozenset({'3217221', '13490570'})",frozenset({'9674335'}),0.007450189672260005,0.011380335600287072,0.005878131301049178,0.7889908256880733,69.32931096233848,1.0,0.005793345642293066,4.685197539981247,0.9929739303951077,0.4538258575197889,0.7865618276568969,0.6527536711022949,2,1,3
"frozenset({'9674335', '13490570'})",frozenset({'3217221'}),0.007791941492088446,0.028809678411537542,0.005878131301049178,0.7543859649122806,26.185157436889966,1.0,0.005653647972460593,3.9541320236101667,0.9693636511459693,0.19132369299221355,0.7470999971601887,0.47920958981082595,2,1,3
frozenset({'3217221'}),"frozenset({'9674335', '13490570'})",0.028809678411537542,0.007791941492088446,0.005878131301049178,0.20403321470937127,26.185157436889966,1.0,0.005653647972460593,1.2465445504056176,0.9903418567007154,0.19132369299221355,0.19778238196572565,0.47920958981082595,1,2,3
frozenset({'9674335'}),"frozenset({'3217221', '13490570'})",0.011380335600287072,0.007450189672260005,0.005878131301049178,0.5165165165165164,69.32931096233847,1.0,0.005793345642293066,2.052913582851785,0.9969213862162996,0.4538258575197889,0.512887435519395,0.6527536711022949,1,2,3
frozenset({'13490570'}),"frozenset({'3217221', '9674335'})",0.011722087420115513,0.007450189672260005,0.005878131301049178,0.5014577259475218,67.30804825206621,1.0,0.005790799526414504,1.9909040055111975,0.9968278387807064,0.4421593830334189,0.49771561198741293,0.6452242758177975,1,2,3
"frozenset({'7202841', '6120349'})",frozenset({'9674335'}),0.008919722497522299,0.011380335600287072,0.006288233484843307,0.7049808429118775,61.947280613947285,1.0,0.006186724049360073,3.3510354858224045,0.9927119565217392,0.44878048780487806,0.7015847775319568,0.628766697732215,2,1,3
"frozenset({'7202841', '9674335'})",frozenset({'6120349'}),0.007552715218208537,0.015105430436417074,0.006288233484843307,0.832579185520362,55.117872279437364,1.0,0.006174146470508589,5.882748645231132,0.9893291861300754,0.3841336116910229,0.8300114350779456,0.6244343891402715,2,1,3
"frozenset({'6120349', '9674335'})",frozenset({'7202841'}),0.0071767882163972525,0.011892963330029732,0.006288233484843307,0.8761904761904762,73.67301587301587,1.0,0.0062028802057583045,7.98086452694976,0.9935570578278379,0.49197860962566853,0.8747002913502412,0.7024630541871921,2,1,3
frozenset({'7202841'}),"frozenset({'6120349', '9674335'})",0.011892963330029732,0.0071767882163972525,0.006288233484843307,0.5287356321839081,73.67301587301587,1.0,0.0062028802057583045,2.1067224250042305,0.9982992455627753,0.49197860962566853,0.5253290190813856,0.7024630541871921,1,2,3
frozenset({'6120349'}),"frozenset({'7202841', '9674335'})",0.015105430436417074,0.007552715218208537,0.006288233484843307,0.416289592760181,55.117872279437364,1.0,0.006174146470508589,1.7002391467967126,0.9969159084360106,0.3841336116910229,0.4118474439998504,0.6244343891402715,1,2,3
frozenset({'9674335'}),"frozenset({'7202841', '6120349'})",0.011380335600287072,0.008919722497522299,0.006288233484843307,0.5525525525525525,61.94728061394728,1.0,0.006186724049360073,2.214964647035739,0.9951827550860909,0.44878048780487806,0.5485255255255255,0.628766697732215,1,2,3
"frozenset({'6120349', '3217221'})",frozenset({'9674335'}),0.01120945969037285,0.011380335600287072,0.00580978093708349,0.5182926829268293,45.542829414780634,1.0,0.005682213523909158,2.052324366601936,0.989130262411535,0.3462321792260693,0.5127475869442046,0.5144015967186699,2,1,3
"frozenset({'6120349', '9674335'})",frozenset({'3217221'}),0.0071767882163972525,0.028809678411537542,0.00580978093708349,0.8095238095238095,28.099022764503193,1.0,0.005603019976541374,5.098749188339428,0.9713829836777917,0.19252548131370328,0.8038734671854525,0.5055922724961871,2,1,3
"frozenset({'3217221', '9674335'})",frozenset({'6120349'}),0.007450189672260005,0.015105430436417074,0.00580978093708349,0.7798165137614679,51.624911785462245,1.0,0.005697242615251054,4.473062836767939,0.9879902213958612,0.3469387755102041,0.7764395367352896,0.5822159491884262,2,1,3
frozenset({'6120349'}),"frozenset({'3217221', '9674335'})",0.015105430436417074,0.007450189672260005,0.00580978093708349,0.38461538461538464,51.624911785462245,1.0,0.005697242615251054,1.6128934417825775,0.995669523578195,0.3469387755102041,0.3799962389984082,0.5822159491884262,1,2,3
frozenset({'3217221'}),"frozenset({'6120349', '9674335'})",0.028809678411537542,0.0071767882163972525,0.00580978093708349,0.20166073546856467,28.099022764503193,1.0,0.005603019976541374,1.243610650124186,0.9930201653467357,0.19252548131370328,0.19588980691011224,0.5055922724961871,1,2,3
frozenset({'9674335'}),"frozenset({'6120349', '3217221'})",0.011380335600287072,0.01120945969037285,0.00580978093708349,0.5105105105105106,45.54282941478064,1.0,0.005682213523909158,2.020044478055864,0.9893012265747008,0.3462321792260693,0.504961395225108,0.5144015967186699,1,2,3
"frozenset({'6120349', '9674335'})",frozenset({'13490570'}),0.0071767882163972525,0.011722087420115513,0.005912306483032022,0.8238095238095238,70.27839788976814,1.0,0.0058281795441637585,5.609144909237181,0.9928966857766379,0.45526315789473687,0.8217197066253017,0.6640913508260446,2,1,3
"frozenset({'6120349', '13490570'})",frozenset({'9674335'}),0.007040087488465876,0.011380335600287072,0.005912306483032022,0.8398058252427185,73.79446922650807,1.0,0.005832187924757899,6.171383359586089,0.993442772974914,0.4726775956284154,0.8379617758720681,0.679662672381119,2,1,3
"frozenset({'9674335', '13490570'})",frozenset({'6120349'}),0.007791941492088446,0.015105430436417074,0.005912306483032022,0.7587719298245614,50.231731761530526,1.0,0.005794605852858649,4.082835670190853,0.9877890596488866,0.3480885311871228,0.7550721898260346,0.575087322378344,2,1,3
frozenset({'6120349'}),"frozenset({'9674335', '13490570'})",0.015105430436417074,0.007791941492088446,0.005912306483032022,0.3914027149321267,50.23173176153052,1.0,0.005794605852858649,1.630319560819691,0.9951240420828665,0.3480885311871228,0.3866233197268267,0.575087322378344,1,2,3
frozenset({'9674335'}),"frozenset({'6120349', '13490570'})",0.011380335600287072,0.007040087488465876,0.005912306483032022,0.5195195195195195,73.79446922650806,1.0,0.005832187924757899,2.06659781791463,0.9978041955470868,0.4726775956284154,0.5161129120860664,0.679662672381119,1,2,3
frozenset({'13490570'}),"frozenset({'6120349', '9674335'})",0.011722087420115513,0.0071767882163972525,0.005912306483032022,0.5043731778425656,70.27839788976816,1.0,0.0058281795441637585,2.003166833186916,0.9974632276954529,0.45526315789473687,0.5007904566745142,0.6640913508260446,1,2,3
"frozenset({'7202841', '6120349', '3217221'})",frozenset({'9674335'}),0.00707426267044872,0.011380335600287072,0.005228802843375141,0.7391304347826086,64.94803499151324,1.0,0.005148295360060852,3.789708713532232,0.9916180418611997,0.39534883720930236,0.7361274769141978,0.599294947121034,3,1,4
"frozenset({'7202841', '6120349', '9674335'})",frozenset({'3217221'}),0.006288233484843307,0.028809678411537542,0.005228802843375141,0.8315217391304347,28.862583165712515,1.0,0.005047640858900143,5.76448448942829,0.9714618453909059,0.1750572082379863,0.8265239499153934,0.5065082005260715,3,1,4
"frozenset({'7202841', '3217221', '9674335'})",frozenset({'6120349'}),0.005843956119066334,0.015105430436417074,0.005228802843375141,0.8947368421052632,59.23279352226721,1.0,0.005140527370745111,9.356498410854037,0.9888965280165005,0.3326086956521739,0.893122410105906,0.6204453441295547,3,1,4
"frozenset({'6120349', '3217221', '9674335'})",frozenset({'7202841'}),0.00580978093708349,0.011892963330029732,0.005228802843375141,0.8999999999999999,75.675,1.0,0.005159707331734901,9.881070366699694,0.9925521066080003,0.4191780821917808,0.8987963891675024,0.6698275862068965,3,1,4
"frozenset({'7202841', '6120349'})","frozenset({'3217221', '9674335'})",0.008919722497522299,0.007450189672260005,0.005228802843375141,0.5862068965517241,78.6834862385321,1.0,0.005162349218944675,2.3986620416253714,0.9961764705882352,0.4693251533742332,0.5831009193265159,0.6440208794685226,2,2,4
"frozenset({'7202841', '3217221'})","frozenset({'6120349', '9674335'})",0.008236218857865418,0.0071767882163972525,0.005228802843375141,0.6348547717842324,88.4594546532306,1.0,0.005169693244928344,2.718981750452822,0.9969061228902312,0.5134228187919463,0.6322152585858809,0.6817131001778305,2,2,4
"frozenset({'7202841', '9674335'})","frozenset({'6120349', '3217221'})",0.007552715218208537,0.01120945969037285,0.005228802843375141,0.6923076923076923,61.7610225140713,1.0,0.005144140986583766,3.213569256006288,0.9912955310682582,0.3863636363636364,0.6888195273430125,0.5793855534709194,2,2,4
"frozenset({'6120349', '3217221'})","frozenset({'7202841', '9674335'})",0.01120945969037285,0.007552715218208537,0.005228802843375141,0.46646341463414637,61.7610225140713,1.0,0.005144140986583766,1.8601297680481579,0.9949615394954627,0.3863636363636364,0.4624030983336693,0.5793855534709194,2,2,4
"frozenset({'6120349', '9674335'})","frozenset({'7202841', '3217221'})",0.0071767882163972525,0.008236218857865418,0.005228802843375141,0.7285714285714285,88.4594546532306,1.0,0.005169693244928344,3.6538665621026007,0.99584233541959,0.5134228187919463,0.7263173181057399,0.6817131001778305,2,2,4
"frozenset({'3217221', '9674335'})","frozenset({'7202841', '6120349'})",0.007450189672260005,0.008919722497522299,0.005228802843375141,0.7018348623853211,78.68348623853211,1.0,0.005162349218944675,3.3239307768544637,0.9947015682628799,0.4693251533742332,0.699151376146789,0.6440208794685226,2,2,4
frozenset({'7202841'}),"frozenset({'6120349', '3217221', '9674335'})",0.011892963330029732,0.00580978093708349,0.005228802843375141,0.4396551724137931,75.675,1.0,0.005159707331734901,1.7742471601738203,0.9986626546305585,0.4191780821917808,0.4363806675604138,0.6698275862068965,1,3,4
frozenset({'6120349'}),"frozenset({'7202841', '3217221', '9674335'})",0.015105430436417074,0.005843956119066334,0.005228802843375141,0.34615384615384615,59.23279352226721,1.0,0.005140527370745111,1.5204739494649575,0.998195634824248,0.3326086956521739,0.3423103366210963,0.6204453441295547,1,3,4
frozenset({'3217221'}),"frozenset({'7202841', '6120349', '9674335'})",0.028809678411537542,0.006288233484843307,0.005228802843375141,0.18149466192170818,28.86258316571252,1.0,0.005047640858900143,1.2140565495250393,0.9939895868263556,0.1750572082379863,0.17631513919906122,0.5065082005260715,1,3,4
frozenset({'9674335'}),"frozenset({'7202841', '6120349', '3217221'})",0.011380335600287072,0.00707426267044872,0.005228802843375141,0.45945945945945943,64.94803499151324,1.0,0.005148295360060852,1.8369126140596697,0.9959371746486205,0.39534883720930236,0.45560828950379445,0.599294947121034,1,3,4
"frozenset({'7202841', '6120349', '9674335'})",frozenset({'13490570'}),0.006288233484843307,0.011722087420115513,0.005331328389323673,0.8478260869565217,72.32722778552414,1.0,0.005257617166696242,6.494397711239241,0.9924144821486363,0.42048517520215634,0.8460211332192676,0.651318291291672,3,1,4
"frozenset({'7202841', '6120349', '13490570'})",frozenset({'9674335'}),0.006083182392946243,0.011380335600287072,0.005331328389323673,0.8764044943820224,77.01042615649357,1.0,0.005262099732174187,7.998831830143127,0.9930556841295072,0.4394366197183099,0.8749817446803221,0.6724364814252455,3,1,4
"frozenset({'7202841', '9674335', '13490570'})",frozenset({'6120349'}),0.0061173575749290865,0.015105430436417074,0.005331328389323673,0.8715083798882681,57.69503779165297,1.0,0.005238923070020892,7.665049041386143,0.9887158150516928,0.33548387096774196,0.8695376905482707,0.6122247781794281,3,1,4
"frozenset({'6120349', '9674335', '13490570'})",frozenset({'7202841'}),0.005912306483032022,0.011892963330029732,0.005331328389323673,0.9017341040462427,75.82080924855491,1.0,0.005261013545125076,10.055442196700273,0.9926800372344927,0.42739726027397257,0.9005513650778925,0.6750049830576041,3,1,4
"frozenset({'7202841', '6120349'})","frozenset({'9674335', '13490570'})",0.008919722497522299,0.007791941492088446,0.005331328389323673,0.5977011494252873,76.70760233918128,1.0,0.005261826433497314,2.4663457454339515,0.9958461538461538,0.46846846846846846,0.5945418431899333,0.6409558378705383,2,2,4
"frozenset({'7202841', '9674335'})","frozenset({'6120349', '13490570'})",0.007552715218208537,0.007040087488465876,0.005331328389323673,0.7058823529411764,100.26613363792119,1.0,0.005278156613412017,3.3760637025392155,0.9975608356290174,0.5756457564575647,0.7037970583173899,0.7315819531696173,2,2,4
"frozenset({'7202841', '13490570'})","frozenset({'6120349', '9674335'})",0.007108437852431564,0.0071767882163972525,0.005331328389323673,0.75,104.50357142857143,1.0,0.00528031263630735,3.971292847134411,0.9975217705572574,0.5954198473282444,0.7481928332931741,0.7464285714285714,2,2,4
"frozenset({'6120349', '9674335'})","frozenset({'7202841', '13490570'})",0.0071767882163972525,0.007108437852431564,0.005331328389323673,0.7428571428571428,104.50357142857142,1.0,0.00528031263630735,3.8612449639072093,0.9975904443908988,0.5954198473282444,0.7410161724139626,0.7464285714285714,2,2,4
"frozenset({'6120349', '13490570'})","frozenset({'7202841', '9674335'})",0.007040087488465876,0.007552715218208537,0.005331328389323673,0.7572815533980582,100.26613363792119,1.0,0.005278156613412017,4.088882813300981,0.9970458326163024,0.5756457564575647,0.7554344192142074,0.7315819531696173,2,2,4
"frozenset({'9674335', '13490570'})","frozenset({'7202841', '6120349'})",0.007791941492088446,0.008919722497522299,0.005331328389323673,0.6842105263157894,76.70760233918128,1.0,0.005261826433497314,3.138420878757845,0.994714237644696,0.46846846846846846,0.6813684210526315,0.6409558378705383,2,2,4
frozenset({'7202841'}),"frozenset({'6120349', '9674335', '13490570'})",0.011892963330029732,0.005912306483032022,0.005331328389323673,0.4482758620689655,75.82080924855491,1.0,0.005261013545125076,1.8017839444995045,0.99868837281074,0.42739726027397257,0.44499449944994496,0.6750049830576041,1,3,4
frozenset({'6120349'}),"frozenset({'7202841', '9674335', '13490570'})",0.015105430436417074,0.0061173575749290865,0.005331328389323673,0.3529411764705882,57.69503779165297,1.0,0.005238923070020892,1.5360004473842006,0.9977387603085927,0.33548387096774196,0.348958522959421,0.6122247781794281,1,3,4
frozenset({'9674335'}),"frozenset({'7202841', '6120349', '13490570'})",0.011380335600287072,0.006083182392946243,0.005331328389323673,0.46846846846846846,77.01042615649357,1.0,0.005262099732174187,1.8699113009217452,0.9983766061095982,0.4394366197183099,0.46521527544805746,0.6724364814252455,1,3,4
frozenset({'13490570'}),"frozenset({'7202841', '6120349', '9674335'})",0.011722087420115513,0.006288233484843307,0.005331328389323673,0.45481049562682213,72.32722778552414,1.0,0.005257617166696242,1.8226905663887634,0.9978710802073413,0.42048517520215634,0.4513605224932573,0.651318291291672,1,3,4
"frozenset({'3217221', '16164271'})",frozenset({'9674335'}),0.007621065582174225,0.011380335600287072,0.005262978025357985,0.6905829596412556,60.6821260722606,1.0,0.005176247741401046,3.1951041327700866,0.9910737206866417,0.38308457711442784,0.687021155353387,0.576522711051859,2,1,3
"frozenset({'3217221', '9674335'})",frozenset({'16164271'}),0.007450189672260005,0.01431940125081166,0.005262978025357985,0.706422018348624,49.33320925751572,1.0,0.005156295770046241,3.357474539489424,0.9870836390823994,0.31884057971014496,0.7021570861555747,0.5369818922292046,2,1,3
"frozenset({'16164271', '9674335'})",frozenset({'3217221'}),0.006800861214585968,0.028809678411537542,0.005262978025357985,0.7738693467336684,26.861436482531282,1.0,0.005067047400844265,4.294819422135645,0.969364421965757,0.17342342342342343,0.7671613398118752,0.47827512413789,2,1,3
frozenset({'3217221'}),"frozenset({'16164271', '9674335'})",0.028809678411537542,0.006800861214585968,0.005262978025357985,0.18268090154211153,26.861436482531282,1.0,0.005067047400844265,1.2151913991235181,0.9913318611854751,0.17342342342342343,0.1770843665275523,0.47827512413789,1,2,3
frozenset({'16164271'}),"frozenset({'3217221', '9674335'})",0.01431940125081166,0.007450189672260005,0.005262978025357985,0.36754176610978523,49.33320925751571,1.0,0.005156295770046241,1.5693523416125401,0.9939626284539952,0.31884057971014496,0.3627944640064189,0.5369818922292046,1,2,3
frozenset({'9674335'}),"frozenset({'3217221', '16164271'})",0.011380335600287072,0.007621065582174225,0.005262978025357985,0.4624624624624625,60.6821260722606,1.0,0.005176247741401046,1.8461574590007597,0.9948423223623721,0.38308457711442784,0.4583343933505791,0.576522711051859,1,2,3
"frozenset({'7202841', '16164271'})",frozenset({'9674335'}),0.006493284576740371,0.011380335600287072,0.005262978025357985,0.8105263157894738,71.22165323217955,1.0,0.005189082267726512,5.217714895442931,0.9924032831397559,0.41734417344173447,0.8083452200745227,0.6364943891259681,2,1,3
"frozenset({'7202841', '9674335'})",frozenset({'16164271'}),0.007552715218208537,0.01431940125081166,0.005262978025357985,0.6968325791855204,48.66352768388428,1.0,0.005154827665615346,3.2512748107995626,0.9869045382991664,0.3168724279835391,0.6924283371315274,0.5321871726476528,2,1,3
"frozenset({'16164271', '9674335'})",frozenset({'7202841'}),0.006800861214585968,0.011892963330029732,0.005262978025357985,0.7738693467336684,65.06951423785596,1.0,0.005182095632320293,4.369628895496091,0.991374017215322,0.39185750636132316,0.7711476136953574,0.6081990411829261,2,1,3
frozenset({'7202841'}),"frozenset({'16164271', '9674335'})",0.011892963330029732,0.006800861214585968,0.005262978025357985,0.442528735632184,65.06951423785596,1.0,0.005182095632320293,1.7816149499862068,0.9964829553595852,0.39185750636132316,0.4387114903768955,0.6081990411829261,1,2,3
frozenset({'16164271'}),"frozenset({'7202841', '9674335'})",0.01431940125081166,0.007552715218208537,0.005262978025357985,0.36754176610978523,48.663527683884276,1.0,0.005154827665615346,1.5691902351832856,0.9936796266627762,0.3168724279835391,0.36272863698823776,0.5321871726476528,1,2,3
frozenset({'9674335'}),"frozenset({'7202841', '16164271'})",0.011380335600287072,0.006493284576740371,0.005262978025357985,0.4624624624624625,71.22165323217955,1.0,0.005189082267726512,1.8482555096980193,0.9973090377542811,0.41734417344173447,0.4589492660766439,0.6364943891259681,1,2,3
"frozenset({'6120349', '16164271'})",frozenset({'9674335'}),0.006698335668637436,0.011380335600287072,0.005194627661392297,0.7755102040816326,68.14475700189985,1.0,0.005118398353519829,4.4038512323259935,0.9919699041169067,0.403183023872679,0.7729260260520137,0.6159833302690445,2,1,3
"frozenset({'6120349', '9674335'})",frozenset({'16164271'}),0.0071767882163972525,0.01431940125081166,0.005194627661392297,0.7238095238095238,50.547471303557224,1.0,0.005091860351229608,3.568843547195337,0.9873022760336179,0.3186582809224319,0.7197971873029081,0.5432890101147858,2,1,3
"frozenset({'16164271', '9674335'})",frozenset({'6120349'}),0.006800861214585968,0.015105430436417074,0.005194627661392297,0.7638190954773869,50.56586097910366,1.0,0.005091897725407642,4.170085517939425,0.9869358250419249,0.31083844580777104,0.7601967643833519,0.5538552490961595,2,1,3
frozenset({'6120349'}),"frozenset({'16164271', '9674335'})",0.015105430436417074,0.006800861214585968,0.005194627661392297,0.3438914027149321,50.56586097910366,1.0,0.005091897725407642,1.513772480493631,0.9952576060018884,0.31083844580777104,0.3393987452632864,0.5538552490961595,1,2,3
frozenset({'16164271'}),"frozenset({'6120349', '9674335'})",0.01431940125081166,0.0071767882163972525,0.005194627661392297,0.36276849642004777,50.547471303557224,1.0,0.005091860351229608,1.558025939091122,0.9944566403527021,0.3186582809224319,0.3581621621888065,0.5432890101147858,1,2,3
frozenset({'9674335'}),"frozenset({'6120349', '16164271'})",0.011380335600287072,0.006698335668637436,0.005194627661392297,0.45645645645645644,68.14475700189985,1.0,0.005118398353519829,1.827455548189744,0.9966677704354913,0.403183023872679,0.45279106734465413,0.6159833302690445,1,2,3
"frozenset({'16164271', '9674335'})",frozenset({'13490570'}),0.006800861214585968,0.011722087420115513,0.005980656846997711,0.8793969849246231,75.02051071684956,1.0,0.005900936557308261,8.194471025141544,0.99342646755213,0.47683923705722076,0.8779664975406113,0.6948005332786381,2,1,3
"frozenset({'16164271', '13490570'})",frozenset({'9674335'}),0.007723591128122757,0.011380335600287072,0.005980656846997711,0.7743362831858408,68.04160355045312,1.0,0.005892759787920274,4.380942042241867,0.9929724224458166,0.4557291666666667,0.7717385917554234,0.6499309043556831,2,1,3
"frozenset({'9674335', '13490570'})",frozenset({'16164271'}),0.007791941492088446,0.01431940125081166,0.005980656846997711,0.7675438596491229,53.60167273793075,1.0,0.005869080910249648,4.240286349336132,0.9890504893446374,0.37076271186440685,0.7641668704386999,0.5926024787505757,2,1,3
frozenset({'16164271'}),"frozenset({'9674335', '13490570'})",0.01431940125081166,0.007791941492088446,0.005980656846997711,0.41766109785202865,53.60167273793075,1.0,0.005869080910249648,1.7038326906344876,0.995600265485849,0.37076271186440685,0.4130879132107674,0.5926024787505757,1,2,3
frozenset({'9674335'}),"frozenset({'16164271', '13490570'})",0.011380335600287072,0.007723591128122757,0.005980656846997711,0.5255255255255256,68.04160355045312,1.0,0.005892759787920274,2.09131673515402,0.9966452670670038,0.4557291666666667,0.521832354138192,0.6499309043556831,1,2,3
frozenset({'13490570'}),"frozenset({'16164271', '9674335'})",0.011722087420115513,0.006800861214585968,0.005980656846997711,0.5102040816326531,75.02051071684956,1.0,0.005900936557308261,2.0277815750202204,0.998373331489038,0.47683923705722076,0.5068502385470051,0.6948005332786381,1,2,3
frozenset({'9615347'}),frozenset({'18659623'}),0.028331225863777725,0.044154335121834525,0.006629985304671748,0.23401688781664656,5.299975351705027,1.0,0.00537903886347012,1.2478678050141718,0.83497576420354,0.10067462376751428,0.19863306354903268,0.19208584328912826,1,1,2
frozenset({'18659623'}),frozenset({'9615347'}),0.044154335121834525,0.028331225863777725,0.006629985304671748,0.15015479876160992,5.299975351705028,1.0,0.00537903886347012,1.1433479564517297,0.8487979880523098,0.10067462376751428,0.125375617844804,0.19208584328912826,1,1,2
frozenset({'9615347'}),frozenset({'15704307'}),0.028331225863777725,0.09107685998427942,0.006185707938894775,0.21833534378769603,2.397264725918114,1.0,0.0036053888477164953,1.1628044491867784,0.5998524734405556,0.05463326290371265,0.1400101704982619,0.14312639609647465,1,1,2
frozenset({'15704307'}),frozenset({'9615347'}),0.09107685998427942,0.028331225863777725,0.006185707938894775,0.06791744840525328,2.397264725918114,1.0,0.0036053888477164953,1.0424707258748118,0.6412620516191111,0.05463326290371265,0.0407404494156625,0.14312639609647465,1,1,2
frozenset({'19351043'}),frozenset({'9615347'}),0.051501999248145997,0.028331225863777725,0.0050579269334609205,0.0982083609820836,3.4664352843145334,1.0,0.003598812160325586,1.077487007081153,0.7501536179834805,0.0676416819012797,0.07191456284105051,0.13836835419429871,1,1,2
frozenset({'9615347'}),frozenset({'19351043'}),0.028331225863777725,0.051501999248145997,0.0050579269334609205,0.17852834740651385,3.4664352843145334,1.0,0.003598812160325586,1.154632661708204,0.7322651770369131,0.0676416819012797,0.13392368571960805,0.13836835419429871,1,1,2
frozenset({'9615347'}),frozenset({'18465566'}),0.028331225863777725,0.029356481323263045,0.0051604524794094525,0.1821471652593486,6.204666126488707,1.0,0.004328747376474314,1.1868192875855677,0.8632890093058095,0.09824333116460637,0.15741173870339412,0.17896648134911552,1,1,2
frozenset({'18465566'}),frozenset({'9615347'}),0.029356481323263045,0.028331225863777725,0.0051604524794094525,0.17578579743888242,6.204666126488708,1.0,0.004328747376474314,1.1789032160777049,0.8642008701000907,0.09824333116460637,0.15175394692104455,0.17896648134911552,1,1,2
frozenset({'29800'}),frozenset({'29802'}),0.021837941287037352,0.008099518129934043,0.006356583848808995,0.2910798122065728,35.93791723618787,1.0,0.006179707047434201,1.399170878399497,0.9938784963517799,0.26956521739130435,0.2852910138153434,0.5379449693944256,1,1,2
frozenset({'29802'}),frozenset({'29800'}),0.008099518129934043,0.021837941287037352,0.006356583848808995,0.7848101265822784,35.93791723618787,1.0,0.006179707047434201,4.545576625783767,0.9801126764946474,0.26956521739130435,0.780005908529245,0.5379449693944256,1,1,2
frozenset({'29801'}),frozenset({'29802'}),0.009876627593041932,0.008099518129934043,0.005570554663203582,0.5640138408304499,69.6354809980582,1.0,0.005490558738951132,2.275073327463882,0.9954714050121589,0.44903581267217624,0.5604537278300646,0.6258887769553093,1,1,2
frozenset({'29802'}),frozenset({'29801'}),0.008099518129934043,0.009876627593041932,0.005570554663203582,0.6877637130801687,69.6354809980582,1.0,0.005490558738951132,3.1710708008168784,0.9936878978091327,0.44903581267217624,0.6846491097762949,0.6258887769553093,1,1,2
frozenset({'13436373'}),frozenset({'6393631'}),0.01910392672840983,0.021256963193329006,0.007450189672260005,0.38998211091234347,18.346087696794342,1.0,0.007044098204946143,1.6044497289587363,0.9639068721995527,0.22637590861889928,0.3767333547751696,0.3702322130124418,1,1,2
frozenset({'6393631'}),frozenset({'13436373'}),0.021256963193329006,0.01910392672840983,0.007450189672260005,0.3504823151125402,18.346087696794346,1.0,0.007044098204946143,1.5101914791458642,0.9660272721069716,0.22637590861889928,0.33783231212138665,0.3702322130124418,1,1,2
frozenset({'20701984'}),frozenset({'13436373'}),0.02204299237893442,0.01910392672840983,0.005023751751478077,0.22790697674418603,11.929849814868742,1.0,0.004602644040196017,1.2704376852613968,0.9368271211196246,0.1390728476821192,0.21286969711210466,0.24543828264758497,1,1,2
frozenset({'13436373'}),frozenset({'20701984'}),0.01910392672840983,0.02204299237893442,0.005023751751478077,0.2629695885509839,11.929849814868744,1.0,0.004602644040196017,1.3268882700489701,0.9340200995735204,0.1390728476821192,0.24635704258423047,0.24543828264758497,1,1,2
frozenset({'23754'}),frozenset({'25099'}),0.02019753255186084,0.00960322613717918,0.005741430573117802,0.28426395939086296,29.600881550662066,1.0,0.005547469100609244,1.3837458471700403,0.9861347102496387,0.23863636363636365,0.27732393774106423,0.4410643640370685,1,1,2
frozenset({'25099'}),frozenset({'23754'}),0.00960322613717918,0.02019753255186084,0.005741430573117802,0.597864768683274,29.600881550662063,1.0,0.005547469100609244,2.4364999411763457,0.9755859952676722,0.23863636363636365,0.5895752004339476,0.4410643640370685,1,1,2
frozenset({'7904429'}),frozenset({'29800'}),0.008988072861487987,0.021837941287037352,0.005228802843375141,0.5817490494296579,26.639372355807858,1.0,0.0050325218359423525,2.338696558559175,0.9711907109212401,0.20427236315086786,0.5724113945692552,0.4105928345739839,1,1,2
frozenset({'29800'}),frozenset({'7904429'}),0.021837941287037352,0.008988072861487987,0.005228802843375141,0.23943661971830987,26.639372355807854,1.0,0.0050325218359423525,1.3029971634598956,0.983948998507935,0.20427236315086786,0.23253862092480396,0.4105928345739839,1,1,2
frozenset({'29800'}),frozenset({'744615'}),0.021837941287037352,0.007210963398380096,0.005126277297426609,0.23474178403755872,32.55345660058297,1.0,0.004968804702109809,1.2973255508965953,0.9909209698833065,0.2142857142857143,0.22918345413848557,0.472821128985604,1,1,2
frozenset({'744615'}),frozenset({'29800'}),0.007210963398380096,0.021837941287037352,0.005126277297426609,0.7109004739336493,32.55345660058296,1.0,0.004968804702109809,3.3834785965317233,0.9763215146299484,0.2142857142857143,0.7044461871208341,0.472821128985604,1,1,2
frozenset({'29802'}),frozenset({'744615'}),0.008099518129934043,0.007210963398380096,0.005092102115443765,0.6286919831223629,87.18557401963724,1.0,0.005033696786664294,2.673761382665726,0.9966022102513632,0.4983277591973244,0.6259950470961604,0.6674265602815606,1,1,2
frozenset({'744615'}),frozenset({'29802'}),0.007210963398380096,0.008099518129934043,0.005092102115443765,0.7061611374407584,87.18557401963726,1.0,0.005033696786664294,3.3756613173319994,0.9957102426965773,0.4983277591973244,0.7037617503670766,0.6674265602815606,1,1,2
frozenset({'138396'}),frozenset({'138398'}),0.01120945969037285,0.02600731348894433,0.008851372133556612,0.7896341463414634,30.36200362167879,1.0,0.0085598442013474,4.629994219936613,0.9780272542861974,0.31204819277108437,0.7840170089858793,0.5649879010288132,1,1,2
frozenset({'138398'}),frozenset({'138396'}),0.02600731348894433,0.01120945969037285,0.008851372133556612,0.3403416557161629,30.36200362167879,1.0,0.0085598442013474,1.4989434286367056,0.9928864052021946,0.31204819277108437,0.3328634150592971,0.5649879010288132,1,1,2
frozenset({'18465566'}),frozenset({'18659623'}),0.029356481323263045,0.044154335121834525,0.007005912306483032,0.23864959254947615,5.404896073986239,1.0,0.0057096963921378,1.2554608962237679,0.8396311836507564,0.105344295991778,0.2034797714466095,0.19865916159981548,1,1,2
frozenset({'18659623'}),frozenset({'18465566'}),0.044154335121834525,0.029356481323263045,0.007005912306483032,0.1586687306501548,5.404896073986239,1.0,0.0057096963921378,1.1536995640573544,0.8526298715738418,0.105344295991778,0.13322321412415253,0.19865916159981548,1,1,2
frozenset({'19351043'}),frozenset({'18465566'}),0.051501999248145997,0.029356481323263045,0.006937561942517344,0.13470471134704712,4.588585050903313,1.0,0.005425644463478438,1.1217482995750325,0.8245329923596865,0.09385113268608415,0.10853441865805034,0.18551300759436173,1,1,2
frozenset({'18465566'}),frozenset({'19351043'}),0.029356481323263045,0.051501999248145997,0.006937561942517344,0.23632130384167638,4.588585050903313,1.0,0.005425644463478438,1.2420118637893942,0.8057210291511422,0.09385113268608415,0.19485471181492012,0.18551300759436173,1,1,2
frozenset({'18465566'}),frozenset({'15704307'}),0.029356481323263045,0.09107685998427942,0.006322408666826151,0.21536670547147846,2.36466985696095,1.0,0.0036487125277162085,1.1584050107915491,0.5945622405730848,0.05540581012279125,0.13674406560388522,0.14239254598151785,1,1,2
frozenset({'15704307'}),frozenset({'18465566'}),0.09107685998427942,0.029356481323263045,0.006322408666826151,0.06941838649155722,2.36466985696095,1.0,0.0036487125277162085,1.0430503940618967,0.6349359586688508,0.05540581012279125,0.04127355140938863,0.14239254598151785,1,1,2
frozenset({'18465566'}),frozenset({'20898019'}),0.029356481323263045,0.04692252486244489,0.005707255391134957,0.19441210710128054,4.143257586227654,1.0,0.004329775166370248,1.1830831663918495,0.7815887132853511,0.08087167070217917,0.15475088446251326,0.1580217855244203,1,1,2
frozenset({'20898019'}),frozenset({'18465566'}),0.04692252486244489,0.029356481323263045,0.005707255391134957,0.12163146394756008,4.143257586227655,1.0,0.004329775166370248,1.1050526958069318,0.7959940703790355,0.08087167070217917,0.09506577940178705,0.1580217855244203,1,1,2
frozenset({'18465566'}),frozenset({'22554204'}),0.029356481323263045,0.039028057824407915,0.0061173575749290865,0.20838183934807916,5.339282838147237,1.0,0.004971631124323625,1.2139336740129907,0.8372887816933184,0.09824368825466522,0.17623176504015592,0.1825621981328837,1,1,2
frozenset({'22554204'}),frozenset({'18465566'}),0.039028057824407915,0.029356481323263045,0.0061173575749290865,0.15674255691768826,5.339282838147237,1.0,0.004971631124323625,1.1510642765616133,0.8457155651927034,0.09824368825466522,0.13123878452110685,0.1825621981328837,1,1,2
frozenset({'25179'}),frozenset({'15704307'}),0.03308157615939305,0.09107685998427942,0.006459109394757527,0.19524793388429754,2.143771029414045,1.0,0.0034461433148292105,1.1294449288000226,0.5517862308941374,0.0548780487804878,0.11460933198181794,0.13308362923107936,1,1,2
frozenset({'15704307'}),frozenset({'25179'}),0.09107685998427942,0.03308157615939305,0.006459109394757527,0.07091932457786117,2.143771029414045,1.0,0.0034461433148292105,1.0407260095053383,0.5869938272931204,0.0548780487804878,0.03913230680637598,0.13308362923107936,1,1,2
frozenset({'15196'}),frozenset({'15197'}),0.022521444926694233,0.016711663989610746,0.010799357506578722,0.4795144157814871,28.693397382785466,1.0,0.010422986686403285,1.8891749662706896,0.9873861392360808,0.3798076923076923,0.47066840401022153,0.5628655923488213,1,1,2
frozenset({'15197'}),frozenset({'15196'}),0.016711663989610746,0.022521444926694233,0.010799357506578722,0.6462167689161554,28.69339738278547,1.0,0.010422986686403285,2.7629307134731014,0.9815521463377722,0.3798076923076923,0.6380654805697372,0.5628655923488213,1,1,2
frozenset({'6839093'}),frozenset({'15704307'}),0.018317897542804416,0.09107685998427942,0.007210963398380096,0.39365671641791045,4.322247346755901,1.0,0.005542626808667722,1.499024009379773,0.7829814510041702,0.07056856187290969,0.3328992773012663,0.23641560023522162,1,1,2
frozenset({'15704307'}),frozenset({'6839093'}),0.09107685998427942,0.018317897542804416,0.007210963398380096,0.07917448405253283,4.322247346755901,1.0,0.005542626808667722,1.0660891617964245,0.8456588276468185,0.07056856187290969,0.061992152405958685,0.23641560023522162,1,1,2
frozenset({'15704307'}),frozenset({'16002136'}),0.09107685998427942,0.0166774888076279,0.006390759030791839,0.0701688555347092,4.207399347953127,1.0,0.004871825717770126,1.0575280437157675,0.8387106178967848,0.06304787592717465,0.05439859874886615,0.2266827884230923,1,1,2
frozenset({'16002136'}),frozenset({'15704307'}),0.0166774888076279,0.09107685998427942,0.006390759030791839,0.3831967213114754,4.207399347953126,1.0,0.004871825717770126,1.4736029645437596,0.7752527575707396,0.06304787592717465,0.3213911589071696,0.2266827884230923,1,1,2
frozenset({'20898019'}),frozenset({'16002136'}),0.04692252486244489,0.0166774888076279,0.005673080209152114,0.12090313182811362,7.249480615619739,1.0,0.004890530325933047,1.1185599070978682,0.9045005322494798,0.09793510324483777,0.10599334585974464,0.2305335331271716,1,1,2
frozenset({'16002136'}),frozenset({'20898019'}),0.0166774888076279,0.04692252486244489,0.005673080209152114,0.34016393442622955,7.24948061561974,1.0,0.004890530325933047,1.4444155523823816,0.8766799028037914,0.09793510324483777,0.30767845974060176,0.2305335331271716,1,1,2
frozenset({'24666002'}),frozenset({'23093359'}),0.0166774888076279,0.03236389733775332,0.010970233416492944,0.6577868852459018,20.32471177315769,1.0,0.010430484880871345,2.827583341911237,0.9669246859048045,0.28815080789946146,0.646341105078065,0.4983760191805011,1,1,2
frozenset({'23093359'}),frozenset({'24666002'}),0.03236389733775332,0.0166774888076279,0.010970233416492944,0.3389651531151004,20.32471177315769,1.0,0.010430484880871345,1.4875501886568314,0.9825995616140052,0.28815080789946146,0.3277537742084924,0.4983760191805011,1,1,2
frozenset({'24666002'}),frozenset({'15704307'}),0.0166774888076279,0.09107685998427942,0.006185707938894775,0.37090163934426235,4.072402577430567,1.0,0.004666774625873062,1.4448029066047938,0.7672403513653167,0.06090174966352625,0.30786407237375774,0.2194095438747578,1,1,2
frozenset({'15704307'}),frozenset({'24666002'}),0.09107685998427942,0.0166774888076279,0.006185707938894775,0.06791744840525328,4.072402577430567,1.0,0.004666774625873062,1.0549736281512365,0.8300423608751036,0.06090174966352625,0.05210900697828229,0.2194095438747578,1,1,2
frozenset({'24666002'}),frozenset({'17131869'}),0.0166774888076279,0.05488534226444756,0.005023751751478077,0.30122950819672134,5.488341618520712,1.0,0.004108402070159926,1.3525394515394418,0.8316656937685581,0.07550077041602467,0.2606500321585342,0.19638063205601947,1,1,2
frozenset({'17131869'}),frozenset({'24666002'}),0.05488534226444756,0.0166774888076279,0.005023751751478077,0.09153175591531756,5.488341618520712,1.0,0.004108402070159926,1.0823961295236117,0.8652871815875148,0.07550077041602467,0.0761238212851669,0.19638063205601947,1,1,2
"frozenset({'24666002', '23093359'})",frozenset({'15704307'}),0.010970233416492944,0.09107685998427942,0.0050579269334609205,0.4610591900311526,5.062308802814843,1.0,0.00405879252059213,1.6864990054626954,0.8113625114402585,0.052149400986610285,0.4070556835426965,0.2582969496121992,2,1,3
"frozenset({'24666002', '15704307'})",frozenset({'23093359'}),0.006185707938894775,0.03236389733775332,0.0050579269334609205,0.8176795580110496,25.265175867963386,1.0,0.004857733316765204,5.307337411571714,0.9663976820699652,0.15102040816326534,0.8115816043992838,0.4869812784775417,2,1,3
"frozenset({'23093359', '15704307'})",frozenset({'24666002'}),0.01237141587778955,0.0166774888076279,0.0050579269334609205,0.4088397790055248,24.514468798116113,1.0,0.004851602783624575,1.663377332017003,0.9712231696037364,0.21082621082621084,0.39881349784453,0.3560592337650575,2,1,3
frozenset({'24666002'}),"frozenset({'23093359', '15704307'})",0.0166774888076279,0.01237141587778955,0.0050579269334609205,0.30327868852459017,24.514468798116113,1.0,0.004851602783624575,1.417537497210702,0.9754762582413505,0.21082621082621084,0.29455128914211676,0.3560592337650575,1,2,3
frozenset({'23093359'}),"frozenset({'24666002', '15704307'})",0.03236389733775332,0.006185707938894775,0.0050579269334609205,0.1562829989440338,25.265175867963386,1.0,0.004857733316765204,1.177900043281435,0.9925423675423675,0.15102040816326534,0.1510315279264571,0.4869812784775417,1,2,3
frozenset({'15704307'}),"frozenset({'24666002', '23093359'})",0.09107685998427942,0.010970233416492944,0.0050579269334609205,0.055534709193245775,5.062308802814843,1.0,0.00405879252059213,1.0471848740345833,0.882870773089227,0.052149400986610285,0.045058781123136306,0.2582969496121992,1,2,3
frozenset({'20299683'}),frozenset({'23012877'}),0.034482758620689655,0.017155941355387717,0.012849868425549365,0.3726461843409316,21.721115537848608,1.0,0.012258284240880823,1.5666503241270362,0.988031914893617,0.33127753303964763,0.36169546924441043,0.5608250842023383,1,1,2
frozenset({'23012877'}),frozenset({'20299683'}),0.017155941355387717,0.034482758620689655,0.012849868425549365,0.749003984063745,21.721115537848608,1.0,0.012258284240880823,3.846743295019157,0.9706136395415164,0.33127753303964763,0.7400398406374502,0.5608250842023383,1,1,2
frozenset({'15704307'}),frozenset({'23012877'}),0.09107685998427942,0.017155941355387717,0.008407094767779639,0.09230769230769231,5.3805087342935956,1.0,0.006844585499056483,1.0827943018966069,0.8957236677194566,0.08421773365285862,0.07646355522150926,0.2911737664725713,1,1,2
frozenset({'23012877'}),frozenset({'15704307'}),0.017155941355387717,0.09107685998427942,0.008407094767779639,0.49003984063745026,5.3805087342935956,1.0,0.006844585499056483,1.7823414698745772,0.8283551815663502,0.08421773365285862,0.4389402833844349,0.2911737664725713,1,1,2
frozenset({'23012877'}),frozenset({'23093367'}),0.017155941355387717,0.03899388264242507,0.0062198831208776185,0.36254980079681276,9.297607117542102,1.0,0.005550906357045303,1.5075783466046957,0.9080234414912254,0.12457221081451059,0.3366845562274373,0.26102950162540023,1,1,2
frozenset({'23093367'}),frozenset({'23012877'}),0.03899388264242507,0.017155941355387717,0.0062198831208776185,0.15950920245398773,9.297607117542102,1.0,0.005550906357045303,1.1693692084603782,0.9286574023416128,0.12457221081451059,0.14483809496179054,0.26102950162540023,1,1,2
frozenset({'19358975'}),frozenset({'23012877'}),0.04302655411640067,0.017155941355387717,0.005946481665014866,0.13820492454328834,8.055805372631793,1.0,0.00520832062586948,1.1404614468512138,0.9152457911462809,0.10964083175803402,0.12316194224629368,0.24240923518001073,1,1,2
frozenset({'23012877'}),frozenset({'19358975'}),0.017155941355387717,0.04302655411640067,0.005946481665014866,0.3466135458167331,8.055805372631793,1.0,0.00520832062586948,1.4646361885169723,0.8911545131499065,0.10964083175803402,0.3172365889630536,0.24240923518001073,1,1,2
frozenset({'20898019'}),frozenset({'23012877'}),0.04692252486244489,0.017155941355387717,0.005946481665014866,0.12672978878368535,7.386932967329516,1.0,0.005141481580228039,1.1254753065213117,0.9071936349667965,0.10229276895943562,0.11148650334154236,0.23667166730020922,1,1,2
frozenset({'23012877'}),frozenset({'20898019'}),0.017155941355387717,0.04692252486244489,0.005946481665014866,0.3466135458167331,7.386932967329517,1.0,0.005141481580228039,1.45867345280199,0.8797182131490671,0.10229276895943562,0.31444560255821236,0.23667166730020922,1,1,2
frozenset({'25451555'}),frozenset({'23012877'}),0.032466422883701856,0.017155941355387717,0.00580978093708349,0.17894736842105263,10.430635353323549,1.0,0.005252788890071483,1.1970536611697202,0.9344673760147271,0.13260530421216848,0.164615561993408,0.25879639337387295,1,1,2
frozenset({'23012877'}),frozenset({'25451555'}),0.017155941355387717,0.032466422883701856,0.00580978093708349,0.33864541832669326,10.430635353323549,1.0,0.005252788890071483,1.4629573967240412,0.919910493492574,0.13260530421216848,0.3164530954631547,0.25879639337387295,1,1,2
frozenset({'22554204'}),frozenset({'23012877'}),0.039028057824407915,0.017155941355387717,0.005741430573117802,0.14711033274956217,8.574891327858444,1.0,0.0050718675018675795,1.1523695225586728,0.9192572722392417,0.11382113821138211,0.13222279796185327,0.24088584366561777,1,1,2
frozenset({'23012877'}),frozenset({'22554204'}),0.017155941355387717,0.039028057824407915,0.005741430573117802,0.33466135458167334,8.574891327858445,1.0,0.0050718675018675795,1.444335074766908,0.8988002099549789,0.11382113821138211,0.30763988393663866,0.24088584366561777,1,1,2
frozenset({'23012877'}),frozenset({'17131869'}),0.017155941355387717,0.05488534226444756,0.00707426267044872,0.4123505976095618,7.512945726434238,1.0,0.006132652957289476,1.6082968074008386,0.8820284446137676,0.10889005786428196,0.3782242211771248,0.2706211269492392,1,1,2
frozenset({'17131869'}),frozenset({'23012877'}),0.05488534226444756,0.017155941355387717,0.00707426267044872,0.12889165628891658,7.512945726434239,1.0,0.006132652957289476,1.128268447593458,0.917239415608293,0.10889005786428196,0.11368610712020542,0.2706211269492392,1,1,2
frozenset({'23012877'}),frozenset({'28862528'}),0.017155941355387717,0.026485766036704144,0.005023751751478077,0.29282868525896416,11.056077624983937,1.0,0.004569363502599861,1.3766313956326042,0.9254286088022607,0.13008849557522123,0.2735891370976111,0.24125305230690144,1,1,2
frozenset({'28862528'}),frozenset({'23012877'}),0.026485766036704144,0.017155941355387717,0.005023751751478077,0.18967741935483873,11.056077624983937,1.0,0.004569363502599861,1.212904690206329,0.9342975974353795,0.13008849557522123,0.1755329103147514,0.24125305230690144,1,1,2
frozenset({'23093359'}),frozenset({'23012877'}),0.03236389733775332,0.017155941355387717,0.005741430573117802,0.17740232312565998,10.340576448167205,1.0,0.005186197448359517,1.1948052933715634,0.9335054675963766,0.13114754098360656,0.16304354730623236,0.25603183885366665,1,1,2
frozenset({'23012877'}),frozenset({'23093359'}),0.017155941355387717,0.03236389733775332,0.005741430573117802,0.33466135458167334,10.340576448167207,1.0,0.005186197448359517,1.4543512680731971,0.9190609482083454,0.13114754098360656,0.31240820429520183,0.25603183885366665,1,1,2
"frozenset({'20299683', '15704307'})",frozenset({'23012877'}),0.013909299067017532,0.017155941355387717,0.007108437852431564,0.5110565110565111,29.788893565785997,1.0,0.0068698107333432625,2.0101383510972726,0.9800624230209384,0.296718972895863,0.5025218043055937,0.4626995702692914,2,1,3
"frozenset({'20299683', '23012877'})",frozenset({'15704307'}),0.012849868425549365,0.09107685998427942,0.007108437852431564,0.5531914893617021,6.073897249610794,1.0,0.005938112185021391,2.0342565514637556,0.8462350701055911,0.07342040240028239,0.508419919168776,0.3156201349247535,2,1,3
"frozenset({'15704307', '23012877'})",frozenset({'20299683'}),0.008407094767779639,0.034482758620689655,0.007108437852431564,0.8455284552845528,24.520325203252032,1.0,0.0068185380328529555,6.2504537205081645,0.9673501106854544,0.19866284622731617,0.8400116144018582,0.5258365765025341,2,1,3
frozenset({'20299683'}),"frozenset({'15704307', '23012877'})",0.034482758620689655,0.008407094767779639,0.007108437852431564,0.20614469772051536,24.520325203252032,1.0,0.0068185380328529555,1.2490851952301003,0.9934752747252746,0.19866284622731617,0.19941409615716008,0.5258365765025341,1,2,3
frozenset({'15704307'}),"frozenset({'20299683', '23012877'})",0.09107685998427942,0.012849868425549365,0.007108437852431564,0.07804878048780488,6.073897249610794,1.0,0.005938112185021391,1.0707183966812823,0.9190667769589411,0.07342040240028239,0.06604761522775346,0.3156201349247535,1,2,3
frozenset({'23012877'}),"frozenset({'20299683', '15704307'})",0.017155941355387717,0.013909299067017532,0.007108437852431564,0.41434262948207173,29.788893565785997,1.0,0.0068698107333432625,1.683733101593052,0.9832998766941184,0.296718972895863,0.40608164141106606,0.4626995702692914,1,2,3
"frozenset({'20299683', '23012877'})",frozenset({'23093367'}),0.012849868425549365,0.03899388264242507,0.005194627661392297,0.4042553191489362,10.367147146027188,1.0,0.004693561400035822,1.6131174112787865,0.9153029709464938,0.11135531135531135,0.38008232196362096,0.2687358979618476,2,1,3
"frozenset({'23093367', '23012877'})",frozenset({'20299683'}),0.0062198831208776185,0.034482758620689655,0.005194627661392297,0.8351648351648352,24.219780219780223,1.0,0.004980148933086173,5.857471264367818,0.9647118285758759,0.14629451395572668,0.8292778649921507,0.4929045186726059,2,1,3
"frozenset({'20299683', '23093367'})",frozenset({'23012877'}),0.008783021769590922,0.017155941355387717,0.005194627661392297,0.5914396887159533,34.47433611856078,1.0,0.005043946654990102,2.4056278387777654,0.9795967343887232,0.2504118616144975,0.584308102907525,0.44711426666873366,2,1,3
frozenset({'23012877'}),"frozenset({'20299683', '23093367'})",0.017155941355387717,0.008783021769590922,0.005194627661392297,0.30278884462151395,34.47433611856078,1.0,0.005043946654990102,1.4216883516333296,0.9879419897844337,0.2504118616144975,0.2966109634005695,0.44711426666873366,1,2,3
frozenset({'20299683'}),"frozenset({'23093367', '23012877'})",0.034482758620689655,0.0062198831208776185,0.005194627661392297,0.1506442021803766,24.21978021978022,1.0,0.004980148933086173,1.1700398342252445,0.9929511278195489,0.14629451395572668,0.14532824374978506,0.4929045186726059,1,2,3
frozenset({'23093367'}),"frozenset({'20299683', '23012877'})",0.03899388264242507,0.012849868425549365,0.005194627661392297,0.13321647677475898,10.367147146027188,1.0,0.004693561400035822,1.1388658241925664,0.9402036385415888,0.11135531135531135,0.12193343697096148,0.2687358979618476,1,2,3
"frozenset({'20299683', '19358975'})",frozenset({'23012877'}),0.008885547315539455,0.017155941355387717,0.005228802843375141,0.5884615384615385,34.30074318112167,1.0,0.005076362914719223,2.388219207921488,0.979549950159483,0.2512315270935961,0.581277967833481,0.4466212074777812,2,1,3
"frozenset({'20299683', '23012877'})",frozenset({'19358975'}),0.012849868425549365,0.04302655411640067,0.005228802843375141,0.40691489361702127,9.457296824565258,1.0,0.004675917284174613,1.6135516396961136,0.905902265123925,0.10323886639676112,0.38024915013669236,0.2642199567370253,2,1,3
"frozenset({'19358975', '23012877'})",frozenset({'20299683'}),0.005946481665014866,0.034482758620689655,0.005228802843375141,0.8793103448275862,25.5,1.0,0.005023751751478077,7.999999999999999,0.9665317772173675,0.14854368932038833,0.875,0.5154728136427327,2,1,3
frozenset({'20299683'}),"frozenset({'19358975', '23012877'})",0.034482758620689655,0.005946481665014866,0.005228802843375141,0.15163528245787908,25.5,1.0,0.005023751751478077,1.1717289719626167,0.9950980392156863,0.14854368932038833,0.1465603190428714,0.5154728136427327,1,2,3
frozenset({'19358975'}),"frozenset({'20299683', '23012877'})",0.04302655411640067,0.012849868425549365,0.005228802843375141,0.12152501985702939,9.457296824565258,1.0,0.004675917284174613,1.1237088749116033,0.9344684996823289,0.10323886639676112,0.1100897907577129,0.2642199567370253,1,2,3
frozenset({'23012877'}),"frozenset({'20299683', '19358975'})",0.017155941355387717,0.008885547315539455,0.005228802843375141,0.3047808764940239,34.30074318112167,1.0,0.005076362914719223,1.4256144849501409,0.9877926250765034,0.2512315270935961,0.2985480923792846,0.4466212074777812,1,2,3
"frozenset({'19358975', '23012877'})",frozenset({'17131869'}),0.005946481665014866,0.05488534226444756,0.005092102115443765,0.8563218390804599,15.602013283520135,1.0,0.004765727433990162,6.577998017839451,0.9415043460223357,0.09135499693439608,0.8479780630386309,0.4745494625041154,2,1,3
"frozenset({'19358975', '17131869'})",frozenset({'23012877'}),0.030620963056628276,0.017155941355387717,0.005092102115443765,0.16629464285714288,9.693122598890156,1.0,0.004566770668998757,1.1788865817209808,0.925163467123795,0.11929543634907928,0.15174197797708047,0.23155369593056346,2,1,3
"frozenset({'23012877', '17131869'})",frozenset({'19358975'}),0.00707426267044872,0.04302655411640067,0.005092102115443765,0.7198067632850241,16.729361160034227,1.0,0.00478772096982007,3.4154052292742247,0.9469236409130327,0.11313591495823844,0.7072089743762264,0.4190773292199545,2,1,3
frozenset({'19358975'}),"frozenset({'23012877', '17131869'})",0.04302655411640067,0.00707426267044872,0.005092102115443765,0.11834789515488484,16.729361160034227,1.0,0.00478772096982007,1.126210363331446,0.9824983737978447,0.11313591495823844,0.1120664197744574,0.4190773292199545,1,2,3
frozenset({'23012877'}),"frozenset({'19358975', '17131869'})",0.017155941355387717,0.030620963056628276,0.005092102115443765,0.2968127490039841,9.693122598890154,1.0,0.004566770668998757,1.3785503584860412,0.9124886729360008,0.11929543634907928,0.2746003119550707,0.23155369593056346,1,2,3
frozenset({'17131869'}),"frozenset({'19358975', '23012877'})",0.05488534226444756,0.005946481665014866,0.005092102115443765,0.09277708592777087,15.602013283520135,1.0,0.004765727433990162,1.095710329750162,0.9902562615350453,0.09135499693439608,0.08735002961228396,0.4745494625041154,1,2,3
"frozenset({'20299683', '20898019'})",frozenset({'23012877'}),0.009637401319162025,0.017155941355387717,0.0051604524794094525,0.5354609929078014,31.211402616484413,1.0,0.004995113787559573,2.1157406453265697,0.9773798290563914,0.23854660347551343,0.527352276277867,0.41812890282840265,2,1,3
"frozenset({'20299683', '23012877'})",frozenset({'20898019'}),0.012849868425549365,0.04692252486244489,0.0051604524794094525,0.4015957446808511,8.558698532488261,1.0,0.004557504208732467,1.5926983584520924,0.8946560177548097,0.09449311639549436,0.3721347204929139,0.25578694735863383,2,1,3
"frozenset({'20898019', '23012877'})",frozenset({'20299683'}),0.005946481665014866,0.034482758620689655,0.0051604524794094525,0.867816091954023,25.166666666666668,1.0,0.004955401387512388,7.304347826086957,0.9660092569972203,0.14631782945736432,0.8630952380952381,0.5087346069284485,2,1,3
frozenset({'20299683'}),"frozenset({'20898019', '23012877'})",0.034482758620689655,0.005946481665014866,0.0051604524794094525,0.14965312190287414,25.166666666666668,1.0,0.004955401387512388,1.168997668997669,0.9945600756859035,0.14631782945736432,0.1445663010967099,0.5087346069284485,1,2,3
frozenset({'20898019'}),"frozenset({'20299683', '23012877'})",0.04692252486244489,0.012849868425549365,0.0051604524794094525,0.1099781500364166,8.558698532488261,1.0,0.004557504208732467,1.1091302214825867,0.9266400987108319,0.09449311639549436,0.09839261375162148,0.25578694735863383,1,2,3
frozenset({'23012877'}),"frozenset({'20299683', '20898019'})",0.017155941355387717,0.009637401319162025,0.0051604524794094525,0.300796812749004,31.211402616484417,1.0,0.004995113787559573,1.4164160243241612,0.9848565689427716,0.23854660347551343,0.2939927374253289,0.41812890282840265,1,2,3
"frozenset({'20299683', '23012877'})",frozenset({'17131869'}),0.012849868425549365,0.05488534226444756,0.005980656846997711,0.46542553191489366,8.47996045414801,1.0,0.005275387420408316,1.7679756781520783,0.893557011795544,0.09684560044272275,0.43438135922479487,0.2871959540022787,2,1,3
"frozenset({'20299683', '17131869'})",frozenset({'23012877'}),0.010628481596664503,0.017155941355387717,0.005980656846997711,0.5627009646302251,32.799189095707206,1.0,0.005798315240028517,2.247533104694665,0.9799265729089565,0.27429467084639503,0.5550677327460974,0.4556532711597341,2,1,3
"frozenset({'23012877', '17131869'})",frozenset({'20299683'}),0.00707426267044872,0.034482758620689655,0.005980656846997711,0.8454106280193237,24.516908212560388,1.0,0.005736716754913272,6.245689655172413,0.966045885002311,0.16810758885686838,0.8398895790200138,0.5094248382911286,2,1,3
frozenset({'20299683'}),"frozenset({'23012877', '17131869'})",0.034482758620689655,0.00707426267044872,0.005980656846997711,0.1734390485629336,24.516908212560384,1.0,0.005736716754913272,1.2012734639874307,0.9934693877551021,0.16810758885686838,0.167550079162938,0.5094248382911286,1,2,3
frozenset({'23012877'}),"frozenset({'20299683', '17131869'})",0.017155941355387717,0.010628481596664503,0.005980656846997711,0.34860557768924305,32.799189095707206,1.0,0.005798315240028517,1.5188516888026742,0.9864346564802075,0.27429467084639503,0.3416078690419669,0.4556532711597341,1,2,3
frozenset({'17131869'}),"frozenset({'20299683', '23012877'})",0.05488534226444756,0.012849868425549365,0.005980656846997711,0.10896637608966377,8.47996045414801,1.0,0.005275387420408316,1.1078707975601452,0.9332993775344164,0.09684560044272275,0.09736766940486936,0.2871959540022787,1,2,3
"frozenset({'15704307', '23012877'})",frozenset({'17131869'}),0.008407094767779639,0.05488534226444756,0.005912306483032022,0.7032520325203252,12.81311190758234,1.0,0.00545088020925279,3.1849069288074783,0.9297716250016187,0.10303752233472305,0.6860190823929574,0.4054865392987678,2,1,3
"frozenset({'15704307', '17131869'})",frozenset({'23012877'}),0.0422747001127781,0.017155941355387717,0.005912306483032022,0.1398544866612773,8.151956442620788,1.0,0.005187044207080599,1.1426485907362645,0.9160560559982444,0.11047254150702428,0.12484029813956102,0.24223800030275022,2,1,3
"frozenset({'23012877', '17131869'})",frozenset({'15704307'}),0.00707426267044872,0.09107685998427942,0.005912306483032022,0.8357487922705314,9.176302217871678,1.0,0.0052680048523035495,5.533737940683948,0.8973718859560292,0.0640978140051871,0.81929032225252,0.45033218225158844,2,1,3
frozenset({'15704307'}),"frozenset({'23012877', '17131869'})",0.09107685998427942,0.00707426267044872,0.005912306483032022,0.06491557223264541,9.176302217871678,1.0,0.0052680048523035495,1.0618567776818837,0.9803069173772926,0.0640978140051871,0.058253409482323854,0.45033218225158844,1,2,3
frozenset({'23012877'}),"frozenset({'15704307', '17131869'})",0.017155941355387717,0.0422747001127781,0.005912306483032022,0.34462151394422313,8.151956442620786,1.0,0.005187044207080599,1.4613316125938767,0.8926442127088842,0.11047254150702428,0.315692624875889,0.24223800030275022,1,2,3
frozenset({'17131869'}),"frozenset({'15704307', '23012877'})",0.05488534226444756,0.008407094767779639,0.005912306483032022,0.10772104607721046,12.813111907582337,1.0,0.00545088020925279,1.1113037025840515,0.9754953425934538,0.10303752233472305,0.10015597205808222,0.4054865392987678,1,2,3
"frozenset({'20299683', '15704307', '23012877'})",frozenset({'17131869'}),0.007108437852431564,0.05488534226444756,0.0051604524794094525,0.7259615384615384,13.226874580898553,1.0,0.0047703034349131914,3.448839452789384,0.9310144077859076,0.09079975947083584,0.7100473902340653,0.4099919772008813,3,1,4
"frozenset({'20299683', '15704307', '17131869'})",frozenset({'23012877'}),0.008953897679505144,0.017155941355387717,0.0051604524794094525,0.5763358778625953,33.59395243453666,1.0,0.00500683993591772,2.319866156440436,0.9789985907255536,0.24632952691680257,0.5689406489146842,0.43856634530579963,3,1,4
"frozenset({'20299683', '23012877', '17131869'})",frozenset({'15704307'}),0.005980656846997711,0.09107685998427942,0.0051604524794094525,0.8628571428571428,9.473944786920395,1.0,0.00461575303314142,6.627564562614625,0.8998289156659425,0.05615470435105987,0.8491150119244568,0.45975877780755825,3,1,4
"frozenset({'15704307', '23012877', '17131869'})",frozenset({'20299683'}),0.005912306483032022,0.034482758620689655,0.0051604524794094525,0.8728323699421965,25.3121387283237,1.0,0.0049565798420635205,7.59247648902821,0.9662057679277861,0.14645974781765275,0.8682906688687035,0.5112427459225353,3,1,4
"frozenset({'20299683', '15704307'})","frozenset({'23012877', '17131869'})",0.013909299067017532,0.00707426267044872,0.0051604524794094525,0.37100737100737097,52.44466996640909,1.0,0.005062054444247543,1.5785967777075285,0.9947688224387955,0.326133909287257,0.36652600960441534,0.5502379850205936,2,2,4
"frozenset({'20299683', '23012877'})","frozenset({'15704307', '17131869'})",0.012849868425549365,0.0422747001127781,0.0051604524794094525,0.4015957446808511,9.499671046973633,1.0,0.004617228145230697,1.6004653900337575,0.9063800616053383,0.10328317373461011,0.3751817401194113,0.26183263386023153,2,2,4
"frozenset({'20299683', '17131869'})","frozenset({'15704307', '23012877'})",0.010628481596664503,0.008407094767779639,0.0051604524794094525,0.48553054662379413,57.75247692991398,1.0,0.005071097827388692,1.927408709545128,0.9932413729998056,0.37192118226600984,0.4811686825696654,0.549675842417588,2,2,4
"frozenset({'15704307', '23012877'})","frozenset({'20299683', '17131869'})",0.008407094767779639,0.010628481596664503,0.0051604524794094525,0.6138211382113821,57.75247692991399,1.0,0.005071097827388692,2.561951510812847,0.9910162932395098,0.37192118226600984,0.6096725500933765,0.549675842417588,2,2,4
"frozenset({'15704307', '17131869'})","frozenset({'20299683', '23012877'})",0.0422747001127781,0.012849868425549365,0.0051604524794094525,0.12206952303961197,9.499671046973633,1.0,0.004617228145230697,1.1244058128522978,0.93422737937019,0.10328317373461011,0.11064138181277777,0.26183263386023153,2,2,4
"frozenset({'23012877', '17131869'})","frozenset({'20299683', '15704307'})",0.00707426267044872,0.013909299067017532,0.0051604524794094525,0.7294685990338163,52.44466996640909,1.0,0.005062054444247543,3.645013840948702,0.9879210987350798,0.326133909287257,0.7256526192669474,0.5502379850205936,2,2,4
frozenset({'20299683'}),"frozenset({'15704307', '23012877', '17131869'})",0.034482758620689655,0.005912306483032022,0.0051604524794094525,0.14965312190287414,25.3121387283237,1.0,0.0049565798420635205,1.1690378586930312,0.9947965941343424,0.14645974781765275,0.1445957095709571,0.5112427459225353,1,3,4
frozenset({'15704307'}),"frozenset({'20299683', '23012877', '17131869'})",0.09107685998427942,0.005980656846997711,0.0051604524794094525,0.056660412757973726,9.473944786920395,1.0,0.00461575303314142,1.0537237667075383,0.9840736893164237,0.05615470435105987,0.05098467777319223,0.45975877780755825,1,3,4
frozenset({'23012877'}),"frozenset({'20299683', '15704307', '17131869'})",0.017155941355387717,0.008953897679505144,0.0051604524794094525,0.300796812749004,33.59395243453666,1.0,0.00500683993591772,1.4173935708401377,0.9871685431499819,0.24632952691680257,0.29447965577601315,0.43856634530579963,1,3,4
frozenset({'17131869'}),"frozenset({'20299683', '15704307', '23012877'})",0.05488534226444756,0.007108437852431564,0.0051604524794094525,0.09402241594022416,13.226874580898555,1.0,0.0047703034349131914,1.095933916707213,0.978078524295931,0.09079975947083584,0.08753622389518807,0.4099919772008813,1,3,4
frozenset({'22554204'}),frozenset({'25785993'}),0.039028057824407915,0.016130685895902396,0.006424934212774683,0.1646234676007005,10.205608655644275,1.0,0.0057953848708820425,1.1777555101749262,0.9386482827920547,0.13183730715287517,0.15092734327222543,0.28146427617323155,1,1,2
frozenset({'25785993'}),frozenset({'22554204'}),0.016130685895902396,0.039028057824407915,0.006424934212774683,0.39830508474576265,10.205608655644275,1.0,0.0057953848708820425,1.59710829826366,0.916803329877029,0.13183730715287517,0.37386838382395393,0.28146427617323155,1,1,2
frozenset({'15704307'}),frozenset({'25785993'}),0.09107685998427942,0.016130685895902396,0.005228802843375141,0.057410881801125704,3.5591097719973286,1.0,0.0037596706225836475,1.0437944753532724,0.7910799402730962,0.05127345844504021,0.041956990947331935,0.1907817120870035,1,1,2
frozenset({'25785993'}),frozenset({'15704307'}),0.016130685895902396,0.09107685998427942,0.005228802843375141,0.3241525423728813,3.5591097719973286,1.0,0.0037596706225836475,1.3448643325624454,0.7308194828407818,0.05127345844504021,0.25643057385971124,0.1907817120870035,1,1,2
frozenset({'6277410'}),frozenset({'1238684'}),0.012405591059772392,0.022179693106865794,0.007928642220019821,0.6391184573002755,28.81547793384185,1.0,0.007653490017504792,2.709532606123723,0.9774219251541093,0.2974358974358975,0.6309326568944276,0.4982957463697063,1,1,2
frozenset({'1238684'}),frozenset({'6277410'}),0.022179693106865794,0.012405591059772392,0.007928642220019821,0.3574730354391371,28.81547793384185,1.0,0.007653490017504792,1.5370474134345509,0.9871920450546431,0.2974358974358975,0.34940198248960447,0.4982957463697063,1,1,2
frozenset({'28204534'}),frozenset({'31338724'}),0.03178291924404497,0.010970233416492944,0.00833874440381395,0.2623655913978495,23.916135731752252,1.0,0.007990078361049232,1.3408129488668536,0.9896409019604895,0.24230387288977157,0.25418381374887605,0.5112451009948749,1,1,2
frozenset({'31338724'}),frozenset({'28204534'}),0.010970233416492944,0.03178291924404497,0.00833874440381395,0.7601246105919002,23.916135731752252,1.0,0.007990078361049232,4.036333544450148,0.9688153556821916,0.24230387288977157,0.7522504052285338,0.5112451009948749,1,1,2
frozenset({'6277410'}),frozenset({'7955881'}),0.012405591059772392,0.008543795495711016,0.0065274597587232155,0.5261707988980717,61.5851349862259,1.0,0.006421468925705099,2.0924337339247496,0.9961197698784566,0.45260663507109,0.5220876132003887,0.6450853994490359,1,1,2
frozenset({'7955881'}),frozenset({'6277410'}),0.008543795495711016,0.012405591059772392,0.0065274597587232155,0.764,61.5851349862259,1.0,0.006421468925705099,4.184722071780626,0.9922398093808432,0.45260663507109,0.761035504187141,0.6450853994490359,1,1,2
frozenset({'1238684'}),frozenset({'7955881'}),0.022179693106865794,0.008543795495711016,0.005775605755100646,0.2604006163328197,30.478329738058545,1.0,0.0055861069930379535,1.340531409840174,0.98912836671335,0.23150684931506849,0.25402717708850564,0.4682003081664098,1,1,2
frozenset({'7955881'}),frozenset({'1238684'}),0.008543795495711016,0.022179693106865794,0.005775605755100646,0.6759999999999999,30.478329738058548,1.0,0.0055861069930379535,3.0179639101639935,0.9755244847955041,0.23150684931506849,0.6686507758982244,0.4682003081664098,1,1,2
frozenset({'332631'}),frozenset({'156534'}),0.008270394039848262,0.019889955914015243,0.006424934212774683,0.7768595041322314,39.05787963988526,1.0,0.006260436439930566,4.392345012385339,0.9825228225381316,0.29559748427672955,0.7723311813666175,0.5499417795575245,1,1,2
frozenset({'156534'}),frozenset({'332631'}),0.019889955914015243,0.008270394039848262,0.006424934212774683,0.32302405498281783,39.05787963988526,1.0,0.006260436439930566,1.4649406869766708,0.9941709887804331,0.29559748427672955,0.3173785062494308,0.5499417795575245,1,1,2
frozenset({'25814105'}),frozenset({'25785993'}),0.007791941492088446,0.016130685895902396,0.00615153275691193,0.7894736842105262,48.94235057983942,1.0,0.006025843396183802,4.6733792419944615,0.9872604737138199,0.3461538461538461,0.7860220734893261,0.585414808206958,1,1,2
frozenset({'25785993'}),frozenset({'25814105'}),0.016130685895902396,0.007791941492088446,0.00615153275691193,0.3813559322033898,48.94235057983943,1.0,0.006025843396183802,1.6038431630675831,0.9956279597531464,0.3461538461538461,0.376497638280694,0.585414808206958,1,1,2
frozenset({'6277410'}),frozenset({'10537195'}),0.012405591059772392,0.007689415946139914,0.005433853935272205,0.4380165289256198,56.963562901744716,1.0,0.0053384621855559,1.765729127507604,0.9947858244417254,0.3706293706293706,0.43366171831149475,0.5723415977961432,1,1,2
frozenset({'10537195'}),frozenset({'6277410'}),0.007689415946139914,0.012405591059772392,0.005433853935272205,0.7066666666666666,56.963562901744716,1.0,0.0053384621855559,3.3667991213871384,0.9900578852017144,0.3706293706293706,0.7029819826054858,0.5723415977961432,1,1,2
frozenset({'7955881'}),frozenset({'10537195'}),0.008543795495711016,0.007689415946139914,0.005228802843375141,0.6119999999999999,79.58991999999998,1.0,0.0051631060460498625,2.557501505293453,0.9959447430690591,0.4751552795031056,0.6089933875189418,0.6459999999999999,1,1,2
frozenset({'10537195'}),frozenset({'7955881'}),0.007689415946139914,0.008543795495711016,0.005228802843375141,0.6799999999999999,79.58991999999998,1.0,0.0051631060460498625,3.0983006390759025,0.9950872345080752,0.4751552795031056,0.67724242528696,0.6459999999999999,1,1,2
frozenset({'15704307'}),frozenset({'24886016'}),0.09107685998427942,0.016814189535559278,0.005673080209152114,0.06228893058161351,3.7045455238792533,1.0,0.004141696623072845,1.0484954721439514,0.8032157204543848,0.05549983283182882,0.046252438310285124,0.19984365228267667,1,1,2
frozenset({'24886016'}),frozenset({'15704307'}),0.016814189535559278,0.09107685998427942,0.005673080209152114,0.33739837398373984,3.7045455238792537,1.0,0.004141696623072845,1.3717490333979587,0.7425466752825896,0.05549983283182882,0.27100367803948755,0.19984365228267667,1,1,2
frozenset({'19351043'}),frozenset({'24886016'}),0.051501999248145997,0.016814189535559278,0.00563890502716927,0.10948905109489052,6.5117055367633965,1.0,0.0047729406503507115,1.1040693117510523,0.8923902860848886,0.08996728462377318,0.09425976308135811,0.22242745237671357,1,1,2
frozenset({'24886016'}),frozenset({'19351043'}),0.016814189535559278,0.051501999248145997,0.00563890502716927,0.3353658536585366,6.511705536763397,1.0,0.0047729406503507115,1.4270979093881107,0.8609058361430705,0.08996728462377318,0.2992772300894444,0.22242745237671357,1,1,2
frozenset({'24886016'}),frozenset({'22554204'}),0.016814189535559278,0.039028057824407915,0.011961313693995421,0.7113821138211383,18.227453618669287,1.0,0.011305088532531059,3.3295647573971223,0.9613012021868776,0.27258566978193144,0.6996604442732788,0.5089309868580297,1,1,2
frozenset({'22554204'}),frozenset({'24886016'}),0.039028057824407915,0.016814189535559278,0.011961313693995421,0.3064798598949212,18.227453618669287,1.0,0.011305088532531059,1.4176744893313022,0.9835226816641518,0.27258566978193144,0.2946194577630536,0.5089309868580297,1,1,2
frozenset({'20898019'}),frozenset({'24886016'}),0.04692252486244489,0.016814189535559278,0.005843956119066334,0.12454479242534595,7.4071243316220485,1.0,0.005054991892542193,1.1230566703558047,0.9075808245513382,0.10094451003541913,0.10957298380750279,0.236052884017551,1,1,2
frozenset({'24886016'}),frozenset({'20898019'}),0.016814189535559278,0.04692252486244489,0.005843956119066334,0.3475609756097561,7.4071243316220485,1.0,0.005054991892542193,1.4607916441360658,0.8797877588754465,0.10094451003541913,0.3154396768257699,0.236052884017551,1,1,2
frozenset({'3217221'}),frozenset({'16164271'}),0.028809678411537542,0.01431940125081166,0.007621065582174225,0.26453143534994067,18.473638018555164,1.0,0.007208528237092573,1.3402076528154285,0.9739273440978954,0.21462945139557263,0.25384697072930495,0.3983755028778343,1,1,2
frozenset({'16164271'}),frozenset({'3217221'}),0.01431940125081166,0.028809678411537542,0.007621065582174225,0.532219570405728,18.473638018555167,1.0,0.007208528237092573,2.0761670650283968,0.9596098489901529,0.21462945139557263,0.5183431926821734,0.3983755028778343,1,1,2
frozenset({'6120349'}),frozenset({'16164271'}),0.015105430436417074,0.01431940125081166,0.006698335668637436,0.44343891402714936,30.967699435199087,1.0,0.006482034949152156,1.771019612386753,0.9825501316804178,0.2947368421052632,0.43535351443549053,0.45560967181071077,1,1,2
frozenset({'16164271'}),frozenset({'6120349'}),0.01431940125081166,0.015105430436417074,0.006698335668637436,0.46778042959427213,30.967699435199087,1.0,0.006482034949152156,1.8505418145611716,0.9817665988800346,0.2947368421052632,0.45961772269537443,0.45560967181071077,1,1,2
"frozenset({'6120349', '3217221'})",frozenset({'16164271'}),0.01120945969037285,0.01431940125081166,0.005399678753289361,0.48170731707317077,33.640185691833054,1.0,0.0052391660021781136,1.9017837434690221,0.9812731903082943,0.26825127334465193,0.47417785884744645,0.42939781128121546,2,1,3
"frozenset({'6120349', '16164271'})",frozenset({'3217221'}),0.006698335668637436,0.028809678411537542,0.005399678753289361,0.8061224489795917,27.98095964364393,1.0,0.005206701856783386,5.009297448193119,0.9707639141426789,0.1793416572077185,0.800371207670907,0.4967741545016583,2,1,3
"frozenset({'3217221', '16164271'})",frozenset({'6120349'}),0.007621065582174225,0.015105430436417074,0.005399678753289361,0.7085201793721972,46.90499766653815,1.0,0.005284559277286456,3.378945984810445,0.9861961759405616,0.31163708086785,0.7040497230511074,0.5329931213603067,2,1,3
frozenset({'6120349'}),"frozenset({'3217221', '16164271'})",0.015105430436417074,0.007621065582174225,0.005399678753289361,0.3574660633484163,46.90499766653816,1.0,0.005284559277286456,1.5444770739883065,0.9936904319012466,0.31163708086785,0.35253166470273467,0.5329931213603067,1,2,3
frozenset({'3217221'}),"frozenset({'6120349', '16164271'})",0.028809678411537542,0.006698335668637436,0.005399678753289361,0.1874258600237248,27.980959643643935,1.0,0.005206701856783386,1.2224135810676477,0.9928655487563152,0.1793416572077185,0.18194626148818893,0.4967741545016583,1,2,3
frozenset({'16164271'}),"frozenset({'6120349', '3217221'})",0.01431940125081166,0.01120945969037285,0.005399678753289361,0.37708830548926014,33.640185691833054,1.0,0.0052391660021781136,1.5873687217997463,0.9843692259617874,0.26825127334465193,0.3700266445553949,0.42939781128121546,1,2,3
frozenset({'16164271'}),frozenset({'13490570'}),0.01431940125081166,0.011722087420115513,0.007723591128122757,0.5393794749403341,46.01394407063882,1.0,0.007555737854857031,2.145535986378091,0.9924791647873399,0.4216417910447761,0.5339159975181242,0.5991358016101087,1,1,2
frozenset({'13490570'}),frozenset({'16164271'}),0.011722087420115513,0.01431940125081166,0.007723591128122757,0.6588921282798833,46.01394407063882,1.0,0.007555737854857031,2.889644832230526,0.9898708095579383,0.4216417910447761,0.6539367091601714,0.5991358016101087,1,1,2
frozenset({'3217221'}),frozenset({'13490570'}),0.028809678411537542,0.011722087420115513,0.007450189672260005,0.2586002372479241,22.060937440558327,1.0,0.007112480103374548,1.3329892484877484,0.9829906552314369,0.22520661157024793,0.24980640231383588,0.4470843751837288,1,1,2
frozenset({'13490570'}),frozenset({'3217221'}),0.011722087420115513,0.028809678411537542,0.007450189672260005,0.6355685131195336,22.06093744055833,1.0,0.007112480103374548,2.664946242438741,0.9659944823420352,0.22520661157024793,0.6247579091558403,0.4470843751837288,1,1,2
frozenset({'6120349'}),frozenset({'13490570'}),0.015105430436417074,0.011722087420115513,0.007040087488465876,0.4660633484162896,39.75941585425379,1.0,0.006863020312371721,1.8509272769504617,0.98980008132445,0.3557858376511226,0.45973025928518746,0.5333232193976492,1,1,2
frozenset({'13490570'}),frozenset({'6120349'}),0.011722087420115513,0.015105430436417074,0.007040087488465876,0.6005830903790087,39.75941585425379,1.0,0.006863020312371721,2.465830929637291,0.98641152720414,0.3557858376511226,0.5944571916992322,0.5333232193976492,1,1,2
frozenset({'7202841'}),frozenset({'13490570'}),0.011892963330029732,0.011722087420115513,0.007108437852431564,0.5977011494252874,50.989310009718174,1.0,0.006969027496592728,2.4565765255557133,0.9921881027698481,0.43064182194616984,0.5929294326486387,0.6020575717971918,1,1,2
frozenset({'13490570'}),frozenset({'7202841'}),0.011722087420115513,0.011892963330029732,0.007108437852431564,0.6064139941690961,50.98931000971817,1.0,0.006969027496592728,2.510523804279998,0.9920165507775301,0.43064182194616984,0.6016767503677212,0.6020575717971918,1,1,2
"frozenset({'3217221', '16164271'})",frozenset({'13490570'}),0.007621065582174225,0.011722087420115513,0.005673080209152114,0.7443946188340806,63.50358875132371,1.0,0.005583745412163434,3.866420605356389,0.9918115190979497,0.41499999999999987,0.741362851570096,0.61417981670567,2,1,3
"frozenset({'3217221', '13490570'})",frozenset({'16164271'}),0.007450189672260005,0.01431940125081166,0.005673080209152114,0.7614678899082569,53.17735543342602,1.0,0.005566397953840369,4.132276356294674,0.988559962398919,0.3524416135881104,0.7580026325014043,0.5788246370782335,2,1,3
"frozenset({'16164271', '13490570'})",frozenset({'3217221'}),0.007723591128122757,0.028809678411537542,0.005673080209152114,0.7345132743362832,25.495365267323823,1.0,0.005450566032568693,3.658150211316542,0.9682555951375676,0.18383167220376523,0.7266377971832635,0.4657145256616173,2,1,3
frozenset({'3217221'}),"frozenset({'16164271', '13490570'})",0.028809678411537542,0.007723591128122757,0.005673080209152114,0.19691577698695137,25.495365267323823,1.0,0.005450566032568693,1.2355819980487335,0.989277964839865,0.18383167220376523,0.19066480283847714,0.4657145256616173,1,2,3
frozenset({'16164271'}),"frozenset({'3217221', '13490570'})",0.01431940125081166,0.007450189672260005,0.005673080209152114,0.39618138424821003,53.17735543342602,1.0,0.005566397953840369,1.643788025799696,0.9954492402729287,0.3524416135881104,0.3916490543155622,0.5788246370782335,1,2,3
frozenset({'13490570'}),"frozenset({'3217221', '16164271'})",0.011722087420115513,0.007621065582174225,0.005673080209152114,0.48396501457725943,63.50358875132371,1.0,0.005583745412163434,1.9230846017249388,0.995927204217659,0.41499999999999987,0.4800020762981331,0.61417981670567,1,2,3
"frozenset({'6120349', '3217221'})",frozenset({'13490570'}),0.01120945969037285,0.011722087420115513,0.005878131301049178,0.524390243902439,44.735227191922064,1.0,0.005746733034626366,2.0779176623474496,0.9887293739586005,0.34468937875751493,0.5187489773438436,0.5129239849249805,2,1,3
"frozenset({'6120349', '13490570'})",frozenset({'3217221'}),0.007040087488465876,0.028809678411537542,0.005878131301049178,0.8349514563106796,28.981630561218026,1.0,0.005675308644517387,5.884270771977153,0.972340749100543,0.1961231470923603,0.830055407245647,0.5194923355100254,2,1,3
"frozenset({'3217221', '13490570'})",frozenset({'6120349'}),0.007450189672260005,0.015105430436417074,0.005878131301049178,0.7889908256880733,52.232263688820616,1.0,0.0057655929792167415,4.667543829670891,0.988217150352044,0.35245901639344257,0.7857545560379858,0.589065548590643,2,1,3
frozenset({'6120349'}),"frozenset({'3217221', '13490570'})",0.015105430436417074,0.007450189672260005,0.005878131301049178,0.3891402714932127,52.23226368882062,1.0,0.0057655929792167415,1.6248408006105965,0.9958982163737263,0.35245901639344257,0.38455509018224343,0.589065548590643,1,2,3
frozenset({'3217221'}),"frozenset({'6120349', '13490570'})",0.028809678411537542,0.007040087488465876,0.005878131301049178,0.20403321470937127,28.981630561218026,1.0,0.005675308644517387,1.247489130025668,0.9941361272825773,0.1961231470923603,0.198389808831902,0.5194923355100254,1,2,3
frozenset({'13490570'}),"frozenset({'6120349', '3217221'})",0.011722087420115513,0.01120945969037285,0.005878131301049178,0.5014577259475218,44.735227191922064,1.0,0.005746733034626366,1.983363481439778,0.989242235865004,0.34468937875751493,0.4958059834427967,0.5129239849249805,1,2,3
"frozenset({'6120349', '16164271'})",frozenset({'13490570'}),0.006698335668637436,0.011722087420115513,0.005536379481220738,0.826530612244898,70.51053132623312,1.0,0.005457861004943692,5.697131496048747,0.9924655890479618,0.42970822281167115,0.8244730702295442,0.6494169096209913,2,1,3
"frozenset({'6120349', '13490570'})",frozenset({'16164271'}),0.007040087488465876,0.01431940125081166,0.005536379481220738,0.7864077669902914,54.91903978497116,1.0,0.005435569643632576,4.614777348689384,0.9887522812205884,0.34989200863930886,0.7833048217843047,0.5865213059295132,2,1,3
"frozenset({'16164271', '13490570'})",frozenset({'6120349'}),0.007723591128122757,0.015105430436417074,0.005536379481220738,0.7168141592920354,47.45407039602771,1.0,0.005419711312715551,3.477908948771402,0.9865466752557045,0.32015810276679846,0.7124709086034994,0.5416649981980539,2,1,3
frozenset({'6120349'}),"frozenset({'16164271', '13490570'})",0.015105430436417074,0.007723591128122757,0.005536379481220738,0.36651583710407243,47.45407039602771,1.0,0.005419711312715551,1.5663791882906064,0.9939408971875978,0.32015810276679846,0.36158498052358407,0.5416649981980539,1,2,3
frozenset({'16164271'}),"frozenset({'6120349', '13490570'})",0.01431940125081166,0.007040087488465876,0.005536379481220738,0.3866348448687351,54.91903978497116,1.0,0.005435569643632576,1.6188723865460422,0.9960542795528813,0.34989200863930886,0.3822860848633302,0.5865213059295132,1,2,3
frozenset({'13490570'}),"frozenset({'6120349', '16164271'})",0.011722087420115513,0.006698335668637436,0.005536379481220738,0.47230320699708456,70.51053132623312,1.0,0.005457861004943692,1.8823340931804273,0.9975106281789548,0.42970822281167115,0.468744680541603,0.6494169096209913,1,2,3
"frozenset({'7202841', '6120349'})",frozenset({'13490570'}),0.008919722497522299,0.011722087420115513,0.006083182392946243,0.681992337164751,58.18011013929382,1.0,0.005978624626067115,3.107717291365662,0.9916573033707864,0.41784037558685455,0.6782204086651145,0.6004713872412677,2,1,3
"frozenset({'7202841', '13490570'})",frozenset({'6120349'}),0.007108437852431564,0.015105430436417074,0.006083182392946243,0.8557692307692308,56.65308475461191,1.0,0.005975806379454744,6.828602348974178,0.9893816686048783,0.3771186440677967,0.8535571484624194,0.6292420814479638,2,1,3
"frozenset({'6120349', '13490570'})",frozenset({'7202841'}),0.007040087488465876,0.011892963330029732,0.006083182392946243,0.8640776699029127,72.65453074433658,1.0,0.005999454890605717,7.26964462692907,0.9932286500418617,0.473404255319149,0.8624416940140811,0.687785961388238,2,1,3
frozenset({'7202841'}),"frozenset({'6120349', '13490570'})",0.011892963330029732,0.007040087488465876,0.006083182392946243,0.5114942528735632,72.65453074433657,1.0,0.005999454890605717,2.0326473503177285,0.9981066795893299,0.473404255319149,0.5080307462857798,0.687785961388238,1,2,3
frozenset({'6120349'}),"frozenset({'7202841', '13490570'})",0.015105430436417074,0.007108437852431564,0.006083182392946243,0.40271493212669685,56.6530847546119,1.0,0.005975806379454744,1.6623411760197926,0.99741509483249,0.3771186440677967,0.39843877151961166,0.6292420814479638,1,2,3
frozenset({'13490570'}),"frozenset({'7202841', '6120349'})",0.011722087420115513,0.008919722497522299,0.006083182392946243,0.5189504373177842,58.18011013929381,1.0,0.005978624626067115,2.060245667777878,0.9944692509078361,0.41784037558685455,0.5146209912536444,0.6004713872412677,1,2,3
"frozenset({'7202841', '6120349', '3217221'})",frozenset({'13490570'}),0.00707426267044872,0.011722087420115513,0.005126277297426609,0.7246376811594203,61.81814340643089,1.0,0.005043352171970749,3.589009261474317,0.9908329317821988,0.375,0.7213715743967701,0.58097773270799,3,1,4
"frozenset({'7202841', '6120349', '13490570'})",frozenset({'3217221'}),0.006083182392946243,0.028809678411537542,0.005126277297426609,0.8426966292134831,29.250469830860887,1.0,0.0049510227689671,6.173995615812366,0.9717236873775058,0.17221584385763491,0.8380303352598961,0.5103162861369906,3,1,4
"frozenset({'7202841', '3217221', '13490570'})",frozenset({'6120349'}),0.005604729845186425,0.015105430436417074,0.005126277297426609,0.9146341463414634,60.550022072618916,1.0,0.005041615440635234,11.537336386316262,0.9890279639367174,0.32894736842105265,0.913324881366375,0.6270003310892838,3,1,4
"frozenset({'6120349', '3217221', '13490570'})",frozenset({'7202841'}),0.005878131301049178,0.011892963330029732,0.005126277297426609,0.872093023255814,73.32848837209302,1.0,0.005056368897414131,7.7252004685106765,0.9921949877960742,0.4054054054054055,0.8705535210282008,0.6515637530072174,3,1,4
"frozenset({'7202841', '6120349'})","frozenset({'3217221', '13490570'})",0.008919722497522299,0.007450189672260005,0.005126277297426609,0.5747126436781609,77.14067278287462,1.0,0.005059823672996143,2.333833337797659,0.9959199999999999,0.4559270516717326,0.5715203893078079,0.6313930190867869,2,2,4
"frozenset({'7202841', '3217221'})","frozenset({'6120349', '13490570'})",0.008236218857865418,0.007040087488465876,0.005126277297426609,0.6224066390041494,88.4089352616525,1.0,0.0050682935960930835,2.62970702104703,0.9968996094647368,0.5050505050505051,0.6197295014248981,0.6752809894049874,2,2,4
"frozenset({'7202841', '13490570'})","frozenset({'6120349', '3217221'})",0.007108437852431564,0.01120945969037285,0.005126277297426609,0.7211538461538461,64.3343984521576,1.0,0.005046595549858256,3.5460074549034903,0.9915042623251757,0.38860103626943004,0.7179926966546052,0.589235459662289,2,2,4
"frozenset({'6120349', '3217221'})","frozenset({'7202841', '13490570'})",0.01120945969037285,0.007108437852431564,0.005126277297426609,0.4573170731707317,64.3343984521576,1.0,0.005046595549858256,1.8295979347438338,0.9956165393610525,0.38860103626943004,0.4534318272828548,0.589235459662289,2,2,4
"frozenset({'6120349', '13490570'})","frozenset({'7202841', '3217221'})",0.007040087488465876,0.008236218857865418,0.005126277297426609,0.7281553398058253,88.4089352616525,1.0,0.0050682935960930835,3.648273909201424,0.9956987322893363,0.5050505050505051,0.72589777388209,0.6752809894049874,2,2,4
"frozenset({'3217221', '13490570'})","frozenset({'7202841', '6120349'})",0.007450189672260005,0.008919722497522299,0.005126277297426609,0.6880733944954128,77.14067278287462,1.0,0.005059823672996143,3.1772867719932374,0.9944454773955858,0.4559270516717326,0.6852660550458716,0.6313930190867869,2,2,4
frozenset({'7202841'}),"frozenset({'6120349', '3217221', '13490570'})",0.011892963330029732,0.005878131301049178,0.005126277297426609,0.4310344827586207,73.32848837209303,1.0,0.005056368897414131,1.7472444965011866,0.9982347041123371,0.4054054054054055,0.4276702533603768,0.6515637530072174,1,3,4
frozenset({'6120349'}),"frozenset({'7202841', '3217221', '13490570'})",0.015105430436417074,0.005604729845186425,0.005126277297426609,0.3393665158371041,60.55002207261892,1.0,0.005041615440635234,1.5052147582480397,0.9985685369605699,0.32894736842105265,0.33564297418666883,0.6270003310892838,1,3,4
frozenset({'3217221'}),"frozenset({'7202841', '6120349', '13490570'})",0.028809678411537542,0.006083182392946243,0.005126277297426609,0.17793594306049823,29.25046983086089,1.0,0.0049510227689671,1.2090503279116107,0.9944626645084104,0.17221584385763491,0.17290457070774123,0.5103162861369906,1,3,4
frozenset({'13490570'}),"frozenset({'7202841', '6120349', '3217221'})",0.011722087420115513,0.00707426267044872,0.005126277297426609,0.43731778425655976,61.81814340643089,1.0,0.005043352171970749,1.7646296782592543,0.9954927726675428,0.375,0.4333088622954222,0.58097773270799,1,3,4
"frozenset({'7202841', '3217221'})",frozenset({'13490570'}),0.008236218857865418,0.011722087420115513,0.005604729845186425,0.6804979253112033,58.05262330184,1.0,0.005508184167723323,3.0931815185941844,0.9909358138205779,0.3904761904761904,0.6767082714064293,0.5793160180491876,2,1,3
"frozenset({'7202841', '13490570'})",frozenset({'3217221'}),0.007108437852431564,0.028809678411537542,0.005604729845186425,0.7884615384615384,27.36793959302856,1.0,0.005399938036649472,4.591081520236367,0.9703586296868717,0.18489289740698983,0.7821863986530747,0.49150241810384154,2,1,3
"frozenset({'3217221', '13490570'})",frozenset({'7202841'}),0.007450189672260005,0.011892963330029732,0.005604729845186425,0.7522935779816513,63.25535168195718,1.0,0.005516125012612471,3.9890247035935826,0.9915785089056344,0.4079601990049751,0.7493121566534465,0.6117789728988716,2,1,3
frozenset({'7202841'}),"frozenset({'3217221', '13490570'})",0.011892963330029732,0.007450189672260005,0.005604729845186425,0.47126436781609193,63.25535168195718,1.0,0.005516125012612471,1.8772137717068127,0.9960368911612889,0.4079601990049751,0.46729561913943685,0.6117789728988716,1,2,3
frozenset({'3217221'}),"frozenset({'7202841', '13490570'})",0.028809678411537542,0.007108437852431564,0.005604729845186425,0.1945432977461447,27.36793959302856,1.0,0.005399938036649472,1.2327063135351992,0.9920412860965827,0.18489289740698983,0.18877676781571404,0.49150241810384154,1,2,3
frozenset({'13490570'}),"frozenset({'7202841', '3217221'})",0.011722087420115513,0.008236218857865418,0.005604729845186425,0.47813411078717194,58.05262330183999,1.0,0.005508184167723323,1.9004188655405145,0.994431057371643,0.3904761904761904,0.47380021418826457,0.5793160180491876,1,2,3
"frozenset({'7202841', '16164271'})",frozenset({'13490570'}),0.006493284576740371,0.011722087420115513,0.005536379481220738,0.8526315789473685,72.73717968390365,1.0,0.0054602646317685,6.706171549649221,0.9926977417145167,0.4366576819407008,0.8508836237491857,0.6624673929722266,2,1,3
"frozenset({'7202841', '13490570'})",frozenset({'16164271'}),0.007108437852431564,0.01431940125081166,0.005536379481220738,0.7788461538461539,54.39097209473105,1.0,0.005434590907345312,4.456990533474591,0.9886422982603525,0.3483870967741936,0.7756333578701999,0.5827404993574445,2,1,3
"frozenset({'16164271', '13490570'})",frozenset({'7202841'}),0.007723591128122757,0.011892963330029732,0.005536379481220738,0.7168141592920354,60.272123893805315,1.0,0.005444523095157831,3.4892529732408324,0.991063148562718,0.3932038834951457,0.7134057038371753,0.591165700335673,2,1,3
frozenset({'7202841'}),"frozenset({'16164271', '13490570'})",0.011892963330029732,0.007723591128122757,0.005536379481220738,0.4655172413793104,60.272123893805315,1.0,0.005444523095157831,1.8565171520828674,0.9952449942419853,0.3932038834951457,0.46135698295161015,0.591165700335673,1,2,3
frozenset({'16164271'}),"frozenset({'7202841', '13490570'})",0.01431940125081166,0.007108437852431564,0.005536379481220738,0.3866348448687351,54.39097209473105,1.0,0.005434590907345312,1.6187609515168528,0.9958749286234666,0.3483870967741936,0.3822435616185612,0.5827404993574445,1,2,3
frozenset({'13490570'}),"frozenset({'7202841', '16164271'})",0.011722087420115513,0.006493284576740371,0.005536379481220738,0.47230320699708456,72.73717968390363,1.0,0.0054602646317685,1.882722670663967,0.9979499290885511,0.4366576819407008,0.46885432699052976,0.6624673929722266,1,2,3
frozenset({'21326'}),frozenset({'167010'}),0.023307474112299647,0.012439766241755237,0.008475445131745326,0.36363636363636365,29.231768231768232,1.0,0.008185505602102556,1.5518803673343846,0.9888379579411455,0.31077694235588976,0.35562043244501634,0.5224775224775224,1,1,2
frozenset({'167010'}),frozenset({'21326'}),0.012439766241755237,0.023307474112299647,0.008475445131745326,0.6813186813186813,29.231768231768235,1.0,0.008185505602102556,3.0647937881303706,0.9779561892237949,0.31077694235588976,0.673713773542319,0.5224775224775224,1,1,2
frozenset({'21329'}),frozenset({'167010'}),0.009227299135367895,0.012439766241755237,0.007005912306483032,0.7592592592592593,61.034849409849414,1.0,0.006891126862196305,4.1021732786880944,0.9927765639630802,0.477855477855478,0.7562267773535379,0.6612230362230362,1,1,2
frozenset({'167010'}),frozenset({'21329'}),0.012439766241755237,0.009227299135367895,0.007005912306483032,0.5631868131868132,61.034849409849414,1.0,0.006891126862196305,2.2681840447467048,0.996005999441245,0.477855477855478,0.5591186692649216,0.6612230362230362,1,1,2
frozenset({'21326'}),frozenset({'21329'}),0.023307474112299647,0.009227299135367895,0.006459109394757527,0.2771260997067449,30.03328445747801,1.0,0.0062440443590334955,1.370602397544988,0.9897727102317886,0.24770642201834864,0.27039380509534205,0.4885630498533725,1,1,2
frozenset({'21329'}),frozenset({'21326'}),0.009227299135367895,0.023307474112299647,0.006459109394757527,0.7000000000000001,30.03328445747801,1.0,0.0062440443590334955,3.255641752959002,0.9757067464286947,0.24770642201834864,0.6928408971622521,0.4885630498533725,1,1,2
"frozenset({'21326', '21329'})",frozenset({'167010'}),0.006459109394757527,0.012439766241755237,0.005604729845186425,0.8677248677248677,69.75411361125647,1.0,0.0055243800341857165,7.465955367212327,0.9920718283957743,0.4215938303341902,0.8660586688755703,0.6591371591371591,2,1,3
"frozenset({'21326', '167010'})",frozenset({'21329'}),0.008475445131745326,0.009227299135367895,0.005604729845186425,0.6612903225806451,71.66672640382318,1.0,0.005526524377650413,2.9251384501717705,0.9944751427661107,0.46327683615819215,0.6581358397099878,0.6343488649940263,2,1,3
"frozenset({'21329', '167010'})",frozenset({'21326'}),0.007005912306483032,0.023307474112299647,0.005604729845186425,0.7999999999999999,34.323753665689146,1.0,0.005441439725470031,4.8834626294385,0.9777154460352423,0.22683264177040108,0.7952272647748346,0.5202346041055719,2,1,3
frozenset({'21326'}),"frozenset({'21329', '167010'})",0.023307474112299647,0.007005912306483032,0.005604729845186425,0.2404692082111437,34.32375366568915,1.0,0.005441439725470031,1.3073783162296884,0.9940340809685433,0.22683264177040108,0.23511045916389992,0.5202346041055719,1,2,3
frozenset({'21329'}),"frozenset({'21326', '167010'})",0.009227299135367895,0.008475445131745326,0.005604729845186425,0.6074074074074074,71.66672640382318,1.0,0.005526524377650413,2.5255814133436676,0.9952298063907133,0.46327683615819215,0.6040515681986747,0.6343488649940263,1,2,3
frozenset({'167010'}),"frozenset({'21326', '21329'})",0.012439766241755237,0.006459109394757527,0.005604729845186425,0.45054945054945056,69.75411361125647,1.0,0.0055243800341857165,1.8082444209015411,0.9980798074236755,0.4215938303341902,0.44697741718930495,0.6591371591371591,1,2,3
frozenset({'21325'}),frozenset({'21329'}),0.007621065582174225,0.009227299135367895,0.00563890502716927,0.7399103139013453,80.1870951669158,1.0,0.005568583175312292,3.8093502119450515,0.9951129867446419,0.5030487804878049,0.737488037496715,0.6755107125062283,1,1,2
frozenset({'21329'}),frozenset({'21325'}),0.009227299135367895,0.007621065582174225,0.00563890502716927,0.6111111111111112,80.1870951669158,1.0,0.005568583175312292,2.551831545645838,0.9967262567379845,0.5030487804878049,0.6081246030106144,0.6755107125062283,1,1,2
frozenset({'21325'}),frozenset({'167010'}),0.007621065582174225,0.012439766241755237,0.0054680291172550495,0.7174887892376681,57.67703148869068,1.0,0.0053732248428997155,3.495649716318866,0.9902085198705144,0.3747072599531616,0.7139301471392673,0.5785246143990539,1,1,2
frozenset({'167010'}),frozenset({'21325'}),0.012439766241755237,0.007621065582174225,0.0054680291172550495,0.4395604395604396,57.67703148869069,1.0,0.0053732248428997155,1.7707153535690616,0.9950401425753539,0.3747072599531616,0.4352564922507757,0.5785246143990539,1,1,2
frozenset({'21325'}),frozenset({'21326'}),0.007621065582174225,0.023307474112299647,0.005194627661392297,0.6816143497757847,29.24445379587865,1.0,0.005016999872627634,3.0676399052529177,0.9732224743620882,0.20185922974767598,0.6740164977357234,0.45224412503451994,1,1,2
frozenset({'21326'}),frozenset({'21325'}),0.023307474112299647,0.007621065582174225,0.005194627661392297,0.22287390029325516,29.24445379587865,1.0,0.005016999872627634,1.276985723156523,0.988853151283331,0.20185922974767598,0.2169058887141311,0.45224412503451994,1,1,2
frozenset({'30069'}),frozenset({'138398'}),0.00909059840743652,0.02600731348894433,0.006664160486654591,0.7330827067669172,28.187559898432017,1.0,0.0064277384440702915,3.6490430227033905,0.9733718899368149,0.23437499999999994,0.7259555467616409,0.4946622469445624,1,1,2
frozenset({'138398'}),frozenset({'30069'}),0.02600731348894433,0.00909059840743652,0.006664160486654591,0.2562417871222076,28.187559898432013,1.0,0.0064277384440702915,1.3323004498444182,0.9902778227620332,0.23437499999999994,0.2494185526119302,0.4946622469445624,1,1,2
frozenset({'138396'}),frozenset({'30069'}),0.01120945969037285,0.00909059840743652,0.006185707938894775,0.551829268292683,60.70329405831652,1.0,0.006083807242485247,2.2110087328051757,0.9946762123121947,0.43825665859564167,0.5477177520093877,0.6161401980561159,1,1,2
frozenset({'30069'}),frozenset({'138396'}),0.00909059840743652,0.01120945969037285,0.006185707938894775,0.6804511278195489,60.70329405831652,1.0,0.006083807242485247,3.094332749674833,0.9925492964590008,0.43825665859564167,0.6768285504831099,0.6161401980561159,1,1,2
frozenset({'30069'}),frozenset({'138397'}),0.00909059840743652,0.00926147431735074,0.005707255391134957,0.6278195488721804,67.7882945370807,1.0,0.005623063047455135,2.6619843215311585,0.9942868530915407,0.45135135135135124,0.6243403870144488,0.622027855616902,1,1,2
frozenset({'138397'}),frozenset({'30069'}),0.00926147431735074,0.00909059840743652,0.005707255391134957,0.6162361623616236,67.7882945370807,1.0,0.005623063047455135,2.582081229149853,0.9944583409930743,0.45135135135135124,0.6127155146357465,0.622027855616902,1,1,2
"frozenset({'138396', '30069'})",frozenset({'138398'}),0.006185707938894775,0.02600731348894433,0.005399678753289361,0.8729281767955801,33.564719292004554,1.0,0.005238805107771473,7.664898967760916,0.976245581808368,0.2015306122448979,0.8695351361829989,0.5402748636934537,2,1,3
"frozenset({'138396', '138398'})",frozenset({'30069'}),0.008851372133556612,0.00909059840743652,0.005399678753289361,0.61003861003861,67.10654048248033,1.0,0.005319214483868424,2.541044901113603,0.9938956632410336,0.43051771117166204,0.6064611059955085,0.6020117862223124,2,1,3
"frozenset({'30069', '138398'})",frozenset({'138396'}),0.006664160486654591,0.01120945969037285,0.005399678753289361,0.8102564102564103,72.2832707942464,1.0,0.005324977114944031,5.211193388118305,0.9927815961404294,0.4328767123287672,0.8081053751948578,0.6459818636647905,2,1,3
frozenset({'138396'}),"frozenset({'30069', '138398'})",0.01120945969037285,0.006664160486654591,0.005399678753289361,0.48170731707317077,72.2832707942464,1.0,0.005324977114944031,1.9165538550610428,0.9973452415379574,0.4328767123287672,0.4782301591164264,0.6459818636647905,1,2,3
frozenset({'30069'}),"frozenset({'138396', '138398'})",0.00909059840743652,0.008851372133556612,0.005399678753289361,0.593984962406015,67.10654048248031,1.0,0.005319214483868424,2.4411623612266102,0.9941356104609917,0.43051771117166204,0.5903590781657266,0.6020117862223124,1,2,3
frozenset({'138398'}),"frozenset({'138396', '30069'})",0.02600731348894433,0.006185707938894775,0.005399678753289361,0.2076215505913272,33.56471929200456,1.0,0.005238805107771473,1.254216710213103,0.9961130357539418,0.2015306122448979,0.20268962145298572,0.5402748636934537,1,2,3
frozenset({'21326'}),frozenset({'15704307'}),0.023307474112299647,0.09107685998427942,0.006971737124500188,0.2991202346041056,3.2842616077863913,1.0,0.004848965568187057,1.2968317604408397,0.7121151620310814,0.06490614062997137,0.22888995280308067,0.18783403850280325,1,1,2
frozenset({'15704307'}),frozenset({'21326'}),0.09107685998427942,0.023307474112299647,0.006971737124500188,0.07654784240150093,3.2842616077863913,1.0,0.004848965568187057,1.0576536292119958,0.7652105284887305,0.06490614062997137,0.05451087919487451,0.18783403850280325,1,1,2
frozenset({'18630542'}),frozenset({'15704307'}),0.018386247906770105,0.09107685998427942,0.005399678753289361,0.2936802973977695,3.224532526137386,1.0,0.00372511702704821,1.286843814022257,0.7027993708565932,0.05188834154351396,0.22290491736186396,0.17648367590338757,1,1,2
frozenset({'15704307'}),frozenset({'18630542'}),0.09107685998427942,0.018386247906770105,0.005399678753289361,0.05928705440900563,3.2245325261373856,1.0,0.00372511702704821,1.043478519875731,0.759005351523309,0.05188834154351396,0.04166690453858976,0.17648367590338757,1,1,2
frozenset({'6839093'}),frozenset({'7870457'}),0.018317897542804416,0.0069033867605345,0.005502204299237893,0.3003731343283582,43.51098160189153,1.0,0.0053757487678600694,1.4194660925236093,0.9952481498899934,0.2790294627383015,0.295509765772466,0.5487014186493275,1,1,2
frozenset({'7870457'}),frozenset({'6839093'}),0.0069033867605345,0.018317897542804416,0.005502204299237893,0.797029702970297,43.51098160189153,1.0,0.0053757487678600694,4.836580114545206,0.9838089096524334,0.2790294627383015,0.7932423372885591,0.5487014186493275,1,1,2
frozenset({'27248586'}),frozenset({'25761329'}),0.007313488944328628,0.01018420423088753,0.005228802843375141,0.7149532710280374,70.20217336762215,1.0,0.00515432077832576,3.4724685294195097,0.9930178518430013,0.426183844011142,0.7120204282550634,0.6141880449099919,1,1,2
frozenset({'25761329'}),frozenset({'27248586'}),0.01018420423088753,0.007313488944328628,0.005228802843375141,0.5134228187919463,70.20217336762215,1.0,0.00515432077832576,2.0401419330661383,0.995897853899239,0.426183844011142,0.5098380246039571,0.6141880449099919,1,1,2
frozenset({'24666002'}),frozenset({'25853351'}),0.0166774888076279,0.010970233416492944,0.007040087488465876,0.42213114754098363,38.479686941422806,1.0,0.0068571315434452496,1.7115125038750054,0.9905318463675661,0.3416252072968491,0.41572147574971396,0.531937847913794,1,1,2
frozenset({'25853351'}),frozenset({'24666002'}),0.010970233416492944,0.0166774888076279,0.007040087488465876,0.6417445482866043,38.479686941422806,1.0,0.0068571315434452496,2.7447524008065343,0.9848159231352448,0.3416252072968491,0.6356684123106499,0.531937847913794,1,1,2
frozenset({'23093359'}),frozenset({'25853351'}),0.03236389733775332,0.010970233416492944,0.006390759030791839,0.19746568109820486,18.0001348741887,1.0,0.006035719522729271,1.232383143361291,0.9760330956247341,0.17298797409805736,0.1885640392057558,0.3900100991160806,1,1,2
frozenset({'25853351'}),frozenset({'23093359'}),0.010970233416492944,0.03236389733775332,0.006390759030791839,0.5825545171339563,18.0001348741887,1.0,0.006035719522729271,2.3179939474222473,0.95492056218102,0.17298797409805736,0.5685924887284275,0.3900100991160806,1,1,2
"frozenset({'24666002', '23093359'})",frozenset({'25853351'}),0.010970233416492944,0.010970233416492944,0.005194627661392297,0.4735202492211838,43.164099727293014,1.0,0.0050742816401799585,1.8785713317947088,0.9876675426472192,0.310204081632653,0.46768058094198545,0.4735202492211838,2,1,3
"frozenset({'24666002', '25853351'})",frozenset({'23093359'}),0.007040087488465876,0.03236389733775332,0.005194627661392297,0.7378640776699029,22.798987092607213,1.0,0.004966782992666786,3.6913525397856075,0.9629174252099014,0.15184815184815187,0.7290965874372759,0.449185470725131,2,1,3
"frozenset({'23093359', '25853351'})",frozenset({'24666002'}),0.006390759030791839,0.0166774888076279,0.005194627661392297,0.8128342245989305,48.73840624178137,1.0,0.005088045849184019,5.253751702656389,0.9857821964279896,0.29063097514340347,0.8096598285194212,0.562154817217498,2,1,3
frozenset({'24666002'}),"frozenset({'23093359', '25853351'})",0.0166774888076279,0.006390759030791839,0.005194627661392297,0.3114754098360656,48.73840624178136,1.0,0.005088045849184019,1.4430991356933738,0.9960946574548142,0.29063097514340347,0.307046913641505,0.562154817217498,1,2,3
frozenset({'23093359'}),"frozenset({'24666002', '25853351'})",0.03236389733775332,0.007040087488465876,0.005194627661392297,0.16050686378035905,22.798987092607216,1.0,0.004966782992666786,1.1828088517590225,0.9881177435005187,0.15184815184815187,0.1545548559998997,0.449185470725131,1,2,3
frozenset({'25853351'}),"frozenset({'24666002', '23093359'})",0.010970233416492944,0.010970233416492944,0.005194627661392297,0.4735202492211838,43.164099727293014,1.0,0.0050742816401799585,1.8785713317947088,0.9876675426472192,0.310204081632653,0.46768058094198545,0.4735202492211838,1,2,3
frozenset({'25761329'}),frozenset({'24886016'}),0.01018420423088753,0.016814189535559278,0.00673251085062028,0.6610738255033557,39.31642521962132,1.0,0.006561271710413292,2.9008848665188447,0.984592630085891,0.33220910623946037,0.6552775976938264,0.5307401647841982,1,1,2
frozenset({'24886016'}),frozenset({'25761329'}),0.016814189535559278,0.01018420423088753,0.00673251085062028,0.40040650406504064,39.31642521962132,1.0,0.006561271710413292,1.6508114288759435,0.9912321020952297,0.33220910623946037,0.39423729294089543,0.5307401647841982,1,1,2
frozenset({'25761329'}),frozenset({'22554204'}),0.01018420423088753,0.039028057824407915,0.006664160486654591,0.6543624161073825,16.76646117138189,1.0,0.006266690775035933,2.7802877550322957,0.9500324463484358,0.1566265060240964,0.6403249993854021,0.41255774045299076,1,1,2
frozenset({'22554204'}),frozenset({'25761329'}),0.039028057824407915,0.01018420423088753,0.006664160486654591,0.17075306479859895,16.76646117138189,1.0,0.006266690775035933,1.193632142310799,0.9785479477787169,0.1566265060240964,0.16222095187210592,0.41255774045299076,1,1,2
"frozenset({'25761329', '24886016'})",frozenset({'22554204'}),0.00673251085062028,0.039028057824407915,0.005433853935272205,0.8071065989847716,20.68016304106252,1.0,0.005171097112490743,4.9818808581208325,0.9580948658956076,0.1347457627118644,0.7992725983460792,0.4731680105256607,2,1,3
"frozenset({'25761329', '22554204'})",frozenset({'24886016'}),0.006664160486654591,0.016814189535559278,0.005433853935272205,0.8153846153846154,48.493839899937456,1.0,0.00532180147775421,5.3255898066823875,0.9859493488469314,0.30113636363636365,0.8122273708077872,0.5692776735459661,2,1,3
"frozenset({'24886016', '22554204'})",frozenset({'25761329'}),0.011961313693995421,0.01018420423088753,0.005433853935272205,0.45428571428571424,44.606893576222426,1.0,0.005312037473742844,1.813798578634499,0.989416663457947,0.3251533742331288,0.44867086578442444,0.49392138063279,2,1,3
frozenset({'25761329'}),"frozenset({'24886016', '22554204'})",0.01018420423088753,0.011961313693995421,0.005433853935272205,0.5335570469798657,44.606893576222426,1.0,0.005312037473742844,2.1182412123682686,0.987640270594645,0.3251533742331288,0.5279102331872938,0.49392138063279,1,2,3
frozenset({'24886016'}),"frozenset({'25761329', '22554204'})",0.016814189535559278,0.006664160486654591,0.005433853935272205,0.323170731707317,48.493839899937456,1.0,0.00532180147775421,1.4676313304521498,0.996127907594456,0.30113636363636365,0.31862997249321556,0.5692776735459661,1,2,3
frozenset({'22554204'}),"frozenset({'25761329', '24886016'})",0.039028057824407915,0.00673251085062028,0.005433853935272205,0.1392294220665499,20.68016304106252,1.0,0.005171097112490743,1.153928252908028,0.9902937224791044,0.1347457627118644,0.13339499446357406,0.4731680105256607,1,2,3
frozenset({'23012877'}),frozenset({'28762820'}),0.017155941355387717,0.009227299135367895,0.006083182392946243,0.3545816733067729,38.42746052825734,1.0,0.0059248793901112515,1.5350860982532264,0.9909781051442226,0.29966329966329974,0.34857074066536103,0.5069204662830161,1,1,2
frozenset({'28762820'}),frozenset({'23012877'}),0.009227299135367895,0.017155941355387717,0.006083182392946243,0.6592592592592593,38.42746052825735,1.0,0.0059248793901112515,2.8844336503700583,0.9830478191798385,0.29966329966329974,0.6533114915395246,0.5069204662830161,1,1,2
frozenset({'20299683'}),frozenset({'28762820'}),0.034482758620689655,0.009227299135367895,0.005946481665014866,0.17244796828543113,18.68888888888889,1.0,0.005628298936209077,1.1972331199669628,0.9802955665024631,0.1574660633484163,0.16474078162188266,0.4084462063649378,1,1,2
frozenset({'28762820'}),frozenset({'20299683'}),0.009227299135367895,0.034482758620689655,0.005946481665014866,0.6444444444444445,18.68888888888889,1.0,0.005628298936209077,2.715517241379311,0.9553071761866644,0.1574660633484163,0.6317460317460318,0.4084462063649378,1,1,2
"frozenset({'20299683', '23012877'})",frozenset({'28762820'}),0.012849868425549365,0.009227299135367895,0.0050579269334609205,0.39361702127659576,42.657880220646184,1.0,0.0049393573536482575,1.6339058575662353,0.989269657401906,0.29718875502008035,0.3879696340096743,0.470882584712372,2,1,3
"frozenset({'28762820', '23012877'})",frozenset({'20299683'}),0.006083182392946243,0.034482758620689655,0.0050579269334609205,0.8314606741573033,24.112359550561795,1.0,0.004848162023359326,5.728735632183906,0.9643940780859257,0.14244465832531278,0.8254414125200641,0.489070277613835,2,1,3
"frozenset({'20299683', '28762820'})",frozenset({'23012877'}),0.005946481665014866,0.017155941355387717,0.0050579269334609205,0.8505747126436781,49.57901726427623,1.0,0.004955909442745037,6.57749485400625,0.9856915739268681,0.2803030303030303,0.8479664336961182,0.5726977148875761,2,1,3
frozenset({'23012877'}),"frozenset({'20299683', '28762820'})",0.017155941355387717,0.005946481665014866,0.0050579269334609205,0.2948207171314741,49.57901726427623,1.0,0.004955909442745037,1.409646514701024,0.996933509885977,0.2803030303030303,0.29060229669557064,0.5726977148875761,1,2,3
frozenset({'20299683'}),"frozenset({'28762820', '23012877'})",0.034482758620689655,0.006083182392946243,0.0050579269334609205,0.1466798810703667,24.112359550561795,1.0,0.004848162023359326,1.1647643077415994,0.9927606177606177,0.14244465832531278,0.14145720867860948,0.489070277613835,1,2,3
frozenset({'28762820'}),"frozenset({'20299683', '23012877'})",0.009227299135367895,0.012849868425549365,0.0050579269334609205,0.5481481481481482,42.657880220646184,1.0,0.0049393573536482575,2.184676520697555,0.9856525837002537,0.29718875502008035,0.5422663307240078,0.470882584712372,1,2,3
frozenset({'138395'}),frozenset({'30065'}),0.00673251085062028,0.008646321041659548,0.005126277297426609,0.7614213197969543,88.06304046869042,1.0,0.0050680658471956895,4.1552483990381495,0.9953456739150381,0.4999999999999999,0.7593405005025744,0.6771533476455127,1,1,2
frozenset({'30065'}),frozenset({'138395'}),0.008646321041659548,0.00673251085062028,0.005126277297426609,0.592885375494071,88.06304046869042,1.0,0.0050680658471956895,2.43977354130867,0.9972671906600478,0.4999999999999999,0.5901258936255165,0.6771533476455127,1,1,2
frozenset({'25855506'}),frozenset({'30754980'}),0.033149926523358735,0.012781518061583678,0.008236218857865418,0.24845360824742269,19.43850543028833,1.0,0.007812512473266937,1.3135828909194291,0.9810783923042841,0.2184950135992747,0.2387233368272176,0.44641931749269526,1,1,2
frozenset({'30754980'}),frozenset({'25855506'}),0.012781518061583678,0.033149926523358735,0.008236218857865418,0.6443850267379678,19.438505430288327,1.0,0.007812512473266937,2.718811484814013,0.9608366668979298,0.2184950135992747,0.6321922260570385,0.44641931749269526,1,1,2
frozenset({'25179'}),frozenset({'10138607'}),0.03308157615939305,0.01961655445815249,0.00563890502716927,0.17045454545454547,8.689321349382325,1.0,0.004989958486877017,1.1818320987353779,0.9151922147998915,0.11982570806100218,0.15385611791213633,0.22895549572378843,1,1,2
frozenset({'10138607'}),frozenset({'25179'}),0.01961655445815249,0.03308157615939305,0.00563890502716927,0.2874564459930314,8.689321349382325,1.0,0.004989958486877017,1.35699553859293,0.9026225584178663,0.11982570806100218,0.2630779014668678,0.22895549572378843,1,1,2
frozenset({'7202841'}),frozenset({'6120349'}),0.011892963330029732,0.015105430436417074,0.008919722497522299,0.75,49.651018099547514,1.0,0.008740074167257675,3.9395782782543316,0.9916531202803813,0.49338374291115317,0.7461657240015268,0.6702488687782806,1,1,2
frozenset({'6120349'}),frozenset({'7202841'}),0.015105430436417074,0.011892963330029732,0.008919722497522299,0.5904977375565611,49.651018099547514,1.0,0.008740074167257675,2.41294646523827,0.9948876320020357,0.49338374291115317,0.5855689239664695,0.6702488687782806,1,1,2
frozenset({'7202841'}),frozenset({'3217221'}),0.011892963330029732,0.028809678411537542,0.008236218857865418,0.6925287356321839,24.038058521154603,1.0,0.007893586408967052,3.158637681427896,0.9699347003666601,0.2536842105263158,0.6834078166420343,0.48920624207469215,1,1,2
frozenset({'3217221'}),frozenset({'7202841'}),0.028809678411537542,0.011892963330029732,0.008236218857865418,0.28588374851720044,24.038058521154603,1.0,0.007893586408967052,1.3836781261009716,0.9868295443627716,0.2536842105263158,0.27728856795772844,0.48920624207469215,1,1,2
frozenset({'7202841'}),frozenset({'16164271'}),0.011892963330029732,0.01431940125081166,0.006493284576740371,0.5459770114942528,38.128480509148766,1.0,0.006322984462756486,2.1709927111690983,0.9854933220714777,0.32928942807625655,0.5393812264521646,0.49971881600965623,1,1,2
frozenset({'16164271'}),frozenset({'7202841'}),0.01431940125081166,0.011892963330029732,0.006493284576740371,0.45346062052505964,38.128480509148766,1.0,0.006322984462756486,1.8079338356537882,0.9879192989755436,0.32928942807625655,0.4468824133498347,0.49971881600965623,1,1,2
frozenset({'7202841'}),frozenset({'15704307'}),0.011892963330029732,0.09107685998427942,0.005126277297426609,0.4310344827586207,4.732645403377111,1.0,0.004043103541419322,1.5975012763912668,0.7981945837512538,0.05239259517988124,0.3740224093848699,0.24365983049750922,1,1,2
frozenset({'15704307'}),frozenset({'7202841'}),0.09107685998427942,0.011892963330029732,0.005126277297426609,0.05628517823639775,4.732645403377111,1.0,0.004043103541419322,1.0470398619186763,0.8677319897728982,0.05239259517988124,0.04492652441376663,0.24365983049750922,1,1,2
"frozenset({'7202841', '6120349'})",frozenset({'3217221'}),0.008919722497522299,0.028809678411537542,0.00707426267044872,0.7931034482758621,27.52906287069988,1.0,0.006817288333774946,4.694086554344236,0.9723478260869565,0.2307692307692308,0.7869660074600605,0.5193275248496748,2,1,3
"frozenset({'7202841', '3217221'})",frozenset({'6120349'}),0.008236218857865418,0.015105430436417074,0.00707426267044872,0.8589211618257262,56.86174686919134,1.0,0.006949851039432128,6.9811644489654,0.9905720525907503,0.434873949579832,0.8567574210133098,0.663623476840465,2,1,3
"frozenset({'6120349', '3217221'})",frozenset({'7202841'}),0.01120945969037285,0.011892963330029732,0.00707426267044872,0.6310975609756098,53.06478658536586,1.0,0.00694094897740167,2.678505025022729,0.9922780116180462,0.44136460554371004,0.6266574112581648,0.6129625735912532,2,1,3
frozenset({'7202841'}),"frozenset({'6120349', '3217221'})",0.011892963330029732,0.01120945969037285,0.00707426267044872,0.5948275862068966,53.06478658536586,1.0,0.00694094897740167,2.440419205870569,0.99296440044772,0.44136460554371004,0.5902343344969412,0.6129625735912532,1,2,3
frozenset({'6120349'}),"frozenset({'7202841', '3217221'})",0.015105430436417074,0.008236218857865418,0.00707426267044872,0.4683257918552036,56.86174686919134,1.0,0.006949851039432128,1.865359962829036,0.9974808621459307,0.434873949579832,0.4639104409191976,0.663623476840465,1,2,3
frozenset({'3217221'}),"frozenset({'7202841', '6120349'})",0.028809678411537542,0.008919722497522299,0.00707426267044872,0.24555160142348756,27.529062870699885,1.0,0.006817288333774946,1.3136488583877182,0.9922614876670329,0.2307692307692308,0.23876156583629896,0.5193275248496748,1,2,3
"frozenset({'7202841', '6120349'})",frozenset({'16164271'}),0.008919722497522299,0.01431940125081166,0.0053655035713065175,0.6015325670498085,42.00822063113233,1.0,0.0052377784858186035,2.4736791949378674,0.984980891719745,0.3001912045889102,0.5957438611900855,0.48811711884709996,2,1,3
"frozenset({'7202841', '16164271'})",frozenset({'6120349'}),0.006493284576740371,0.015105430436417074,0.0053655035713065175,0.8263157894736842,54.70322695879972,1.0,0.0052674197128287055,5.670605097487296,0.9881357896667218,0.33052631578947367,0.8236519766747449,0.5907597046915932,2,1,3
"frozenset({'6120349', '16164271'})",frozenset({'7202841'}),0.006698335668637436,0.011892963330029732,0.0053655035713065175,0.8010204081632653,67.35246598639455,1.0,0.005285840510827183,4.965871261213183,0.9917961169835675,0.4056847545219638,0.798625468241459,0.6260849167253109,2,1,3
frozenset({'7202841'}),"frozenset({'6120349', '16164271'})",0.011892963330029732,0.006698335668637436,0.0053655035713065175,0.45114942528735635,67.35246598639456,1.0,0.005285840510827183,1.8097852313471947,0.9970101386963439,0.4056847545219638,0.4474482481793681,0.6260849167253109,1,2,3
frozenset({'6120349'}),"frozenset({'7202841', '16164271'})",0.015105430436417074,0.006493284576740371,0.0053655035713065175,0.3552036199095023,54.70322695879972,1.0,0.0052674197128287055,1.5408069060248448,0.9967762775044683,0.33052631578947367,0.3509894094517542,0.5907597046915932,1,2,3
frozenset({'16164271'}),"frozenset({'7202841', '6120349'})",0.01431940125081166,0.008919722497522299,0.0053655035713065175,0.3747016706443914,42.008220631132325,1.0,0.0052377784858186035,1.5849718941738098,0.9903767373924349,0.3001912045889102,0.3690739856801909,0.48811711884709996,1,2,3
"frozenset({'7202841', '3217221'})",frozenset({'16164271'}),0.008236218857865418,0.01431940125081166,0.005126277297426609,0.6224066390041494,43.46596817160004,1.0,0.005008339574811332,2.6104288384456527,0.9851070526073971,0.29411764705882354,0.6169211796650862,0.4902009328672298,2,1,3
"frozenset({'7202841', '16164271'})",frozenset({'3217221'}),0.006493284576740371,0.028809678411537542,0.005126277297426609,0.7894736842105263,27.403071736280204,1.0,0.004939207856936122,4.613154027545197,0.9698049602696845,0.16987542468856173,0.7832285689944476,0.48370481363551227,2,1,3
"frozenset({'3217221', '16164271'})",frozenset({'7202841'}),0.007621065582174225,0.011892963330029732,0.005126277297426609,0.6726457399103138,56.558295964125556,1.0,0.005035640243922059,3.0184639613342923,0.9898629382188855,0.35629453681710216,0.6687056685752324,0.5518401113344673,2,1,3
frozenset({'7202841'}),"frozenset({'3217221', '16164271'})",0.011892963330029732,0.007621065582174225,0.005126277297426609,0.4310344827586207,56.55829596412556,1.0,0.005035640243922059,1.7441811574616335,0.9941424272818454,0.35629453681710216,0.4266650595771059,0.5518401113344673,1,2,3
frozenset({'3217221'}),"frozenset({'7202841', '16164271'})",0.028809678411537542,0.006493284576740371,0.005126277297426609,0.17793594306049823,27.403071736280204,1.0,0.004939207856936122,1.2085514590213677,0.9920895207263004,0.16987542468856173,0.17256316019033535,0.48370481363551227,1,2,3
frozenset({'16164271'}),"frozenset({'7202841', '3217221'})",0.01431940125081166,0.008236218857865418,0.005126277297426609,0.35799522673031026,43.46596817160004,1.0,0.005008339574811332,1.5447919118905367,0.9911866953285716,0.29411764705882354,0.35266362265181284,0.4902009328672298,1,2,3
frozenset({'23331563'}),frozenset({'21823465'}),0.0072793137623457845,0.013909299067017532,0.005946481665014866,0.8169014084507042,58.73059487143994,1.0,0.005845231512891742,5.385572289710905,0.9901809371409036,0.390134529147982,0.8143187118831378,0.6222099179845659,1,1,2
frozenset({'21823465'}),frozenset({'23331563'}),0.013909299067017532,0.0072793137623457845,0.005946481665014866,0.4275184275184275,58.73059487143994,1.0,0.005845231512891742,1.7340657480631985,0.9968384231672894,0.390134529147982,0.423320597205202,0.6222099179845659,1,1,2
frozenset({'25624966'}),frozenset({'21823465'}),0.007108437852431564,0.013909299067017532,0.005126277297426609,0.7211538461538461,51.84688622188622,1.0,0.00502740390943783,3.536325272311385,0.9877336821211808,0.32258064516129037,0.7172205826681809,0.5448521073521073,1,1,2
frozenset({'21823465'}),frozenset({'25624966'}),0.013909299067017532,0.007108437852431564,0.005126277297426609,0.36855036855036855,51.84688622188622,1.0,0.00502740390943783,1.572400256008017,0.9945458746332109,0.32258064516129037,0.3640296125753738,0.5448521073521073,1,1,2
frozenset({'17277800'}),frozenset({'16002136'}),0.008646321041659548,0.0166774888076279,0.006083182392946243,0.7035573122529644,42.18604613490572,1.0,0.005938983470546808,3.317074604422268,0.9848104668530029,0.31616341030195383,0.6985295420649217,0.5341557053068101,1,1,2
frozenset({'16002136'}),frozenset({'17277800'}),0.0166774888076279,0.008646321041659548,0.006083182392946243,0.3647540983606558,42.18604613490572,1.0,0.005938983470546808,1.560582565586033,0.9928537873169955,0.31616341030195383,0.3592136538931036,0.5341557053068101,1,1,2
frozenset({'29436571'}),frozenset({'17346698'}),0.012610642151669458,0.023785926660059464,0.008543795495711016,0.6775067750677507,28.483514001806686,1.0,0.00824383968635515,3.0270839753146057,0.9772152845078221,0.3067484662576687,0.6696490721252392,0.5183510886833007,1,1,2
frozenset({'17346698'}),frozenset({'29436571'}),0.023785926660059464,0.012610642151669458,0.008543795495711016,0.3591954022988506,28.483514001806686,1.0,0.00824383968635515,1.5408587288395474,0.9884020304568527,0.3067484662576687,0.35101123725137295,0.5183510886833007,1,1,2
frozenset({'22487952'}),frozenset({'29436571'}),0.013567547247189091,0.012610642151669458,0.008031167765968353,0.5919395465994962,46.939683124790946,1.0,0.007860072282758184,2.41971342633202,0.9921572038496014,0.4425612052730697,0.58672792029101,0.6143979575815909,1,1,2
frozenset({'29436571'}),frozenset({'22487952'}),0.012610642151669458,0.013567547247189091,0.008031167765968353,0.6368563685636855,46.93968312479094,1.0,0.007860072282758184,2.716369963177516,0.9911956781086424,0.4425612052730697,0.6318616338879574,0.6143979575815909,1,1,2
"frozenset({'22487952', '29436571'})",frozenset({'17346698'}),0.008031167765968353,0.023785926660059464,0.00707426267044872,0.8808510638297873,37.03244680851064,1.0,0.006883233902972763,8.19322525838879,0.9808742187164531,0.2859116022099448,0.8779479425423913,0.5891324284666177,2,1,3
"frozenset({'17346698', '29436571'})",frozenset({'22487952'}),0.008543795495711016,0.013567547247189091,0.00707426267044872,0.828,61.027979848866494,1.0,0.00695834432139034,5.735072399725643,0.9920902899233458,0.4704545454545454,0.8256342849223947,0.6747052896725441,2,1,3
"frozenset({'22487952', '17346698'})",frozenset({'29436571'}),0.010799357506578722,0.012610642151669458,0.00707426267044872,0.6550632911392406,51.94527631985181,1.0,0.006938075837465311,2.862523275963968,0.9914560598436315,0.43305439330543943,0.6506578624541506,0.608019450447669,2,1,3
frozenset({'29436571'}),"frozenset({'22487952', '17346698'})",0.012610642151669458,0.010799357506578722,0.00707426267044872,0.5609756097560975,51.9452763198518,1.0,0.006938075837465311,2.253179241235015,0.9932748045193794,0.43305439330543943,0.5561826677171591,0.608019450447669,1,2,3
frozenset({'22487952'}),"frozenset({'17346698', '29436571'})",0.013567547247189091,0.008543795495711016,0.00707426267044872,0.5214105793450882,61.027979848866494,1.0,0.00695834432139034,2.0716216483589616,0.997142856186467,0.4704545454545454,0.5172863728315682,0.6747052896725441,1,2,3
frozenset({'17346698'}),"frozenset({'22487952', '29436571'})",0.023785926660059464,0.008031167765968353,0.00707426267044872,0.2974137931034483,37.03244680851064,1.0,0.006883233902972763,1.4118820188852474,0.996704185978077,0.2859116022099448,0.29172552194584167,0.5891324284666177,1,2,3
